Copyright 1986-2022 Xilinx, Inc. All Rights Reserved. Copyright 2022-2024 Advanced Micro Devices, Inc. All Rights Reserved.
------------------------------------------------------------------------------------------------------------------------------------------------------------------------------------------------------------------------------------------------------------
| Tool Version : Vivado v.2024.2 (win64) Build 5239630 Fri Nov 08 22:35:27 MST 2024
| Date         : Fri Dec 19 19:30:16 2025
| Host         : DESKTOP-1986M2J running 64-bit major release  (build 9200)
| Command      : report_timing_summary -max_paths 10 -report_unconstrained -file design_random_wrapper_timing_summary_routed.rpt -pb design_random_wrapper_timing_summary_routed.pb -rpx design_random_wrapper_timing_summary_routed.rpx -warn_on_violation
| Design       : design_random_wrapper
| Device       : 7a100t-csg324
| Speed File   : -1  PRODUCTION 1.23 2018-06-13
| Design State : Routed
------------------------------------------------------------------------------------------------------------------------------------------------------------------------------------------------------------------------------------------------------------

Timing Summary Report

------------------------------------------------------------------------------------------------
| Timer Settings
| --------------
------------------------------------------------------------------------------------------------

  Enable Multi Corner Analysis               :  Yes
  Enable Pessimism Removal                   :  Yes
  Pessimism Removal Resolution               :  Nearest Common Node
  Enable Input Delay Default Clock           :  No
  Enable Preset / Clear Arcs                 :  No
  Disable Flight Delays                      :  No
  Ignore I/O Paths                           :  No
  Timing Early Launch at Borrowing Latches   :  No
  Borrow Time for Max Delay Exceptions       :  Yes
  Merge Timing Exceptions                    :  Yes
  Inter-SLR Compensation                     :  Conservative

  Corner  Analyze    Analyze    
  Name    Max Paths  Min Paths  
  ------  ---------  ---------  
  Slow    Yes        Yes        
  Fast    Yes        Yes        


------------------------------------------------------------------------------------------------
| Report Methodology
| ------------------
------------------------------------------------------------------------------------------------

Rule       Severity  Description                                                       Violations  
---------  --------  ----------------------------------------------------------------  ----------  
CKLD-2     Warning   Clock Net has IO Driver, not a Clock Buf, and/or non-Clock loads  1           
TIMING-18  Warning   Missing input or output delay                                     3           

Note: This report is based on the most recent report_methodology run and may not be up-to-date. Run report_methodology on the current design for the latest report.



check_timing report

Table of Contents
-----------------
1. checking no_clock (0)
2. checking constant_clock (0)
3. checking pulse_width_clock (0)
4. checking unconstrained_internal_endpoints (0)
5. checking no_input_delay (2)
6. checking no_output_delay (1)
7. checking multiple_clock (0)
8. checking generated_clocks (0)
9. checking loops (0)
10. checking partial_input_delay (0)
11. checking partial_output_delay (0)
12. checking latch_loops (0)

1. checking no_clock (0)
------------------------
 There are 0 register/latch pins with no clock.


2. checking constant_clock (0)
------------------------------
 There are 0 register/latch pins with constant_clock.


3. checking pulse_width_clock (0)
---------------------------------
 There are 0 register/latch pins which need pulse_width check


4. checking unconstrained_internal_endpoints (0)
------------------------------------------------
 There are 0 pins that are not constrained for maximum delay.

 There are 0 pins that are not constrained for maximum delay due to constant clock.


5. checking no_input_delay (2)
------------------------------
 There are 2 input ports with no input delay specified. (HIGH)

 There are 0 input ports with no input delay but user has a false path constraint.


6. checking no_output_delay (1)
-------------------------------
 There is 1 port with no output delay specified. (HIGH)

 There are 0 ports with no output delay but user has a false path constraint

 There are 0 ports with no output delay but with a timing clock defined on it or propagating through it


7. checking multiple_clock (0)
------------------------------
 There are 0 register/latch pins with multiple clocks.


8. checking generated_clocks (0)
--------------------------------
 There are 0 generated clocks that are not connected to a clock source.


9. checking loops (0)
---------------------
 There are 0 combinational loops in the design.


10. checking partial_input_delay (0)
------------------------------------
 There are 0 input ports with partial input delay specified.


11. checking partial_output_delay (0)
-------------------------------------
 There are 0 ports with partial output delay specified.


12. checking latch_loops (0)
----------------------------
 There are 0 combinational latch loops in the design through latch input



------------------------------------------------------------------------------------------------
| Design Timing Summary
| ---------------------
------------------------------------------------------------------------------------------------

    WNS(ns)      TNS(ns)  TNS Failing Endpoints  TNS Total Endpoints      WHS(ns)      THS(ns)  THS Failing Endpoints  THS Total Endpoints     WPWS(ns)     TPWS(ns)  TPWS Failing Endpoints  TPWS Total Endpoints  
    -------      -------  ---------------------  -------------------      -------      -------  ---------------------  -------------------     --------     --------  ----------------------  --------------------  
      7.579        0.000                      0                   20        0.466        0.000                      0                   20        4.500        0.000                       0                    20  


All user specified timing constraints are met.


------------------------------------------------------------------------------------------------
| Clock Summary
| -------------
------------------------------------------------------------------------------------------------

Clock        Waveform(ns)       Period(ns)      Frequency(MHz)
-----        ------------       ----------      --------------
sys_clk_pin  {0.000 5.000}      10.000          100.000         


------------------------------------------------------------------------------------------------
| Intra Clock Table
| -----------------
------------------------------------------------------------------------------------------------

Clock             WNS(ns)      TNS(ns)  TNS Failing Endpoints  TNS Total Endpoints      WHS(ns)      THS(ns)  THS Failing Endpoints  THS Total Endpoints     WPWS(ns)     TPWS(ns)  TPWS Failing Endpoints  TPWS Total Endpoints  
-----             -------      -------  ---------------------  -------------------      -------      -------  ---------------------  -------------------     --------     --------  ----------------------  --------------------  
sys_clk_pin         7.579        0.000                      0                   20        0.466        0.000                      0                   20        4.500        0.000                       0                    20  


------------------------------------------------------------------------------------------------
| Inter Clock Table
| -----------------
------------------------------------------------------------------------------------------------

From Clock    To Clock          WNS(ns)      TNS(ns)  TNS Failing Endpoints  TNS Total Endpoints      WHS(ns)      THS(ns)  THS Failing Endpoints  THS Total Endpoints  
----------    --------          -------      -------  ---------------------  -------------------      -------      -------  ---------------------  -------------------  


------------------------------------------------------------------------------------------------
| Other Path Groups Table
| -----------------------
------------------------------------------------------------------------------------------------

Path Group    From Clock    To Clock          WNS(ns)      TNS(ns)  TNS Failing Endpoints  TNS Total Endpoints      WHS(ns)      THS(ns)  THS Failing Endpoints  THS Total Endpoints  
----------    ----------    --------          -------      -------  ---------------------  -------------------      -------      -------  ---------------------  -------------------  


------------------------------------------------------------------------------------------------
| User Ignored Path Table
| -----------------------
------------------------------------------------------------------------------------------------

Path Group    From Clock    To Clock    
----------    ----------    --------    


------------------------------------------------------------------------------------------------
| Unconstrained Path Table
| ------------------------
------------------------------------------------------------------------------------------------

Path Group    From Clock    To Clock    
----------    ----------    --------    
(none)        sys_clk_pin                 
(none)                      sys_clk_pin   


------------------------------------------------------------------------------------------------
| Timing Details
| --------------
------------------------------------------------------------------------------------------------


---------------------------------------------------------------------------------------------------
From Clock:  sys_clk_pin
  To Clock:  sys_clk_pin

Setup :            0  Failing Endpoints,  Worst Slack        7.579ns,  Total Violation        0.000ns
Hold  :            0  Failing Endpoints,  Worst Slack        0.466ns,  Total Violation        0.000ns
PW    :            0  Failing Endpoints,  Worst Slack        4.500ns,  Total Violation        0.000ns
---------------------------------------------------------------------------------------------------


Max Delay Paths
--------------------------------------------------------------------------------------
Slack (MET) :             7.579ns  (required time - arrival time)
  Source:                 design_random_i/dff_module1_2/inst/state_reg/C
                            (rising edge-triggered cell FDRE clocked by sys_clk_pin  {rise@0.000ns fall@5.000ns period=10.000ns})
  Destination:            design_random_i/dff_module1_4/inst/state_reg/D
                            (rising edge-triggered cell FDRE clocked by sys_clk_pin  {rise@0.000ns fall@5.000ns period=10.000ns})
  Path Group:             sys_clk_pin
  Path Type:              Setup (Max at Slow Process Corner)
  Requirement:            10.000ns  (sys_clk_pin rise@10.000ns - sys_clk_pin rise@0.000ns)
  Data Path Delay:        2.319ns  (logic 0.842ns (36.309%)  route 1.477ns (63.691%))
  Logic Levels:           2  (LUT3=1 LUT4=1)
  Clock Path Skew:        -0.095ns (DCD - SCD + CPR)
    Destination Clock Delay (DCD):    3.974ns = ( 13.974 - 10.000 ) 
    Source Clock Delay      (SCD):    4.471ns
    Clock Pessimism Removal (CPR):    0.403ns
  Clock Uncertainty:      0.035ns  ((TSJ^2 + TIJ^2)^1/2 + DJ) / 2 + PE
    Total System Jitter     (TSJ):    0.071ns
    Total Input Jitter      (TIJ):    0.000ns
    Discrete Jitter          (DJ):    0.000ns
    Phase Error              (PE):    0.000ns

    Location             Delay type                Incr(ns)  Path(ns)    Netlist Resource(s)
  -------------------------------------------------------------------    -------------------
                         (clock sys_clk_pin rise edge)
                                                      0.000     0.000 r  
    E3                                                0.000     0.000 r  clk_port (IN)
                         net (fo=0)                   0.000     0.000    clk_port
    E3                   IBUF (Prop_ibuf_I_O)         1.482     1.482 r  clk_port_IBUF_inst/O
                         net (fo=20, routed)          2.990     4.471    design_random_i/dff_module1_2/inst/clk
    SLICE_X1Y111         FDRE                                         r  design_random_i/dff_module1_2/inst/state_reg/C
  -------------------------------------------------------------------    -------------------
    SLICE_X1Y111         FDRE (Prop_fdre_C_Q)         0.419     4.890 r  design_random_i/dff_module1_2/inst/state_reg/Q
                         net (fo=1, routed)           0.803     5.693    design_random_i/xor_4_0/inst/z
    SLICE_X0Y112         LUT4 (Prop_lut4_I0_O)        0.299     5.992 r  design_random_i/xor_4_0/inst/out_xor__0/O
                         net (fo=1, routed)           0.674     6.666    design_random_i/xor_3_0/inst/y
    SLICE_X0Y112         LUT3 (Prop_lut3_I0_O)        0.124     6.790 r  design_random_i/xor_3_0/inst/out_xor__0/O
                         net (fo=1, routed)           0.000     6.790    design_random_i/dff_module1_4/inst/in_dff
    SLICE_X0Y112         FDRE                                         r  design_random_i/dff_module1_4/inst/state_reg/D
  -------------------------------------------------------------------    -------------------

                         (clock sys_clk_pin rise edge)
                                                     10.000    10.000 r  
    E3                                                0.000    10.000 r  clk_port (IN)
                         net (fo=0)                   0.000    10.000    clk_port
    E3                   IBUF (Prop_ibuf_I_O)         1.411    11.411 r  clk_port_IBUF_inst/O
                         net (fo=20, routed)          2.562    13.974    design_random_i/dff_module1_4/inst/clk
    SLICE_X0Y112         FDRE                                         r  design_random_i/dff_module1_4/inst/state_reg/C
                         clock pessimism              0.403    14.376    
                         clock uncertainty           -0.035    14.341    
    SLICE_X0Y112         FDRE (Setup_fdre_C_D)        0.029    14.370    design_random_i/dff_module1_4/inst/state_reg
  -------------------------------------------------------------------
                         required time                         14.370    
                         arrival time                          -6.790    
  -------------------------------------------------------------------
                         slack                                  7.579    

Slack (MET) :             7.738ns  (required time - arrival time)
  Source:                 design_random_i/inverter_real_2/inst/value_reg/C
                            (rising edge-triggered cell FDRE clocked by sys_clk_pin  {rise@0.000ns fall@5.000ns period=10.000ns})
  Destination:            design_random_i/inverter_real_3/inst/value_reg/D
                            (rising edge-triggered cell FDRE clocked by sys_clk_pin  {rise@0.000ns fall@5.000ns period=10.000ns})
  Path Group:             sys_clk_pin
  Path Type:              Setup (Max at Slow Process Corner)
  Requirement:            10.000ns  (sys_clk_pin rise@10.000ns - sys_clk_pin rise@0.000ns)
  Data Path Delay:        2.255ns  (logic 0.580ns (25.718%)  route 1.675ns (74.282%))
  Logic Levels:           1  (LUT1=1)
  Clock Path Skew:        0.000ns (DCD - SCD + CPR)
    Destination Clock Delay (DCD):    3.974ns = ( 13.974 - 10.000 ) 
    Source Clock Delay      (SCD):    4.471ns
    Clock Pessimism Removal (CPR):    0.498ns
  Clock Uncertainty:      0.035ns  ((TSJ^2 + TIJ^2)^1/2 + DJ) / 2 + PE
    Total System Jitter     (TSJ):    0.071ns
    Total Input Jitter      (TIJ):    0.000ns
    Discrete Jitter          (DJ):    0.000ns
    Phase Error              (PE):    0.000ns

    Location             Delay type                Incr(ns)  Path(ns)    Netlist Resource(s)
  -------------------------------------------------------------------    -------------------
                         (clock sys_clk_pin rise edge)
                                                      0.000     0.000 r  
    E3                                                0.000     0.000 r  clk_port (IN)
                         net (fo=0)                   0.000     0.000    clk_port
    E3                   IBUF (Prop_ibuf_I_O)         1.482     1.482 r  clk_port_IBUF_inst/O
                         net (fo=20, routed)          2.989     4.471    design_random_i/inverter_real_2/inst/clk
    SLICE_X1Y112         FDRE                                         r  design_random_i/inverter_real_2/inst/value_reg/C
  -------------------------------------------------------------------    -------------------
    SLICE_X1Y112         FDRE (Prop_fdre_C_Q)         0.456     4.927 f  design_random_i/inverter_real_2/inst/value_reg/Q
                         net (fo=1, routed)           1.675     6.602    design_random_i/inverter_real_3/inst/in_inv
    SLICE_X1Y112         LUT1 (Prop_lut1_I0_O)        0.124     6.726 r  design_random_i/inverter_real_3/inst/value_i_1/O
                         net (fo=1, routed)           0.000     6.726    design_random_i/inverter_real_3/inst/p_0_in
    SLICE_X1Y112         FDRE                                         r  design_random_i/inverter_real_3/inst/value_reg/D
  -------------------------------------------------------------------    -------------------

                         (clock sys_clk_pin rise edge)
                                                     10.000    10.000 r  
    E3                                                0.000    10.000 r  clk_port (IN)
                         net (fo=0)                   0.000    10.000    clk_port
    E3                   IBUF (Prop_ibuf_I_O)         1.411    11.411 r  clk_port_IBUF_inst/O
                         net (fo=20, routed)          2.562    13.974    design_random_i/inverter_real_3/inst/clk
    SLICE_X1Y112         FDRE                                         r  design_random_i/inverter_real_3/inst/value_reg/C
                         clock pessimism              0.498    14.471    
                         clock uncertainty           -0.035    14.436    
    SLICE_X1Y112         FDRE (Setup_fdre_C_D)        0.029    14.465    design_random_i/inverter_real_3/inst/value_reg
  -------------------------------------------------------------------
                         required time                         14.465    
                         arrival time                          -6.726    
  -------------------------------------------------------------------
                         slack                                  7.738    

Slack (MET) :             7.803ns  (required time - arrival time)
  Source:                 design_random_i/inverter_real_8/inst/value_reg/C
                            (rising edge-triggered cell FDRE clocked by sys_clk_pin  {rise@0.000ns fall@5.000ns period=10.000ns})
  Destination:            design_random_i/inverter_real_7/inst/value_reg/D
                            (rising edge-triggered cell FDRE clocked by sys_clk_pin  {rise@0.000ns fall@5.000ns period=10.000ns})
  Path Group:             sys_clk_pin
  Path Type:              Setup (Max at Slow Process Corner)
  Requirement:            10.000ns  (sys_clk_pin rise@10.000ns - sys_clk_pin rise@0.000ns)
  Data Path Delay:        2.194ns  (logic 0.580ns (26.442%)  route 1.614ns (73.558%))
  Logic Levels:           1  (LUT2=1)
  Clock Path Skew:        0.000ns (DCD - SCD + CPR)
    Destination Clock Delay (DCD):    3.974ns = ( 13.974 - 10.000 ) 
    Source Clock Delay      (SCD):    4.471ns
    Clock Pessimism Removal (CPR):    0.498ns
  Clock Uncertainty:      0.035ns  ((TSJ^2 + TIJ^2)^1/2 + DJ) / 2 + PE
    Total System Jitter     (TSJ):    0.071ns
    Total Input Jitter      (TIJ):    0.000ns
    Discrete Jitter          (DJ):    0.000ns
    Phase Error              (PE):    0.000ns

    Location             Delay type                Incr(ns)  Path(ns)    Netlist Resource(s)
  -------------------------------------------------------------------    -------------------
                         (clock sys_clk_pin rise edge)
                                                      0.000     0.000 r  
    E3                                                0.000     0.000 r  clk_port (IN)
                         net (fo=0)                   0.000     0.000    clk_port
    E3                   IBUF (Prop_ibuf_I_O)         1.482     1.482 r  clk_port_IBUF_inst/O
                         net (fo=20, routed)          2.989     4.471    design_random_i/inverter_real_8/inst/clk
    SLICE_X1Y112         FDRE                                         r  design_random_i/inverter_real_8/inst/value_reg/C
  -------------------------------------------------------------------    -------------------
    SLICE_X1Y112         FDRE (Prop_fdre_C_Q)         0.456     4.927 r  design_random_i/inverter_real_8/inst/value_reg/Q
                         net (fo=2, routed)           1.614     6.541    design_random_i/nand_module_3/in_nand
    SLICE_X1Y112         LUT2 (Prop_lut2_I0_O)        0.124     6.665 r  design_random_i/nand_module_3/out_nand_INST_0/O
                         net (fo=1, routed)           0.000     6.665    design_random_i/inverter_real_7/inst/p_0_in
    SLICE_X1Y112         FDRE                                         r  design_random_i/inverter_real_7/inst/value_reg/D
  -------------------------------------------------------------------    -------------------

                         (clock sys_clk_pin rise edge)
                                                     10.000    10.000 r  
    E3                                                0.000    10.000 r  clk_port (IN)
                         net (fo=0)                   0.000    10.000    clk_port
    E3                   IBUF (Prop_ibuf_I_O)         1.411    11.411 r  clk_port_IBUF_inst/O
                         net (fo=20, routed)          2.562    13.974    design_random_i/inverter_real_7/inst/clk
    SLICE_X1Y112         FDRE                                         r  design_random_i/inverter_real_7/inst/value_reg/C
                         clock pessimism              0.498    14.471    
                         clock uncertainty           -0.035    14.436    
    SLICE_X1Y112         FDRE (Setup_fdre_C_D)        0.032    14.468    design_random_i/inverter_real_7/inst/value_reg
  -------------------------------------------------------------------
                         required time                         14.468    
                         arrival time                          -6.665    
  -------------------------------------------------------------------
                         slack                                  7.803    

Slack (MET) :             7.851ns  (required time - arrival time)
  Source:                 design_random_i/inverter_real_0/inst/value_reg/C
                            (rising edge-triggered cell FDRE clocked by sys_clk_pin  {rise@0.000ns fall@5.000ns period=10.000ns})
  Destination:            design_random_i/inverter_real_1/inst/value_reg/D
                            (rising edge-triggered cell FDRE clocked by sys_clk_pin  {rise@0.000ns fall@5.000ns period=10.000ns})
  Path Group:             sys_clk_pin
  Path Type:              Setup (Max at Slow Process Corner)
  Requirement:            10.000ns  (sys_clk_pin rise@10.000ns - sys_clk_pin rise@0.000ns)
  Data Path Delay:        2.145ns  (logic 0.580ns (27.043%)  route 1.565ns (72.957%))
  Logic Levels:           1  (LUT1=1)
  Clock Path Skew:        0.000ns (DCD - SCD + CPR)
    Destination Clock Delay (DCD):    3.974ns = ( 13.974 - 10.000 ) 
    Source Clock Delay      (SCD):    4.471ns
    Clock Pessimism Removal (CPR):    0.498ns
  Clock Uncertainty:      0.035ns  ((TSJ^2 + TIJ^2)^1/2 + DJ) / 2 + PE
    Total System Jitter     (TSJ):    0.071ns
    Total Input Jitter      (TIJ):    0.000ns
    Discrete Jitter          (DJ):    0.000ns
    Phase Error              (PE):    0.000ns

    Location             Delay type                Incr(ns)  Path(ns)    Netlist Resource(s)
  -------------------------------------------------------------------    -------------------
                         (clock sys_clk_pin rise edge)
                                                      0.000     0.000 r  
    E3                                                0.000     0.000 r  clk_port (IN)
                         net (fo=0)                   0.000     0.000    clk_port
    E3                   IBUF (Prop_ibuf_I_O)         1.482     1.482 r  clk_port_IBUF_inst/O
                         net (fo=20, routed)          2.989     4.471    design_random_i/inverter_real_0/inst/clk
    SLICE_X0Y112         FDRE                                         r  design_random_i/inverter_real_0/inst/value_reg/C
  -------------------------------------------------------------------    -------------------
    SLICE_X0Y112         FDRE (Prop_fdre_C_Q)         0.456     4.927 f  design_random_i/inverter_real_0/inst/value_reg/Q
                         net (fo=1, routed)           1.565     6.492    design_random_i/inverter_real_1/inst/in_inv
    SLICE_X0Y112         LUT1 (Prop_lut1_I0_O)        0.124     6.616 r  design_random_i/inverter_real_1/inst/value_i_1/O
                         net (fo=1, routed)           0.000     6.616    design_random_i/inverter_real_1/inst/p_0_in
    SLICE_X0Y112         FDRE                                         r  design_random_i/inverter_real_1/inst/value_reg/D
  -------------------------------------------------------------------    -------------------

                         (clock sys_clk_pin rise edge)
                                                     10.000    10.000 r  
    E3                                                0.000    10.000 r  clk_port (IN)
                         net (fo=0)                   0.000    10.000    clk_port
    E3                   IBUF (Prop_ibuf_I_O)         1.411    11.411 r  clk_port_IBUF_inst/O
                         net (fo=20, routed)          2.562    13.974    design_random_i/inverter_real_1/inst/clk
    SLICE_X0Y112         FDRE                                         r  design_random_i/inverter_real_1/inst/value_reg/C
                         clock pessimism              0.498    14.471    
                         clock uncertainty           -0.035    14.436    
    SLICE_X0Y112         FDRE (Setup_fdre_C_D)        0.031    14.467    design_random_i/inverter_real_1/inst/value_reg
  -------------------------------------------------------------------
                         required time                         14.467    
                         arrival time                          -6.616    
  -------------------------------------------------------------------
                         slack                                  7.851    

Slack (MET) :             7.951ns  (required time - arrival time)
  Source:                 design_random_i/inverter_real_3/inst/value_reg/C
                            (rising edge-triggered cell FDRE clocked by sys_clk_pin  {rise@0.000ns fall@5.000ns period=10.000ns})
  Destination:            design_random_i/inverter_real_2/inst/value_reg/D
                            (rising edge-triggered cell FDRE clocked by sys_clk_pin  {rise@0.000ns fall@5.000ns period=10.000ns})
  Path Group:             sys_clk_pin
  Path Type:              Setup (Max at Slow Process Corner)
  Requirement:            10.000ns  (sys_clk_pin rise@10.000ns - sys_clk_pin rise@0.000ns)
  Data Path Delay:        2.045ns  (logic 0.580ns (28.360%)  route 1.465ns (71.640%))
  Logic Levels:           1  (LUT2=1)
  Clock Path Skew:        0.000ns (DCD - SCD + CPR)
    Destination Clock Delay (DCD):    3.974ns = ( 13.974 - 10.000 ) 
    Source Clock Delay      (SCD):    4.471ns
    Clock Pessimism Removal (CPR):    0.498ns
  Clock Uncertainty:      0.035ns  ((TSJ^2 + TIJ^2)^1/2 + DJ) / 2 + PE
    Total System Jitter     (TSJ):    0.071ns
    Total Input Jitter      (TIJ):    0.000ns
    Discrete Jitter          (DJ):    0.000ns
    Phase Error              (PE):    0.000ns

    Location             Delay type                Incr(ns)  Path(ns)    Netlist Resource(s)
  -------------------------------------------------------------------    -------------------
                         (clock sys_clk_pin rise edge)
                                                      0.000     0.000 r  
    E3                                                0.000     0.000 r  clk_port (IN)
                         net (fo=0)                   0.000     0.000    clk_port
    E3                   IBUF (Prop_ibuf_I_O)         1.482     1.482 r  clk_port_IBUF_inst/O
                         net (fo=20, routed)          2.989     4.471    design_random_i/inverter_real_3/inst/clk
    SLICE_X1Y112         FDRE                                         r  design_random_i/inverter_real_3/inst/value_reg/C
  -------------------------------------------------------------------    -------------------
    SLICE_X1Y112         FDRE (Prop_fdre_C_Q)         0.456     4.927 r  design_random_i/inverter_real_3/inst/value_reg/Q
                         net (fo=2, routed)           1.465     6.392    design_random_i/nand_module_1/in_nand
    SLICE_X1Y112         LUT2 (Prop_lut2_I0_O)        0.124     6.516 r  design_random_i/nand_module_1/out_nand_INST_0/O
                         net (fo=1, routed)           0.000     6.516    design_random_i/inverter_real_2/inst/p_0_in
    SLICE_X1Y112         FDRE                                         r  design_random_i/inverter_real_2/inst/value_reg/D
  -------------------------------------------------------------------    -------------------

                         (clock sys_clk_pin rise edge)
                                                     10.000    10.000 r  
    E3                                                0.000    10.000 r  clk_port (IN)
                         net (fo=0)                   0.000    10.000    clk_port
    E3                   IBUF (Prop_ibuf_I_O)         1.411    11.411 r  clk_port_IBUF_inst/O
                         net (fo=20, routed)          2.562    13.974    design_random_i/inverter_real_2/inst/clk
    SLICE_X1Y112         FDRE                                         r  design_random_i/inverter_real_2/inst/value_reg/C
                         clock pessimism              0.498    14.471    
                         clock uncertainty           -0.035    14.436    
    SLICE_X1Y112         FDRE (Setup_fdre_C_D)        0.031    14.467    design_random_i/inverter_real_2/inst/value_reg
  -------------------------------------------------------------------
                         required time                         14.467    
                         arrival time                          -6.516    
  -------------------------------------------------------------------
                         slack                                  7.951    

Slack (MET) :             7.955ns  (required time - arrival time)
  Source:                 design_random_i/inverter_real_1/inst/value_reg/C
                            (rising edge-triggered cell FDRE clocked by sys_clk_pin  {rise@0.000ns fall@5.000ns period=10.000ns})
  Destination:            design_random_i/inverter_real_0/inst/value_reg/D
                            (rising edge-triggered cell FDRE clocked by sys_clk_pin  {rise@0.000ns fall@5.000ns period=10.000ns})
  Path Group:             sys_clk_pin
  Path Type:              Setup (Max at Slow Process Corner)
  Requirement:            10.000ns  (sys_clk_pin rise@10.000ns - sys_clk_pin rise@0.000ns)
  Data Path Delay:        2.040ns  (logic 0.580ns (28.429%)  route 1.460ns (71.571%))
  Logic Levels:           1  (LUT2=1)
  Clock Path Skew:        0.000ns (DCD - SCD + CPR)
    Destination Clock Delay (DCD):    3.974ns = ( 13.974 - 10.000 ) 
    Source Clock Delay      (SCD):    4.471ns
    Clock Pessimism Removal (CPR):    0.498ns
  Clock Uncertainty:      0.035ns  ((TSJ^2 + TIJ^2)^1/2 + DJ) / 2 + PE
    Total System Jitter     (TSJ):    0.071ns
    Total Input Jitter      (TIJ):    0.000ns
    Discrete Jitter          (DJ):    0.000ns
    Phase Error              (PE):    0.000ns

    Location             Delay type                Incr(ns)  Path(ns)    Netlist Resource(s)
  -------------------------------------------------------------------    -------------------
                         (clock sys_clk_pin rise edge)
                                                      0.000     0.000 r  
    E3                                                0.000     0.000 r  clk_port (IN)
                         net (fo=0)                   0.000     0.000    clk_port
    E3                   IBUF (Prop_ibuf_I_O)         1.482     1.482 r  clk_port_IBUF_inst/O
                         net (fo=20, routed)          2.989     4.471    design_random_i/inverter_real_1/inst/clk
    SLICE_X0Y112         FDRE                                         r  design_random_i/inverter_real_1/inst/value_reg/C
  -------------------------------------------------------------------    -------------------
    SLICE_X0Y112         FDRE (Prop_fdre_C_Q)         0.456     4.927 r  design_random_i/inverter_real_1/inst/value_reg/Q
                         net (fo=2, routed)           1.460     6.387    design_random_i/nand_module_0/in_nand
    SLICE_X0Y112         LUT2 (Prop_lut2_I0_O)        0.124     6.511 r  design_random_i/nand_module_0/out_nand_INST_0/O
                         net (fo=1, routed)           0.000     6.511    design_random_i/inverter_real_0/inst/p_0_in
    SLICE_X0Y112         FDRE                                         r  design_random_i/inverter_real_0/inst/value_reg/D
  -------------------------------------------------------------------    -------------------

                         (clock sys_clk_pin rise edge)
                                                     10.000    10.000 r  
    E3                                                0.000    10.000 r  clk_port (IN)
                         net (fo=0)                   0.000    10.000    clk_port
    E3                   IBUF (Prop_ibuf_I_O)         1.411    11.411 r  clk_port_IBUF_inst/O
                         net (fo=20, routed)          2.562    13.974    design_random_i/inverter_real_0/inst/clk
    SLICE_X0Y112         FDRE                                         r  design_random_i/inverter_real_0/inst/value_reg/C
                         clock pessimism              0.498    14.471    
                         clock uncertainty           -0.035    14.436    
    SLICE_X0Y112         FDRE (Setup_fdre_C_D)        0.031    14.467    design_random_i/inverter_real_0/inst/value_reg
  -------------------------------------------------------------------
                         required time                         14.467    
                         arrival time                          -6.511    
  -------------------------------------------------------------------
                         slack                                  7.955    

Slack (MET) :             7.961ns  (required time - arrival time)
  Source:                 design_random_i/inverter_real_10/inst/value_reg/C
                            (rising edge-triggered cell FDRE clocked by sys_clk_pin  {rise@0.000ns fall@5.000ns period=10.000ns})
  Destination:            design_random_i/dff_module1_5/inst/state_reg/D
                            (rising edge-triggered cell FDRE clocked by sys_clk_pin  {rise@0.000ns fall@5.000ns period=10.000ns})
  Path Group:             sys_clk_pin
  Path Type:              Setup (Max at Slow Process Corner)
  Requirement:            10.000ns  (sys_clk_pin rise@10.000ns - sys_clk_pin rise@0.000ns)
  Data Path Delay:        1.807ns  (logic 0.456ns (25.230%)  route 1.351ns (74.770%))
  Logic Levels:           0  
  Clock Path Skew:        -0.095ns (DCD - SCD + CPR)
    Destination Clock Delay (DCD):    3.974ns = ( 13.974 - 10.000 ) 
    Source Clock Delay      (SCD):    4.471ns
    Clock Pessimism Removal (CPR):    0.403ns
  Clock Uncertainty:      0.035ns  ((TSJ^2 + TIJ^2)^1/2 + DJ) / 2 + PE
    Total System Jitter     (TSJ):    0.071ns
    Total Input Jitter      (TIJ):    0.000ns
    Discrete Jitter          (DJ):    0.000ns
    Phase Error              (PE):    0.000ns

    Location             Delay type                Incr(ns)  Path(ns)    Netlist Resource(s)
  -------------------------------------------------------------------    -------------------
                         (clock sys_clk_pin rise edge)
                                                      0.000     0.000 r  
    E3                                                0.000     0.000 r  clk_port (IN)
                         net (fo=0)                   0.000     0.000    clk_port
    E3                   IBUF (Prop_ibuf_I_O)         1.482     1.482 r  clk_port_IBUF_inst/O
                         net (fo=20, routed)          2.990     4.471    design_random_i/inverter_real_10/inst/clk
    SLICE_X0Y111         FDRE                                         r  design_random_i/inverter_real_10/inst/value_reg/C
  -------------------------------------------------------------------    -------------------
    SLICE_X0Y111         FDRE (Prop_fdre_C_Q)         0.456     4.927 r  design_random_i/inverter_real_10/inst/value_reg/Q
                         net (fo=2, routed)           1.351     6.279    design_random_i/dff_module1_5/inst/in_dff
    SLICE_X0Y112         FDRE                                         r  design_random_i/dff_module1_5/inst/state_reg/D
  -------------------------------------------------------------------    -------------------

                         (clock sys_clk_pin rise edge)
                                                     10.000    10.000 r  
    E3                                                0.000    10.000 r  clk_port (IN)
                         net (fo=0)                   0.000    10.000    clk_port
    E3                   IBUF (Prop_ibuf_I_O)         1.411    11.411 r  clk_port_IBUF_inst/O
                         net (fo=20, routed)          2.562    13.974    design_random_i/dff_module1_5/inst/clk
    SLICE_X0Y112         FDRE                                         r  design_random_i/dff_module1_5/inst/state_reg/C
                         clock pessimism              0.403    14.376    
                         clock uncertainty           -0.035    14.341    
    SLICE_X0Y112         FDRE (Setup_fdre_C_D)       -0.101    14.240    design_random_i/dff_module1_5/inst/state_reg
  -------------------------------------------------------------------
                         required time                         14.240    
                         arrival time                          -6.279    
  -------------------------------------------------------------------
                         slack                                  7.961    

Slack (MET) :             7.983ns  (required time - arrival time)
  Source:                 design_random_i/inverter_real_8/inst/value_reg/C
                            (rising edge-triggered cell FDRE clocked by sys_clk_pin  {rise@0.000ns fall@5.000ns period=10.000ns})
  Destination:            design_random_i/dff_module1_3/inst/state_reg/D
                            (rising edge-triggered cell FDRE clocked by sys_clk_pin  {rise@0.000ns fall@5.000ns period=10.000ns})
  Path Group:             sys_clk_pin
  Path Type:              Setup (Max at Slow Process Corner)
  Requirement:            10.000ns  (sys_clk_pin rise@10.000ns - sys_clk_pin rise@0.000ns)
  Data Path Delay:        1.917ns  (logic 0.456ns (23.791%)  route 1.461ns (76.209%))
  Logic Levels:           0  
  Clock Path Skew:        -0.022ns (DCD - SCD + CPR)
    Destination Clock Delay (DCD):    3.974ns = ( 13.974 - 10.000 ) 
    Source Clock Delay      (SCD):    4.471ns
    Clock Pessimism Removal (CPR):    0.476ns
  Clock Uncertainty:      0.035ns  ((TSJ^2 + TIJ^2)^1/2 + DJ) / 2 + PE
    Total System Jitter     (TSJ):    0.071ns
    Total Input Jitter      (TIJ):    0.000ns
    Discrete Jitter          (DJ):    0.000ns
    Phase Error              (PE):    0.000ns

    Location             Delay type                Incr(ns)  Path(ns)    Netlist Resource(s)
  -------------------------------------------------------------------    -------------------
                         (clock sys_clk_pin rise edge)
                                                      0.000     0.000 r  
    E3                                                0.000     0.000 r  clk_port (IN)
                         net (fo=0)                   0.000     0.000    clk_port
    E3                   IBUF (Prop_ibuf_I_O)         1.482     1.482 r  clk_port_IBUF_inst/O
                         net (fo=20, routed)          2.989     4.471    design_random_i/inverter_real_8/inst/clk
    SLICE_X1Y112         FDRE                                         r  design_random_i/inverter_real_8/inst/value_reg/C
  -------------------------------------------------------------------    -------------------
    SLICE_X1Y112         FDRE (Prop_fdre_C_Q)         0.456     4.927 r  design_random_i/inverter_real_8/inst/value_reg/Q
                         net (fo=2, routed)           1.461     6.388    design_random_i/dff_module1_3/inst/in_dff
    SLICE_X0Y112         FDRE                                         r  design_random_i/dff_module1_3/inst/state_reg/D
  -------------------------------------------------------------------    -------------------

                         (clock sys_clk_pin rise edge)
                                                     10.000    10.000 r  
    E3                                                0.000    10.000 r  clk_port (IN)
                         net (fo=0)                   0.000    10.000    clk_port
    E3                   IBUF (Prop_ibuf_I_O)         1.411    11.411 r  clk_port_IBUF_inst/O
                         net (fo=20, routed)          2.562    13.974    design_random_i/dff_module1_3/inst/clk
    SLICE_X0Y112         FDRE                                         r  design_random_i/dff_module1_3/inst/state_reg/C
                         clock pessimism              0.476    14.449    
                         clock uncertainty           -0.035    14.414    
    SLICE_X0Y112         FDRE (Setup_fdre_C_D)       -0.043    14.371    design_random_i/dff_module1_3/inst/state_reg
  -------------------------------------------------------------------
                         required time                         14.371    
                         arrival time                          -6.388    
  -------------------------------------------------------------------
                         slack                                  7.983    

Slack (MET) :             7.985ns  (required time - arrival time)
  Source:                 design_random_i/inverter_real_6/inst/value_reg/C
                            (rising edge-triggered cell FDRE clocked by sys_clk_pin  {rise@0.000ns fall@5.000ns period=10.000ns})
  Destination:            design_random_i/inverter_real_4/inst/value_reg/D
                            (rising edge-triggered cell FDRE clocked by sys_clk_pin  {rise@0.000ns fall@5.000ns period=10.000ns})
  Path Group:             sys_clk_pin
  Path Type:              Setup (Max at Slow Process Corner)
  Requirement:            10.000ns  (sys_clk_pin rise@10.000ns - sys_clk_pin rise@0.000ns)
  Data Path Delay:        2.010ns  (logic 0.580ns (28.850%)  route 1.430ns (71.150%))
  Logic Levels:           1  (LUT2=1)
  Clock Path Skew:        0.000ns (DCD - SCD + CPR)
    Destination Clock Delay (DCD):    3.974ns = ( 13.974 - 10.000 ) 
    Source Clock Delay      (SCD):    4.471ns
    Clock Pessimism Removal (CPR):    0.498ns
  Clock Uncertainty:      0.035ns  ((TSJ^2 + TIJ^2)^1/2 + DJ) / 2 + PE
    Total System Jitter     (TSJ):    0.071ns
    Total Input Jitter      (TIJ):    0.000ns
    Discrete Jitter          (DJ):    0.000ns
    Phase Error              (PE):    0.000ns

    Location             Delay type                Incr(ns)  Path(ns)    Netlist Resource(s)
  -------------------------------------------------------------------    -------------------
                         (clock sys_clk_pin rise edge)
                                                      0.000     0.000 r  
    E3                                                0.000     0.000 r  clk_port (IN)
                         net (fo=0)                   0.000     0.000    clk_port
    E3                   IBUF (Prop_ibuf_I_O)         1.482     1.482 r  clk_port_IBUF_inst/O
                         net (fo=20, routed)          2.990     4.471    design_random_i/inverter_real_6/inst/clk
    SLICE_X1Y111         FDRE                                         r  design_random_i/inverter_real_6/inst/value_reg/C
  -------------------------------------------------------------------    -------------------
    SLICE_X1Y111         FDRE (Prop_fdre_C_Q)         0.456     4.927 r  design_random_i/inverter_real_6/inst/value_reg/Q
                         net (fo=2, routed)           1.430     6.358    design_random_i/nand_module_2/in_nand
    SLICE_X1Y111         LUT2 (Prop_lut2_I0_O)        0.124     6.482 r  design_random_i/nand_module_2/out_nand_INST_0/O
                         net (fo=1, routed)           0.000     6.482    design_random_i/inverter_real_4/inst/p_0_in
    SLICE_X1Y111         FDRE                                         r  design_random_i/inverter_real_4/inst/value_reg/D
  -------------------------------------------------------------------    -------------------

                         (clock sys_clk_pin rise edge)
                                                     10.000    10.000 r  
    E3                                                0.000    10.000 r  clk_port (IN)
                         net (fo=0)                   0.000    10.000    clk_port
    E3                   IBUF (Prop_ibuf_I_O)         1.411    11.411 r  clk_port_IBUF_inst/O
                         net (fo=20, routed)          2.563    13.974    design_random_i/inverter_real_4/inst/clk
    SLICE_X1Y111         FDRE                                         r  design_random_i/inverter_real_4/inst/value_reg/C
                         clock pessimism              0.498    14.471    
                         clock uncertainty           -0.035    14.436    
    SLICE_X1Y111         FDRE (Setup_fdre_C_D)        0.031    14.467    design_random_i/inverter_real_4/inst/value_reg
  -------------------------------------------------------------------
                         required time                         14.467    
                         arrival time                          -6.482    
  -------------------------------------------------------------------
                         slack                                  7.985    

Slack (MET) :             7.995ns  (required time - arrival time)
  Source:                 design_random_i/inverter_real_12/inst/value_reg/C
                            (rising edge-triggered cell FDRE clocked by sys_clk_pin  {rise@0.000ns fall@5.000ns period=10.000ns})
  Destination:            design_random_i/dff_module1_6/inst/state_reg/D
                            (rising edge-triggered cell FDRE clocked by sys_clk_pin  {rise@0.000ns fall@5.000ns period=10.000ns})
  Path Group:             sys_clk_pin
  Path Type:              Setup (Max at Slow Process Corner)
  Requirement:            10.000ns  (sys_clk_pin rise@10.000ns - sys_clk_pin rise@0.000ns)
  Data Path Delay:        1.834ns  (logic 0.456ns (24.862%)  route 1.378ns (75.138%))
  Logic Levels:           0  
  Clock Path Skew:        -0.095ns (DCD - SCD + CPR)
    Destination Clock Delay (DCD):    3.974ns = ( 13.974 - 10.000 ) 
    Source Clock Delay      (SCD):    4.471ns
    Clock Pessimism Removal (CPR):    0.403ns
  Clock Uncertainty:      0.035ns  ((TSJ^2 + TIJ^2)^1/2 + DJ) / 2 + PE
    Total System Jitter     (TSJ):    0.071ns
    Total Input Jitter      (TIJ):    0.000ns
    Discrete Jitter          (DJ):    0.000ns
    Phase Error              (PE):    0.000ns

    Location             Delay type                Incr(ns)  Path(ns)    Netlist Resource(s)
  -------------------------------------------------------------------    -------------------
                         (clock sys_clk_pin rise edge)
                                                      0.000     0.000 r  
    E3                                                0.000     0.000 r  clk_port (IN)
                         net (fo=0)                   0.000     0.000    clk_port
    E3                   IBUF (Prop_ibuf_I_O)         1.482     1.482 r  clk_port_IBUF_inst/O
                         net (fo=20, routed)          2.990     4.471    design_random_i/inverter_real_12/inst/clk
    SLICE_X0Y111         FDRE                                         r  design_random_i/inverter_real_12/inst/value_reg/C
  -------------------------------------------------------------------    -------------------
    SLICE_X0Y111         FDRE (Prop_fdre_C_Q)         0.456     4.927 r  design_random_i/inverter_real_12/inst/value_reg/Q
                         net (fo=2, routed)           1.378     6.306    design_random_i/dff_module1_6/inst/in_dff
    SLICE_X0Y112         FDRE                                         r  design_random_i/dff_module1_6/inst/state_reg/D
  -------------------------------------------------------------------    -------------------

                         (clock sys_clk_pin rise edge)
                                                     10.000    10.000 r  
    E3                                                0.000    10.000 r  clk_port (IN)
                         net (fo=0)                   0.000    10.000    clk_port
    E3                   IBUF (Prop_ibuf_I_O)         1.411    11.411 r  clk_port_IBUF_inst/O
                         net (fo=20, routed)          2.562    13.974    design_random_i/dff_module1_6/inst/clk
    SLICE_X0Y112         FDRE                                         r  design_random_i/dff_module1_6/inst/state_reg/C
                         clock pessimism              0.403    14.376    
                         clock uncertainty           -0.035    14.341    
    SLICE_X0Y112         FDRE (Setup_fdre_C_D)       -0.040    14.301    design_random_i/dff_module1_6/inst/state_reg
  -------------------------------------------------------------------
                         required time                         14.301    
                         arrival time                          -6.306    
  -------------------------------------------------------------------
                         slack                                  7.995    





Min Delay Paths
--------------------------------------------------------------------------------------
Slack (MET) :             0.466ns  (arrival time - required time)
  Source:                 design_random_i/inverter_real_9/inst/value_reg/C
                            (rising edge-triggered cell FDRE clocked by sys_clk_pin  {rise@0.000ns fall@5.000ns period=10.000ns})
  Destination:            design_random_i/inverter_real_10/inst/value_reg/D
                            (rising edge-triggered cell FDRE clocked by sys_clk_pin  {rise@0.000ns fall@5.000ns period=10.000ns})
  Path Group:             sys_clk_pin
  Path Type:              Hold (Min at Fast Process Corner)
  Requirement:            0.000ns  (sys_clk_pin rise@0.000ns - sys_clk_pin rise@0.000ns)
  Data Path Delay:        0.557ns  (logic 0.186ns (33.404%)  route 0.371ns (66.596%))
  Logic Levels:           1  (LUT1=1)
  Clock Path Skew:        0.000ns (DCD - SCD - CPR)
    Destination Clock Delay (DCD):    1.960ns
    Source Clock Delay      (SCD):    1.572ns
    Clock Pessimism Removal (CPR):    0.388ns

    Location             Delay type                Incr(ns)  Path(ns)    Netlist Resource(s)
  -------------------------------------------------------------------    -------------------
                         (clock sys_clk_pin rise edge)
                                                      0.000     0.000 r  
    E3                                                0.000     0.000 r  clk_port (IN)
                         net (fo=0)                   0.000     0.000    clk_port
    E3                   IBUF (Prop_ibuf_I_O)         0.250     0.250 r  clk_port_IBUF_inst/O
                         net (fo=20, routed)          1.323     1.572    design_random_i/inverter_real_9/inst/clk
    SLICE_X0Y111         FDRE                                         r  design_random_i/inverter_real_9/inst/value_reg/C
  -------------------------------------------------------------------    -------------------
    SLICE_X0Y111         FDRE (Prop_fdre_C_Q)         0.141     1.713 f  design_random_i/inverter_real_9/inst/value_reg/Q
                         net (fo=1, routed)           0.371     2.084    design_random_i/inverter_real_10/inst/in_inv
    SLICE_X0Y111         LUT1 (Prop_lut1_I0_O)        0.045     2.129 r  design_random_i/inverter_real_10/inst/value_i_1/O
                         net (fo=1, routed)           0.000     2.129    design_random_i/inverter_real_10/inst/p_0_in
    SLICE_X0Y111         FDRE                                         r  design_random_i/inverter_real_10/inst/value_reg/D
  -------------------------------------------------------------------    -------------------

                         (clock sys_clk_pin rise edge)
                                                      0.000     0.000 r  
    E3                                                0.000     0.000 r  clk_port (IN)
                         net (fo=0)                   0.000     0.000    clk_port
    E3                   IBUF (Prop_ibuf_I_O)         0.438     0.438 r  clk_port_IBUF_inst/O
                         net (fo=20, routed)          1.523     1.960    design_random_i/inverter_real_10/inst/clk
    SLICE_X0Y111         FDRE                                         r  design_random_i/inverter_real_10/inst/value_reg/C
                         clock pessimism             -0.388     1.572    
    SLICE_X0Y111         FDRE (Hold_fdre_C_D)         0.091     1.663    design_random_i/inverter_real_10/inst/value_reg
  -------------------------------------------------------------------
                         required time                         -1.663    
                         arrival time                           2.129    
  -------------------------------------------------------------------
                         slack                                  0.466    

Slack (MET) :             0.513ns  (arrival time - required time)
  Source:                 design_random_i/dff_module1_1/inst/state_reg/C
                            (rising edge-triggered cell FDRE clocked by sys_clk_pin  {rise@0.000ns fall@5.000ns period=10.000ns})
  Destination:            design_random_i/dff_module1_4/inst/state_reg/D
                            (rising edge-triggered cell FDRE clocked by sys_clk_pin  {rise@0.000ns fall@5.000ns period=10.000ns})
  Path Group:             sys_clk_pin
  Path Type:              Hold (Min at Fast Process Corner)
  Requirement:            0.000ns  (sys_clk_pin rise@0.000ns - sys_clk_pin rise@0.000ns)
  Data Path Delay:        0.604ns  (logic 0.271ns (44.854%)  route 0.333ns (55.146%))
  Logic Levels:           2  (LUT3=1 LUT4=1)
  Clock Path Skew:        0.000ns (DCD - SCD - CPR)
    Destination Clock Delay (DCD):    1.956ns
    Source Clock Delay      (SCD):    1.568ns
    Clock Pessimism Removal (CPR):    0.388ns

    Location             Delay type                Incr(ns)  Path(ns)    Netlist Resource(s)
  -------------------------------------------------------------------    -------------------
                         (clock sys_clk_pin rise edge)
                                                      0.000     0.000 r  
    E3                                                0.000     0.000 r  clk_port (IN)
                         net (fo=0)                   0.000     0.000    clk_port
    E3                   IBUF (Prop_ibuf_I_O)         0.250     0.250 r  clk_port_IBUF_inst/O
                         net (fo=20, routed)          1.318     1.568    design_random_i/dff_module1_1/inst/clk
    SLICE_X0Y112         FDRE                                         r  design_random_i/dff_module1_1/inst/state_reg/C
  -------------------------------------------------------------------    -------------------
    SLICE_X0Y112         FDRE (Prop_fdre_C_Q)         0.128     1.696 r  design_random_i/dff_module1_1/inst/state_reg/Q
                         net (fo=1, routed)           0.103     1.799    design_random_i/xor_4_0/inst/y
    SLICE_X0Y112         LUT4 (Prop_lut4_I1_O)        0.098     1.897 r  design_random_i/xor_4_0/inst/out_xor__0/O
                         net (fo=1, routed)           0.230     2.127    design_random_i/xor_3_0/inst/y
    SLICE_X0Y112         LUT3 (Prop_lut3_I0_O)        0.045     2.172 r  design_random_i/xor_3_0/inst/out_xor__0/O
                         net (fo=1, routed)           0.000     2.172    design_random_i/dff_module1_4/inst/in_dff
    SLICE_X0Y112         FDRE                                         r  design_random_i/dff_module1_4/inst/state_reg/D
  -------------------------------------------------------------------    -------------------

                         (clock sys_clk_pin rise edge)
                                                      0.000     0.000 r  
    E3                                                0.000     0.000 r  clk_port (IN)
                         net (fo=0)                   0.000     0.000    clk_port
    E3                   IBUF (Prop_ibuf_I_O)         0.438     0.438 r  clk_port_IBUF_inst/O
                         net (fo=20, routed)          1.518     1.956    design_random_i/dff_module1_4/inst/clk
    SLICE_X0Y112         FDRE                                         r  design_random_i/dff_module1_4/inst/state_reg/C
                         clock pessimism             -0.388     1.568    
    SLICE_X0Y112         FDRE (Hold_fdre_C_D)         0.091     1.659    design_random_i/dff_module1_4/inst/state_reg
  -------------------------------------------------------------------
                         required time                         -1.659    
                         arrival time                           2.172    
  -------------------------------------------------------------------
                         slack                                  0.513    

Slack (MET) :             0.522ns  (arrival time - required time)
  Source:                 design_random_i/inverter_real_6/inst/value_reg/C
                            (rising edge-triggered cell FDRE clocked by sys_clk_pin  {rise@0.000ns fall@5.000ns period=10.000ns})
  Destination:            design_random_i/dff_module1_2/inst/state_reg/D
                            (rising edge-triggered cell FDRE clocked by sys_clk_pin  {rise@0.000ns fall@5.000ns period=10.000ns})
  Path Group:             sys_clk_pin
  Path Type:              Hold (Min at Fast Process Corner)
  Requirement:            0.000ns  (sys_clk_pin rise@0.000ns - sys_clk_pin rise@0.000ns)
  Data Path Delay:        0.597ns  (logic 0.141ns (23.602%)  route 0.456ns (76.398%))
  Logic Levels:           0  
  Clock Path Skew:        0.000ns (DCD - SCD - CPR)
    Destination Clock Delay (DCD):    1.960ns
    Source Clock Delay      (SCD):    1.572ns
    Clock Pessimism Removal (CPR):    0.388ns

    Location             Delay type                Incr(ns)  Path(ns)    Netlist Resource(s)
  -------------------------------------------------------------------    -------------------
                         (clock sys_clk_pin rise edge)
                                                      0.000     0.000 r  
    E3                                                0.000     0.000 r  clk_port (IN)
                         net (fo=0)                   0.000     0.000    clk_port
    E3                   IBUF (Prop_ibuf_I_O)         0.250     0.250 r  clk_port_IBUF_inst/O
                         net (fo=20, routed)          1.323     1.572    design_random_i/inverter_real_6/inst/clk
    SLICE_X1Y111         FDRE                                         r  design_random_i/inverter_real_6/inst/value_reg/C
  -------------------------------------------------------------------    -------------------
    SLICE_X1Y111         FDRE (Prop_fdre_C_Q)         0.141     1.713 r  design_random_i/inverter_real_6/inst/value_reg/Q
                         net (fo=2, routed)           0.456     2.170    design_random_i/dff_module1_2/inst/in_dff
    SLICE_X1Y111         FDRE                                         r  design_random_i/dff_module1_2/inst/state_reg/D
  -------------------------------------------------------------------    -------------------

                         (clock sys_clk_pin rise edge)
                                                      0.000     0.000 r  
    E3                                                0.000     0.000 r  clk_port (IN)
                         net (fo=0)                   0.000     0.000    clk_port
    E3                   IBUF (Prop_ibuf_I_O)         0.438     0.438 r  clk_port_IBUF_inst/O
                         net (fo=20, routed)          1.523     1.960    design_random_i/dff_module1_2/inst/clk
    SLICE_X1Y111         FDRE                                         r  design_random_i/dff_module1_2/inst/state_reg/C
                         clock pessimism             -0.388     1.572    
    SLICE_X1Y111         FDRE (Hold_fdre_C_D)         0.075     1.647    design_random_i/dff_module1_2/inst/state_reg
  -------------------------------------------------------------------
                         required time                         -1.647    
                         arrival time                           2.170    
  -------------------------------------------------------------------
                         slack                                  0.522    

Slack (MET) :             0.569ns  (arrival time - required time)
  Source:                 design_random_i/inverter_real_12/inst/value_reg/C
                            (rising edge-triggered cell FDRE clocked by sys_clk_pin  {rise@0.000ns fall@5.000ns period=10.000ns})
  Destination:            design_random_i/inverter_real_11/inst/value_reg/D
                            (rising edge-triggered cell FDRE clocked by sys_clk_pin  {rise@0.000ns fall@5.000ns period=10.000ns})
  Path Group:             sys_clk_pin
  Path Type:              Hold (Min at Fast Process Corner)
  Requirement:            0.000ns  (sys_clk_pin rise@0.000ns - sys_clk_pin rise@0.000ns)
  Data Path Delay:        0.661ns  (logic 0.186ns (28.160%)  route 0.475ns (71.840%))
  Logic Levels:           1  (LUT2=1)
  Clock Path Skew:        0.000ns (DCD - SCD - CPR)
    Destination Clock Delay (DCD):    1.960ns
    Source Clock Delay      (SCD):    1.572ns
    Clock Pessimism Removal (CPR):    0.388ns

    Location             Delay type                Incr(ns)  Path(ns)    Netlist Resource(s)
  -------------------------------------------------------------------    -------------------
                         (clock sys_clk_pin rise edge)
                                                      0.000     0.000 r  
    E3                                                0.000     0.000 r  clk_port (IN)
                         net (fo=0)                   0.000     0.000    clk_port
    E3                   IBUF (Prop_ibuf_I_O)         0.250     0.250 r  clk_port_IBUF_inst/O
                         net (fo=20, routed)          1.323     1.572    design_random_i/inverter_real_12/inst/clk
    SLICE_X0Y111         FDRE                                         r  design_random_i/inverter_real_12/inst/value_reg/C
  -------------------------------------------------------------------    -------------------
    SLICE_X0Y111         FDRE (Prop_fdre_C_Q)         0.141     1.713 r  design_random_i/inverter_real_12/inst/value_reg/Q
                         net (fo=2, routed)           0.475     2.188    design_random_i/nand_module_6/in_nand
    SLICE_X0Y111         LUT2 (Prop_lut2_I0_O)        0.045     2.233 r  design_random_i/nand_module_6/out_nand_INST_0/O
                         net (fo=1, routed)           0.000     2.233    design_random_i/inverter_real_11/inst/p_0_in
    SLICE_X0Y111         FDRE                                         r  design_random_i/inverter_real_11/inst/value_reg/D
  -------------------------------------------------------------------    -------------------

                         (clock sys_clk_pin rise edge)
                                                      0.000     0.000 r  
    E3                                                0.000     0.000 r  clk_port (IN)
                         net (fo=0)                   0.000     0.000    clk_port
    E3                   IBUF (Prop_ibuf_I_O)         0.438     0.438 r  clk_port_IBUF_inst/O
                         net (fo=20, routed)          1.523     1.960    design_random_i/inverter_real_11/inst/clk
    SLICE_X0Y111         FDRE                                         r  design_random_i/inverter_real_11/inst/value_reg/C
                         clock pessimism             -0.388     1.572    
    SLICE_X0Y111         FDRE (Hold_fdre_C_D)         0.092     1.664    design_random_i/inverter_real_11/inst/value_reg
  -------------------------------------------------------------------
                         required time                         -1.664    
                         arrival time                           2.233    
  -------------------------------------------------------------------
                         slack                                  0.569    

Slack (MET) :             0.579ns  (arrival time - required time)
  Source:                 design_random_i/inverter_real_7/inst/value_reg/C
                            (rising edge-triggered cell FDRE clocked by sys_clk_pin  {rise@0.000ns fall@5.000ns period=10.000ns})
  Destination:            design_random_i/inverter_real_8/inst/value_reg/D
                            (rising edge-triggered cell FDRE clocked by sys_clk_pin  {rise@0.000ns fall@5.000ns period=10.000ns})
  Path Group:             sys_clk_pin
  Path Type:              Hold (Min at Fast Process Corner)
  Requirement:            0.000ns  (sys_clk_pin rise@0.000ns - sys_clk_pin rise@0.000ns)
  Data Path Delay:        0.671ns  (logic 0.186ns (27.702%)  route 0.485ns (72.298%))
  Logic Levels:           1  (LUT1=1)
  Clock Path Skew:        0.000ns (DCD - SCD - CPR)
    Destination Clock Delay (DCD):    1.956ns
    Source Clock Delay      (SCD):    1.568ns
    Clock Pessimism Removal (CPR):    0.388ns

    Location             Delay type                Incr(ns)  Path(ns)    Netlist Resource(s)
  -------------------------------------------------------------------    -------------------
                         (clock sys_clk_pin rise edge)
                                                      0.000     0.000 r  
    E3                                                0.000     0.000 r  clk_port (IN)
                         net (fo=0)                   0.000     0.000    clk_port
    E3                   IBUF (Prop_ibuf_I_O)         0.250     0.250 r  clk_port_IBUF_inst/O
                         net (fo=20, routed)          1.318     1.568    design_random_i/inverter_real_7/inst/clk
    SLICE_X1Y112         FDRE                                         r  design_random_i/inverter_real_7/inst/value_reg/C
  -------------------------------------------------------------------    -------------------
    SLICE_X1Y112         FDRE (Prop_fdre_C_Q)         0.141     1.709 f  design_random_i/inverter_real_7/inst/value_reg/Q
                         net (fo=1, routed)           0.485     2.194    design_random_i/inverter_real_8/inst/in_inv
    SLICE_X1Y112         LUT1 (Prop_lut1_I0_O)        0.045     2.239 r  design_random_i/inverter_real_8/inst/value_i_1/O
                         net (fo=1, routed)           0.000     2.239    design_random_i/inverter_real_8/inst/p_0_in
    SLICE_X1Y112         FDRE                                         r  design_random_i/inverter_real_8/inst/value_reg/D
  -------------------------------------------------------------------    -------------------

                         (clock sys_clk_pin rise edge)
                                                      0.000     0.000 r  
    E3                                                0.000     0.000 r  clk_port (IN)
                         net (fo=0)                   0.000     0.000    clk_port
    E3                   IBUF (Prop_ibuf_I_O)         0.438     0.438 r  clk_port_IBUF_inst/O
                         net (fo=20, routed)          1.518     1.956    design_random_i/inverter_real_8/inst/clk
    SLICE_X1Y112         FDRE                                         r  design_random_i/inverter_real_8/inst/value_reg/C
                         clock pessimism             -0.388     1.568    
    SLICE_X1Y112         FDRE (Hold_fdre_C_D)         0.092     1.660    design_random_i/inverter_real_8/inst/value_reg
  -------------------------------------------------------------------
                         required time                         -1.660    
                         arrival time                           2.239    
  -------------------------------------------------------------------
                         slack                                  0.579    

Slack (MET) :             0.583ns  (arrival time - required time)
  Source:                 design_random_i/inverter_real_11/inst/value_reg/C
                            (rising edge-triggered cell FDRE clocked by sys_clk_pin  {rise@0.000ns fall@5.000ns period=10.000ns})
  Destination:            design_random_i/inverter_real_12/inst/value_reg/D
                            (rising edge-triggered cell FDRE clocked by sys_clk_pin  {rise@0.000ns fall@5.000ns period=10.000ns})
  Path Group:             sys_clk_pin
  Path Type:              Hold (Min at Fast Process Corner)
  Requirement:            0.000ns  (sys_clk_pin rise@0.000ns - sys_clk_pin rise@0.000ns)
  Data Path Delay:        0.675ns  (logic 0.186ns (27.568%)  route 0.489ns (72.432%))
  Logic Levels:           1  (LUT1=1)
  Clock Path Skew:        0.000ns (DCD - SCD - CPR)
    Destination Clock Delay (DCD):    1.960ns
    Source Clock Delay      (SCD):    1.572ns
    Clock Pessimism Removal (CPR):    0.388ns

    Location             Delay type                Incr(ns)  Path(ns)    Netlist Resource(s)
  -------------------------------------------------------------------    -------------------
                         (clock sys_clk_pin rise edge)
                                                      0.000     0.000 r  
    E3                                                0.000     0.000 r  clk_port (IN)
                         net (fo=0)                   0.000     0.000    clk_port
    E3                   IBUF (Prop_ibuf_I_O)         0.250     0.250 r  clk_port_IBUF_inst/O
                         net (fo=20, routed)          1.323     1.572    design_random_i/inverter_real_11/inst/clk
    SLICE_X0Y111         FDRE                                         r  design_random_i/inverter_real_11/inst/value_reg/C
  -------------------------------------------------------------------    -------------------
    SLICE_X0Y111         FDRE (Prop_fdre_C_Q)         0.141     1.713 f  design_random_i/inverter_real_11/inst/value_reg/Q
                         net (fo=1, routed)           0.489     2.202    design_random_i/inverter_real_12/inst/in_inv
    SLICE_X0Y111         LUT1 (Prop_lut1_I0_O)        0.045     2.247 r  design_random_i/inverter_real_12/inst/value_i_1/O
                         net (fo=1, routed)           0.000     2.247    design_random_i/inverter_real_12/inst/p_0_in
    SLICE_X0Y111         FDRE                                         r  design_random_i/inverter_real_12/inst/value_reg/D
  -------------------------------------------------------------------    -------------------

                         (clock sys_clk_pin rise edge)
                                                      0.000     0.000 r  
    E3                                                0.000     0.000 r  clk_port (IN)
                         net (fo=0)                   0.000     0.000    clk_port
    E3                   IBUF (Prop_ibuf_I_O)         0.438     0.438 r  clk_port_IBUF_inst/O
                         net (fo=20, routed)          1.523     1.960    design_random_i/inverter_real_12/inst/clk
    SLICE_X0Y111         FDRE                                         r  design_random_i/inverter_real_12/inst/value_reg/C
                         clock pessimism             -0.388     1.572    
    SLICE_X0Y111         FDRE (Hold_fdre_C_D)         0.092     1.664    design_random_i/inverter_real_12/inst/value_reg
  -------------------------------------------------------------------
                         required time                         -1.664    
                         arrival time                           2.247    
  -------------------------------------------------------------------
                         slack                                  0.583    

Slack (MET) :             0.611ns  (arrival time - required time)
  Source:                 design_random_i/inverter_real_3/inst/value_reg/C
                            (rising edge-triggered cell FDRE clocked by sys_clk_pin  {rise@0.000ns fall@5.000ns period=10.000ns})
  Destination:            design_random_i/dff_module1_1/inst/state_reg/D
                            (rising edge-triggered cell FDRE clocked by sys_clk_pin  {rise@0.000ns fall@5.000ns period=10.000ns})
  Path Group:             sys_clk_pin
  Path Type:              Hold (Min at Fast Process Corner)
  Requirement:            0.000ns  (sys_clk_pin rise@0.000ns - sys_clk_pin rise@0.000ns)
  Data Path Delay:        0.695ns  (logic 0.141ns (20.296%)  route 0.554ns (79.704%))
  Logic Levels:           0  
  Clock Path Skew:        0.013ns (DCD - SCD - CPR)
    Destination Clock Delay (DCD):    1.956ns
    Source Clock Delay      (SCD):    1.568ns
    Clock Pessimism Removal (CPR):    0.375ns

    Location             Delay type                Incr(ns)  Path(ns)    Netlist Resource(s)
  -------------------------------------------------------------------    -------------------
                         (clock sys_clk_pin rise edge)
                                                      0.000     0.000 r  
    E3                                                0.000     0.000 r  clk_port (IN)
                         net (fo=0)                   0.000     0.000    clk_port
    E3                   IBUF (Prop_ibuf_I_O)         0.250     0.250 r  clk_port_IBUF_inst/O
                         net (fo=20, routed)          1.318     1.568    design_random_i/inverter_real_3/inst/clk
    SLICE_X1Y112         FDRE                                         r  design_random_i/inverter_real_3/inst/value_reg/C
  -------------------------------------------------------------------    -------------------
    SLICE_X1Y112         FDRE (Prop_fdre_C_Q)         0.141     1.709 r  design_random_i/inverter_real_3/inst/value_reg/Q
                         net (fo=2, routed)           0.554     2.263    design_random_i/dff_module1_1/inst/in_dff
    SLICE_X0Y112         FDRE                                         r  design_random_i/dff_module1_1/inst/state_reg/D
  -------------------------------------------------------------------    -------------------

                         (clock sys_clk_pin rise edge)
                                                      0.000     0.000 r  
    E3                                                0.000     0.000 r  clk_port (IN)
                         net (fo=0)                   0.000     0.000    clk_port
    E3                   IBUF (Prop_ibuf_I_O)         0.438     0.438 r  clk_port_IBUF_inst/O
                         net (fo=20, routed)          1.518     1.956    design_random_i/dff_module1_1/inst/clk
    SLICE_X0Y112         FDRE                                         r  design_random_i/dff_module1_1/inst/state_reg/C
                         clock pessimism             -0.375     1.581    
    SLICE_X0Y112         FDRE (Hold_fdre_C_D)         0.071     1.652    design_random_i/dff_module1_1/inst/state_reg
  -------------------------------------------------------------------
                         required time                         -1.652    
                         arrival time                           2.263    
  -------------------------------------------------------------------
                         slack                                  0.611    

Slack (MET) :             0.617ns  (arrival time - required time)
  Source:                 design_random_i/inverter_real_12/inst/value_reg/C
                            (rising edge-triggered cell FDRE clocked by sys_clk_pin  {rise@0.000ns fall@5.000ns period=10.000ns})
  Destination:            design_random_i/dff_module1_6/inst/state_reg/D
                            (rising edge-triggered cell FDRE clocked by sys_clk_pin  {rise@0.000ns fall@5.000ns period=10.000ns})
  Path Group:             sys_clk_pin
  Path Type:              Hold (Min at Fast Process Corner)
  Requirement:            0.000ns  (sys_clk_pin rise@0.000ns - sys_clk_pin rise@0.000ns)
  Data Path Delay:        0.734ns  (logic 0.141ns (19.206%)  route 0.593ns (80.794%))
  Logic Levels:           0  
  Clock Path Skew:        0.040ns (DCD - SCD - CPR)
    Destination Clock Delay (DCD):    1.956ns
    Source Clock Delay      (SCD):    1.572ns
    Clock Pessimism Removal (CPR):    0.344ns

    Location             Delay type                Incr(ns)  Path(ns)    Netlist Resource(s)
  -------------------------------------------------------------------    -------------------
                         (clock sys_clk_pin rise edge)
                                                      0.000     0.000 r  
    E3                                                0.000     0.000 r  clk_port (IN)
                         net (fo=0)                   0.000     0.000    clk_port
    E3                   IBUF (Prop_ibuf_I_O)         0.250     0.250 r  clk_port_IBUF_inst/O
                         net (fo=20, routed)          1.323     1.572    design_random_i/inverter_real_12/inst/clk
    SLICE_X0Y111         FDRE                                         r  design_random_i/inverter_real_12/inst/value_reg/C
  -------------------------------------------------------------------    -------------------
    SLICE_X0Y111         FDRE (Prop_fdre_C_Q)         0.141     1.713 r  design_random_i/inverter_real_12/inst/value_reg/Q
                         net (fo=2, routed)           0.593     2.306    design_random_i/dff_module1_6/inst/in_dff
    SLICE_X0Y112         FDRE                                         r  design_random_i/dff_module1_6/inst/state_reg/D
  -------------------------------------------------------------------    -------------------

                         (clock sys_clk_pin rise edge)
                                                      0.000     0.000 r  
    E3                                                0.000     0.000 r  clk_port (IN)
                         net (fo=0)                   0.000     0.000    clk_port
    E3                   IBUF (Prop_ibuf_I_O)         0.438     0.438 r  clk_port_IBUF_inst/O
                         net (fo=20, routed)          1.518     1.956    design_random_i/dff_module1_6/inst/clk
    SLICE_X0Y112         FDRE                                         r  design_random_i/dff_module1_6/inst/state_reg/C
                         clock pessimism             -0.344     1.612    
    SLICE_X0Y112         FDRE (Hold_fdre_C_D)         0.078     1.690    design_random_i/dff_module1_6/inst/state_reg
  -------------------------------------------------------------------
                         required time                         -1.690    
                         arrival time                           2.306    
  -------------------------------------------------------------------
                         slack                                  0.617    

Slack (MET) :             0.636ns  (arrival time - required time)
  Source:                 design_random_i/inverter_real_10/inst/value_reg/C
                            (rising edge-triggered cell FDRE clocked by sys_clk_pin  {rise@0.000ns fall@5.000ns period=10.000ns})
  Destination:            design_random_i/dff_module1_5/inst/state_reg/D
                            (rising edge-triggered cell FDRE clocked by sys_clk_pin  {rise@0.000ns fall@5.000ns period=10.000ns})
  Path Group:             sys_clk_pin
  Path Type:              Hold (Min at Fast Process Corner)
  Requirement:            0.000ns  (sys_clk_pin rise@0.000ns - sys_clk_pin rise@0.000ns)
  Data Path Delay:        0.737ns  (logic 0.141ns (19.122%)  route 0.596ns (80.878%))
  Logic Levels:           0  
  Clock Path Skew:        0.040ns (DCD - SCD - CPR)
    Destination Clock Delay (DCD):    1.956ns
    Source Clock Delay      (SCD):    1.572ns
    Clock Pessimism Removal (CPR):    0.344ns

    Location             Delay type                Incr(ns)  Path(ns)    Netlist Resource(s)
  -------------------------------------------------------------------    -------------------
                         (clock sys_clk_pin rise edge)
                                                      0.000     0.000 r  
    E3                                                0.000     0.000 r  clk_port (IN)
                         net (fo=0)                   0.000     0.000    clk_port
    E3                   IBUF (Prop_ibuf_I_O)         0.250     0.250 r  clk_port_IBUF_inst/O
                         net (fo=20, routed)          1.323     1.572    design_random_i/inverter_real_10/inst/clk
    SLICE_X0Y111         FDRE                                         r  design_random_i/inverter_real_10/inst/value_reg/C
  -------------------------------------------------------------------    -------------------
    SLICE_X0Y111         FDRE (Prop_fdre_C_Q)         0.141     1.713 r  design_random_i/inverter_real_10/inst/value_reg/Q
                         net (fo=2, routed)           0.596     2.310    design_random_i/dff_module1_5/inst/in_dff
    SLICE_X0Y112         FDRE                                         r  design_random_i/dff_module1_5/inst/state_reg/D
  -------------------------------------------------------------------    -------------------

                         (clock sys_clk_pin rise edge)
                                                      0.000     0.000 r  
    E3                                                0.000     0.000 r  clk_port (IN)
                         net (fo=0)                   0.000     0.000    clk_port
    E3                   IBUF (Prop_ibuf_I_O)         0.438     0.438 r  clk_port_IBUF_inst/O
                         net (fo=20, routed)          1.518     1.956    design_random_i/dff_module1_5/inst/clk
    SLICE_X0Y112         FDRE                                         r  design_random_i/dff_module1_5/inst/state_reg/C
                         clock pessimism             -0.344     1.612    
    SLICE_X0Y112         FDRE (Hold_fdre_C_D)         0.062     1.674    design_random_i/dff_module1_5/inst/state_reg
  -------------------------------------------------------------------
                         required time                         -1.674    
                         arrival time                           2.310    
  -------------------------------------------------------------------
                         slack                                  0.636    

Slack (MET) :             0.638ns  (arrival time - required time)
  Source:                 design_random_i/inverter_real_10/inst/value_reg/C
                            (rising edge-triggered cell FDRE clocked by sys_clk_pin  {rise@0.000ns fall@5.000ns period=10.000ns})
  Destination:            design_random_i/inverter_real_9/inst/value_reg/D
                            (rising edge-triggered cell FDRE clocked by sys_clk_pin  {rise@0.000ns fall@5.000ns period=10.000ns})
  Path Group:             sys_clk_pin
  Path Type:              Hold (Min at Fast Process Corner)
  Requirement:            0.000ns  (sys_clk_pin rise@0.000ns - sys_clk_pin rise@0.000ns)
  Data Path Delay:        0.730ns  (logic 0.186ns (25.473%)  route 0.544ns (74.527%))
  Logic Levels:           1  (LUT2=1)
  Clock Path Skew:        0.000ns (DCD - SCD - CPR)
    Destination Clock Delay (DCD):    1.960ns
    Source Clock Delay      (SCD):    1.572ns
    Clock Pessimism Removal (CPR):    0.388ns

    Location             Delay type                Incr(ns)  Path(ns)    Netlist Resource(s)
  -------------------------------------------------------------------    -------------------
                         (clock sys_clk_pin rise edge)
                                                      0.000     0.000 r  
    E3                                                0.000     0.000 r  clk_port (IN)
                         net (fo=0)                   0.000     0.000    clk_port
    E3                   IBUF (Prop_ibuf_I_O)         0.250     0.250 r  clk_port_IBUF_inst/O
                         net (fo=20, routed)          1.323     1.572    design_random_i/inverter_real_10/inst/clk
    SLICE_X0Y111         FDRE                                         r  design_random_i/inverter_real_10/inst/value_reg/C
  -------------------------------------------------------------------    -------------------
    SLICE_X0Y111         FDRE (Prop_fdre_C_Q)         0.141     1.713 r  design_random_i/inverter_real_10/inst/value_reg/Q
                         net (fo=2, routed)           0.544     2.257    design_random_i/nand_module_5/in_nand
    SLICE_X0Y111         LUT2 (Prop_lut2_I0_O)        0.045     2.302 r  design_random_i/nand_module_5/out_nand_INST_0/O
                         net (fo=1, routed)           0.000     2.302    design_random_i/inverter_real_9/inst/p_0_in
    SLICE_X0Y111         FDRE                                         r  design_random_i/inverter_real_9/inst/value_reg/D
  -------------------------------------------------------------------    -------------------

                         (clock sys_clk_pin rise edge)
                                                      0.000     0.000 r  
    E3                                                0.000     0.000 r  clk_port (IN)
                         net (fo=0)                   0.000     0.000    clk_port
    E3                   IBUF (Prop_ibuf_I_O)         0.438     0.438 r  clk_port_IBUF_inst/O
                         net (fo=20, routed)          1.523     1.960    design_random_i/inverter_real_9/inst/clk
    SLICE_X0Y111         FDRE                                         r  design_random_i/inverter_real_9/inst/value_reg/C
                         clock pessimism             -0.388     1.572    
    SLICE_X0Y111         FDRE (Hold_fdre_C_D)         0.092     1.664    design_random_i/inverter_real_9/inst/value_reg
  -------------------------------------------------------------------
                         required time                         -1.664    
                         arrival time                           2.302    
  -------------------------------------------------------------------
                         slack                                  0.638    





Pulse Width Checks
--------------------------------------------------------------------------------------
Clock Name:         sys_clk_pin
Waveform(ns):       { 0.000 5.000 }
Period(ns):         10.000
Sources:            { clk_port }

Check Type        Corner  Lib Pin  Reference Pin  Required(ns)  Actual(ns)  Slack(ns)  Location      Pin
Min Period        n/a     FDRE/C   n/a            1.000         10.000      9.000      SLICE_X0Y112  design_random_i/dff_module1_0/inst/state_reg/C
Min Period        n/a     FDRE/C   n/a            1.000         10.000      9.000      SLICE_X0Y112  design_random_i/dff_module1_1/inst/state_reg/C
Min Period        n/a     FDRE/C   n/a            1.000         10.000      9.000      SLICE_X1Y111  design_random_i/dff_module1_2/inst/state_reg/C
Min Period        n/a     FDRE/C   n/a            1.000         10.000      9.000      SLICE_X0Y112  design_random_i/dff_module1_3/inst/state_reg/C
Min Period        n/a     FDRE/C   n/a            1.000         10.000      9.000      SLICE_X0Y112  design_random_i/dff_module1_4/inst/state_reg/C
Min Period        n/a     FDRE/C   n/a            1.000         10.000      9.000      SLICE_X0Y112  design_random_i/dff_module1_5/inst/state_reg/C
Min Period        n/a     FDRE/C   n/a            1.000         10.000      9.000      SLICE_X0Y112  design_random_i/dff_module1_6/inst/state_reg/C
Min Period        n/a     FDRE/C   n/a            1.000         10.000      9.000      SLICE_X0Y112  design_random_i/inverter_real_0/inst/value_reg/C
Min Period        n/a     FDRE/C   n/a            1.000         10.000      9.000      SLICE_X0Y112  design_random_i/inverter_real_1/inst/value_reg/C
Min Period        n/a     FDRE/C   n/a            1.000         10.000      9.000      SLICE_X0Y111  design_random_i/inverter_real_10/inst/value_reg/C
Low Pulse Width   Slow    FDRE/C   n/a            0.500         5.000       4.500      SLICE_X0Y112  design_random_i/dff_module1_0/inst/state_reg/C
Low Pulse Width   Fast    FDRE/C   n/a            0.500         5.000       4.500      SLICE_X0Y112  design_random_i/dff_module1_0/inst/state_reg/C
Low Pulse Width   Slow    FDRE/C   n/a            0.500         5.000       4.500      SLICE_X0Y112  design_random_i/dff_module1_1/inst/state_reg/C
Low Pulse Width   Fast    FDRE/C   n/a            0.500         5.000       4.500      SLICE_X0Y112  design_random_i/dff_module1_1/inst/state_reg/C
Low Pulse Width   Slow    FDRE/C   n/a            0.500         5.000       4.500      SLICE_X1Y111  design_random_i/dff_module1_2/inst/state_reg/C
Low Pulse Width   Fast    FDRE/C   n/a            0.500         5.000       4.500      SLICE_X1Y111  design_random_i/dff_module1_2/inst/state_reg/C
Low Pulse Width   Slow    FDRE/C   n/a            0.500         5.000       4.500      SLICE_X0Y112  design_random_i/dff_module1_3/inst/state_reg/C
Low Pulse Width   Fast    FDRE/C   n/a            0.500         5.000       4.500      SLICE_X0Y112  design_random_i/dff_module1_3/inst/state_reg/C
Low Pulse Width   Slow    FDRE/C   n/a            0.500         5.000       4.500      SLICE_X0Y112  design_random_i/dff_module1_4/inst/state_reg/C
Low Pulse Width   Fast    FDRE/C   n/a            0.500         5.000       4.500      SLICE_X0Y112  design_random_i/dff_module1_4/inst/state_reg/C
High Pulse Width  Slow    FDRE/C   n/a            0.500         5.000       4.500      SLICE_X0Y112  design_random_i/dff_module1_0/inst/state_reg/C
High Pulse Width  Fast    FDRE/C   n/a            0.500         5.000       4.500      SLICE_X0Y112  design_random_i/dff_module1_0/inst/state_reg/C
High Pulse Width  Slow    FDRE/C   n/a            0.500         5.000       4.500      SLICE_X0Y112  design_random_i/dff_module1_1/inst/state_reg/C
High Pulse Width  Fast    FDRE/C   n/a            0.500         5.000       4.500      SLICE_X0Y112  design_random_i/dff_module1_1/inst/state_reg/C
High Pulse Width  Slow    FDRE/C   n/a            0.500         5.000       4.500      SLICE_X1Y111  design_random_i/dff_module1_2/inst/state_reg/C
High Pulse Width  Fast    FDRE/C   n/a            0.500         5.000       4.500      SLICE_X1Y111  design_random_i/dff_module1_2/inst/state_reg/C
High Pulse Width  Slow    FDRE/C   n/a            0.500         5.000       4.500      SLICE_X0Y112  design_random_i/dff_module1_3/inst/state_reg/C
High Pulse Width  Fast    FDRE/C   n/a            0.500         5.000       4.500      SLICE_X0Y112  design_random_i/dff_module1_3/inst/state_reg/C
High Pulse Width  Slow    FDRE/C   n/a            0.500         5.000       4.500      SLICE_X0Y112  design_random_i/dff_module1_4/inst/state_reg/C
High Pulse Width  Fast    FDRE/C   n/a            0.500         5.000       4.500      SLICE_X0Y112  design_random_i/dff_module1_4/inst/state_reg/C



--------------------------------------------------------------------------------------
Path Group:  (none)
From Clock:  sys_clk_pin
  To Clock:  

Max Delay             1 Endpoint
Min Delay             1 Endpoint
--------------------------------------------------------------------------------------


Max Delay Paths
--------------------------------------------------------------------------------------
Slack:                    inf
  Source:                 design_random_i/dff_module1_4/inst/state_reg/C
                            (rising edge-triggered cell FDRE clocked by sys_clk_pin  {rise@0.000ns fall@5.000ns period=10.000ns})
  Destination:            out_port
                            (output port)
  Path Group:             (none)
  Path Type:              Max at Slow Process Corner
  Data Path Delay:        5.652ns  (logic 3.976ns (70.354%)  route 1.676ns (29.646%))
  Logic Levels:           1  (OBUF=1)
  Clock Uncertainty:      0.025ns  ((TSJ^2 + TIJ^2)^1/2 + DJ) / 2 + PE
    Total System Jitter     (TSJ):    0.050ns
    Total Input Jitter      (TIJ):    0.000ns
    Discrete Jitter          (DJ):    0.000ns
    Phase Error              (PE):    0.000ns

    Location             Delay type                Incr(ns)  Path(ns)    Netlist Resource(s)
  -------------------------------------------------------------------    -------------------
                         (clock sys_clk_pin rise edge)
                                                      0.000     0.000 r  
    E3                                                0.000     0.000 r  clk_port (IN)
                         net (fo=0)                   0.000     0.000    clk_port
    E3                   IBUF (Prop_ibuf_I_O)         1.482     1.482 r  clk_port_IBUF_inst/O
                         net (fo=20, routed)          2.989     4.471    design_random_i/dff_module1_4/inst/clk
    SLICE_X0Y112         FDRE                                         r  design_random_i/dff_module1_4/inst/state_reg/C
  -------------------------------------------------------------------    -------------------
    SLICE_X0Y112         FDRE (Prop_fdre_C_Q)         0.456     4.927 r  design_random_i/dff_module1_4/inst/state_reg/Q
                         net (fo=1, routed)           1.676     6.603    out_port_OBUF
    H17                  OBUF (Prop_obuf_I_O)         3.520    10.123 r  out_port_OBUF_inst/O
                         net (fo=0)                   0.000    10.123    out_port
    H17                                                               r  out_port (OUT)
  -------------------------------------------------------------------    -------------------





Min Delay Paths
--------------------------------------------------------------------------------------
Slack:                    inf
  Source:                 design_random_i/dff_module1_4/inst/state_reg/C
                            (rising edge-triggered cell FDRE clocked by sys_clk_pin  {rise@0.000ns fall@5.000ns period=10.000ns})
  Destination:            out_port
                            (output port)
  Path Group:             (none)
  Path Type:              Min at Fast Process Corner
  Data Path Delay:        1.709ns  (logic 1.362ns (79.720%)  route 0.347ns (20.280%))
  Logic Levels:           1  (OBUF=1)
  Clock Uncertainty:      0.025ns  ((TSJ^2 + TIJ^2)^1/2 + DJ) / 2 + PE
    Total System Jitter     (TSJ):    0.050ns
    Total Input Jitter      (TIJ):    0.000ns
    Discrete Jitter          (DJ):    0.000ns
    Phase Error              (PE):    0.000ns

    Location             Delay type                Incr(ns)  Path(ns)    Netlist Resource(s)
  -------------------------------------------------------------------    -------------------
                         (clock sys_clk_pin rise edge)
                                                      0.000     0.000 r  
    E3                                                0.000     0.000 r  clk_port (IN)
                         net (fo=0)                   0.000     0.000    clk_port
    E3                   IBUF (Prop_ibuf_I_O)         0.250     0.250 r  clk_port_IBUF_inst/O
                         net (fo=20, routed)          1.318     1.568    design_random_i/dff_module1_4/inst/clk
    SLICE_X0Y112         FDRE                                         r  design_random_i/dff_module1_4/inst/state_reg/C
  -------------------------------------------------------------------    -------------------
    SLICE_X0Y112         FDRE (Prop_fdre_C_Q)         0.141     1.709 r  design_random_i/dff_module1_4/inst/state_reg/Q
                         net (fo=1, routed)           0.347     2.056    out_port_OBUF
    H17                  OBUF (Prop_obuf_I_O)         1.221     3.277 r  out_port_OBUF_inst/O
                         net (fo=0)                   0.000     3.277    out_port
    H17                                                               r  out_port (OUT)
  -------------------------------------------------------------------    -------------------





--------------------------------------------------------------------------------------
Path Group:  (none)
From Clock:  
  To Clock:  sys_clk_pin

Max Delay             6 Endpoints
Min Delay             6 Endpoints
--------------------------------------------------------------------------------------


Max Delay Paths
--------------------------------------------------------------------------------------
Slack:                    inf
  Source:                 en1_port
                            (input port)
  Destination:            design_random_i/inverter_real_11/inst/value_reg/D
                            (rising edge-triggered cell FDRE clocked by sys_clk_pin  {rise@0.000ns fall@5.000ns period=10.000ns})
  Path Group:             (none)
  Path Type:              Setup (Max at Slow Process Corner)
  Data Path Delay:        3.440ns  (logic 1.604ns (46.612%)  route 1.837ns (53.388%))
  Logic Levels:           2  (IBUF=1 LUT2=1)
  Clock Path Skew:        3.974ns (DCD - SCD + CPR)
    Destination Clock Delay (DCD):    3.974ns
    Source Clock Delay      (SCD):    0.000ns
    Clock Pessimism Removal (CPR):    0.000ns
  Clock Uncertainty:      0.025ns  ((TSJ^2 + TIJ^2)^1/2 + DJ) / 2 + PE
    Total System Jitter     (TSJ):    0.050ns
    Total Input Jitter      (TIJ):    0.000ns
    Discrete Jitter          (DJ):    0.000ns
    Phase Error              (PE):    0.000ns

    Location             Delay type                Incr(ns)  Path(ns)    Netlist Resource(s)
  -------------------------------------------------------------------    -------------------
    L16                                               0.000     0.000 r  en1_port (IN)
                         net (fo=0)                   0.000     0.000    en1_port
    L16                  IBUF (Prop_ibuf_I_O)         1.480     1.480 r  en1_port_IBUF_inst/O
                         net (fo=2, routed)           1.837     3.316    design_random_i/nand_module_6/en0
    SLICE_X0Y111         LUT2 (Prop_lut2_I1_O)        0.124     3.440 r  design_random_i/nand_module_6/out_nand_INST_0/O
                         net (fo=1, routed)           0.000     3.440    design_random_i/inverter_real_11/inst/p_0_in
    SLICE_X0Y111         FDRE                                         r  design_random_i/inverter_real_11/inst/value_reg/D
  -------------------------------------------------------------------    -------------------

                         (clock sys_clk_pin rise edge)
                                                      0.000     0.000 r  
    E3                                                0.000     0.000 r  clk_port (IN)
                         net (fo=0)                   0.000     0.000    clk_port
    E3                   IBUF (Prop_ibuf_I_O)         1.411     1.411 r  clk_port_IBUF_inst/O
                         net (fo=20, routed)          2.563     3.974    design_random_i/inverter_real_11/inst/clk
    SLICE_X0Y111         FDRE                                         r  design_random_i/inverter_real_11/inst/value_reg/C

Slack:                    inf
  Source:                 en1_port
                            (input port)
  Destination:            design_random_i/inverter_real_9/inst/value_reg/D
                            (rising edge-triggered cell FDRE clocked by sys_clk_pin  {rise@0.000ns fall@5.000ns period=10.000ns})
  Path Group:             (none)
  Path Type:              Setup (Max at Slow Process Corner)
  Data Path Delay:        3.439ns  (logic 1.604ns (46.630%)  route 1.835ns (53.370%))
  Logic Levels:           2  (IBUF=1 LUT2=1)
  Clock Path Skew:        3.974ns (DCD - SCD + CPR)
    Destination Clock Delay (DCD):    3.974ns
    Source Clock Delay      (SCD):    0.000ns
    Clock Pessimism Removal (CPR):    0.000ns
  Clock Uncertainty:      0.025ns  ((TSJ^2 + TIJ^2)^1/2 + DJ) / 2 + PE
    Total System Jitter     (TSJ):    0.050ns
    Total Input Jitter      (TIJ):    0.000ns
    Discrete Jitter          (DJ):    0.000ns
    Phase Error              (PE):    0.000ns

    Location             Delay type                Incr(ns)  Path(ns)    Netlist Resource(s)
  -------------------------------------------------------------------    -------------------
    L16                                               0.000     0.000 r  en1_port (IN)
                         net (fo=0)                   0.000     0.000    en1_port
    L16                  IBUF (Prop_ibuf_I_O)         1.480     1.480 r  en1_port_IBUF_inst/O
                         net (fo=2, routed)           1.835     3.315    design_random_i/nand_module_5/en0
    SLICE_X0Y111         LUT2 (Prop_lut2_I1_O)        0.124     3.439 r  design_random_i/nand_module_5/out_nand_INST_0/O
                         net (fo=1, routed)           0.000     3.439    design_random_i/inverter_real_9/inst/p_0_in
    SLICE_X0Y111         FDRE                                         r  design_random_i/inverter_real_9/inst/value_reg/D
  -------------------------------------------------------------------    -------------------

                         (clock sys_clk_pin rise edge)
                                                      0.000     0.000 r  
    E3                                                0.000     0.000 r  clk_port (IN)
                         net (fo=0)                   0.000     0.000    clk_port
    E3                   IBUF (Prop_ibuf_I_O)         1.411     1.411 r  clk_port_IBUF_inst/O
                         net (fo=20, routed)          2.563     3.974    design_random_i/inverter_real_9/inst/clk
    SLICE_X0Y111         FDRE                                         r  design_random_i/inverter_real_9/inst/value_reg/C

Slack:                    inf
  Source:                 en0_port
                            (input port)
  Destination:            design_random_i/inverter_real_7/inst/value_reg/D
                            (rising edge-triggered cell FDRE clocked by sys_clk_pin  {rise@0.000ns fall@5.000ns period=10.000ns})
  Path Group:             (none)
  Path Type:              Setup (Max at Slow Process Corner)
  Data Path Delay:        3.375ns  (logic 1.602ns (47.452%)  route 1.774ns (52.548%))
  Logic Levels:           2  (IBUF=1 LUT2=1)
  Clock Path Skew:        3.974ns (DCD - SCD + CPR)
    Destination Clock Delay (DCD):    3.974ns
    Source Clock Delay      (SCD):    0.000ns
    Clock Pessimism Removal (CPR):    0.000ns
  Clock Uncertainty:      0.025ns  ((TSJ^2 + TIJ^2)^1/2 + DJ) / 2 + PE
    Total System Jitter     (TSJ):    0.050ns
    Total Input Jitter      (TIJ):    0.000ns
    Discrete Jitter          (DJ):    0.000ns
    Phase Error              (PE):    0.000ns

    Location             Delay type                Incr(ns)  Path(ns)    Netlist Resource(s)
  -------------------------------------------------------------------    -------------------
    J15                                               0.000     0.000 r  en0_port (IN)
                         net (fo=0)                   0.000     0.000    en0_port
    J15                  IBUF (Prop_ibuf_I_O)         1.478     1.478 r  en0_port_IBUF_inst/O
                         net (fo=4, routed)           1.774     3.251    design_random_i/nand_module_3/en0
    SLICE_X1Y112         LUT2 (Prop_lut2_I1_O)        0.124     3.375 r  design_random_i/nand_module_3/out_nand_INST_0/O
                         net (fo=1, routed)           0.000     3.375    design_random_i/inverter_real_7/inst/p_0_in
    SLICE_X1Y112         FDRE                                         r  design_random_i/inverter_real_7/inst/value_reg/D
  -------------------------------------------------------------------    -------------------

                         (clock sys_clk_pin rise edge)
                                                      0.000     0.000 r  
    E3                                                0.000     0.000 r  clk_port (IN)
                         net (fo=0)                   0.000     0.000    clk_port
    E3                   IBUF (Prop_ibuf_I_O)         1.411     1.411 r  clk_port_IBUF_inst/O
                         net (fo=20, routed)          2.562     3.974    design_random_i/inverter_real_7/inst/clk
    SLICE_X1Y112         FDRE                                         r  design_random_i/inverter_real_7/inst/value_reg/C

Slack:                    inf
  Source:                 en0_port
                            (input port)
  Destination:            design_random_i/inverter_real_2/inst/value_reg/D
                            (rising edge-triggered cell FDRE clocked by sys_clk_pin  {rise@0.000ns fall@5.000ns period=10.000ns})
  Path Group:             (none)
  Path Type:              Setup (Max at Slow Process Corner)
  Data Path Delay:        3.373ns  (logic 1.602ns (47.480%)  route 1.772ns (52.520%))
  Logic Levels:           2  (IBUF=1 LUT2=1)
  Clock Path Skew:        3.974ns (DCD - SCD + CPR)
    Destination Clock Delay (DCD):    3.974ns
    Source Clock Delay      (SCD):    0.000ns
    Clock Pessimism Removal (CPR):    0.000ns
  Clock Uncertainty:      0.025ns  ((TSJ^2 + TIJ^2)^1/2 + DJ) / 2 + PE
    Total System Jitter     (TSJ):    0.050ns
    Total Input Jitter      (TIJ):    0.000ns
    Discrete Jitter          (DJ):    0.000ns
    Phase Error              (PE):    0.000ns

    Location             Delay type                Incr(ns)  Path(ns)    Netlist Resource(s)
  -------------------------------------------------------------------    -------------------
    J15                                               0.000     0.000 r  en0_port (IN)
                         net (fo=0)                   0.000     0.000    en0_port
    J15                  IBUF (Prop_ibuf_I_O)         1.478     1.478 r  en0_port_IBUF_inst/O
                         net (fo=4, routed)           1.772     3.249    design_random_i/nand_module_1/en0
    SLICE_X1Y112         LUT2 (Prop_lut2_I1_O)        0.124     3.373 r  design_random_i/nand_module_1/out_nand_INST_0/O
                         net (fo=1, routed)           0.000     3.373    design_random_i/inverter_real_2/inst/p_0_in
    SLICE_X1Y112         FDRE                                         r  design_random_i/inverter_real_2/inst/value_reg/D
  -------------------------------------------------------------------    -------------------

                         (clock sys_clk_pin rise edge)
                                                      0.000     0.000 r  
    E3                                                0.000     0.000 r  clk_port (IN)
                         net (fo=0)                   0.000     0.000    clk_port
    E3                   IBUF (Prop_ibuf_I_O)         1.411     1.411 r  clk_port_IBUF_inst/O
                         net (fo=20, routed)          2.562     3.974    design_random_i/inverter_real_2/inst/clk
    SLICE_X1Y112         FDRE                                         r  design_random_i/inverter_real_2/inst/value_reg/C

Slack:                    inf
  Source:                 en0_port
                            (input port)
  Destination:            design_random_i/inverter_real_4/inst/value_reg/D
                            (rising edge-triggered cell FDRE clocked by sys_clk_pin  {rise@0.000ns fall@5.000ns period=10.000ns})
  Path Group:             (none)
  Path Type:              Setup (Max at Slow Process Corner)
  Data Path Delay:        2.989ns  (logic 1.602ns (53.582%)  route 1.387ns (46.418%))
  Logic Levels:           2  (IBUF=1 LUT2=1)
  Clock Path Skew:        3.974ns (DCD - SCD + CPR)
    Destination Clock Delay (DCD):    3.974ns
    Source Clock Delay      (SCD):    0.000ns
    Clock Pessimism Removal (CPR):    0.000ns
  Clock Uncertainty:      0.025ns  ((TSJ^2 + TIJ^2)^1/2 + DJ) / 2 + PE
    Total System Jitter     (TSJ):    0.050ns
    Total Input Jitter      (TIJ):    0.000ns
    Discrete Jitter          (DJ):    0.000ns
    Phase Error              (PE):    0.000ns

    Location             Delay type                Incr(ns)  Path(ns)    Netlist Resource(s)
  -------------------------------------------------------------------    -------------------
    J15                                               0.000     0.000 r  en0_port (IN)
                         net (fo=0)                   0.000     0.000    en0_port
    J15                  IBUF (Prop_ibuf_I_O)         1.478     1.478 r  en0_port_IBUF_inst/O
                         net (fo=4, routed)           1.387     2.865    design_random_i/nand_module_2/en0
    SLICE_X1Y111         LUT2 (Prop_lut2_I1_O)        0.124     2.989 r  design_random_i/nand_module_2/out_nand_INST_0/O
                         net (fo=1, routed)           0.000     2.989    design_random_i/inverter_real_4/inst/p_0_in
    SLICE_X1Y111         FDRE                                         r  design_random_i/inverter_real_4/inst/value_reg/D
  -------------------------------------------------------------------    -------------------

                         (clock sys_clk_pin rise edge)
                                                      0.000     0.000 r  
    E3                                                0.000     0.000 r  clk_port (IN)
                         net (fo=0)                   0.000     0.000    clk_port
    E3                   IBUF (Prop_ibuf_I_O)         1.411     1.411 r  clk_port_IBUF_inst/O
                         net (fo=20, routed)          2.563     3.974    design_random_i/inverter_real_4/inst/clk
    SLICE_X1Y111         FDRE                                         r  design_random_i/inverter_real_4/inst/value_reg/C

Slack:                    inf
  Source:                 en0_port
                            (input port)
  Destination:            design_random_i/inverter_real_0/inst/value_reg/D
                            (rising edge-triggered cell FDRE clocked by sys_clk_pin  {rise@0.000ns fall@5.000ns period=10.000ns})
  Path Group:             (none)
  Path Type:              Setup (Max at Slow Process Corner)
  Data Path Delay:        2.876ns  (logic 1.602ns (55.697%)  route 1.274ns (44.303%))
  Logic Levels:           2  (IBUF=1 LUT2=1)
  Clock Path Skew:        3.974ns (DCD - SCD + CPR)
    Destination Clock Delay (DCD):    3.974ns
    Source Clock Delay      (SCD):    0.000ns
    Clock Pessimism Removal (CPR):    0.000ns
  Clock Uncertainty:      0.025ns  ((TSJ^2 + TIJ^2)^1/2 + DJ) / 2 + PE
    Total System Jitter     (TSJ):    0.050ns
    Total Input Jitter      (TIJ):    0.000ns
    Discrete Jitter          (DJ):    0.000ns
    Phase Error              (PE):    0.000ns

    Location             Delay type                Incr(ns)  Path(ns)    Netlist Resource(s)
  -------------------------------------------------------------------    -------------------
    J15                                               0.000     0.000 r  en0_port (IN)
                         net (fo=0)                   0.000     0.000    en0_port
    J15                  IBUF (Prop_ibuf_I_O)         1.478     1.478 r  en0_port_IBUF_inst/O
                         net (fo=4, routed)           1.274     2.752    design_random_i/nand_module_0/en0
    SLICE_X0Y112         LUT2 (Prop_lut2_I1_O)        0.124     2.876 r  design_random_i/nand_module_0/out_nand_INST_0/O
                         net (fo=1, routed)           0.000     2.876    design_random_i/inverter_real_0/inst/p_0_in
    SLICE_X0Y112         FDRE                                         r  design_random_i/inverter_real_0/inst/value_reg/D
  -------------------------------------------------------------------    -------------------

                         (clock sys_clk_pin rise edge)
                                                      0.000     0.000 r  
    E3                                                0.000     0.000 r  clk_port (IN)
                         net (fo=0)                   0.000     0.000    clk_port
    E3                   IBUF (Prop_ibuf_I_O)         1.411     1.411 r  clk_port_IBUF_inst/O
                         net (fo=20, routed)          2.562     3.974    design_random_i/inverter_real_0/inst/clk
    SLICE_X0Y112         FDRE                                         r  design_random_i/inverter_real_0/inst/value_reg/C





Min Delay Paths
--------------------------------------------------------------------------------------
Slack:                    inf
  Source:                 en0_port
                            (input port)
  Destination:            design_random_i/inverter_real_0/inst/value_reg/D
                            (rising edge-triggered cell FDRE clocked by sys_clk_pin  {rise@0.000ns fall@5.000ns period=10.000ns})
  Path Group:             (none)
  Path Type:              Hold (Min at Fast Process Corner)
  Data Path Delay:        0.825ns  (logic 0.290ns (35.189%)  route 0.535ns (64.811%))
  Logic Levels:           2  (IBUF=1 LUT2=1)
  Clock Path Skew:        1.956ns (DCD - SCD - CPR)
    Destination Clock Delay (DCD):    1.956ns
    Source Clock Delay      (SCD):    0.000ns
    Clock Pessimism Removal (CPR):    -0.000ns

    Location             Delay type                Incr(ns)  Path(ns)    Netlist Resource(s)
  -------------------------------------------------------------------    -------------------
    J15                                               0.000     0.000 r  en0_port (IN)
                         net (fo=0)                   0.000     0.000    en0_port
    J15                  IBUF (Prop_ibuf_I_O)         0.245     0.245 r  en0_port_IBUF_inst/O
                         net (fo=4, routed)           0.535     0.780    design_random_i/nand_module_0/en0
    SLICE_X0Y112         LUT2 (Prop_lut2_I1_O)        0.045     0.825 r  design_random_i/nand_module_0/out_nand_INST_0/O
                         net (fo=1, routed)           0.000     0.825    design_random_i/inverter_real_0/inst/p_0_in
    SLICE_X0Y112         FDRE                                         r  design_random_i/inverter_real_0/inst/value_reg/D
  -------------------------------------------------------------------    -------------------

                         (clock sys_clk_pin rise edge)
                                                      0.000     0.000 r  
    E3                                                0.000     0.000 r  clk_port (IN)
                         net (fo=0)                   0.000     0.000    clk_port
    E3                   IBUF (Prop_ibuf_I_O)         0.438     0.438 r  clk_port_IBUF_inst/O
                         net (fo=20, routed)          1.518     1.956    design_random_i/inverter_real_0/inst/clk
    SLICE_X0Y112         FDRE                                         r  design_random_i/inverter_real_0/inst/value_reg/C

Slack:                    inf
  Source:                 en0_port
                            (input port)
  Destination:            design_random_i/inverter_real_4/inst/value_reg/D
                            (rising edge-triggered cell FDRE clocked by sys_clk_pin  {rise@0.000ns fall@5.000ns period=10.000ns})
  Path Group:             (none)
  Path Type:              Hold (Min at Fast Process Corner)
  Data Path Delay:        0.833ns  (logic 0.290ns (34.872%)  route 0.542ns (65.128%))
  Logic Levels:           2  (IBUF=1 LUT2=1)
  Clock Path Skew:        1.960ns (DCD - SCD - CPR)
    Destination Clock Delay (DCD):    1.960ns
    Source Clock Delay      (SCD):    0.000ns
    Clock Pessimism Removal (CPR):    -0.000ns

    Location             Delay type                Incr(ns)  Path(ns)    Netlist Resource(s)
  -------------------------------------------------------------------    -------------------
    J15                                               0.000     0.000 r  en0_port (IN)
                         net (fo=0)                   0.000     0.000    en0_port
    J15                  IBUF (Prop_ibuf_I_O)         0.245     0.245 r  en0_port_IBUF_inst/O
                         net (fo=4, routed)           0.542     0.788    design_random_i/nand_module_2/en0
    SLICE_X1Y111         LUT2 (Prop_lut2_I1_O)        0.045     0.833 r  design_random_i/nand_module_2/out_nand_INST_0/O
                         net (fo=1, routed)           0.000     0.833    design_random_i/inverter_real_4/inst/p_0_in
    SLICE_X1Y111         FDRE                                         r  design_random_i/inverter_real_4/inst/value_reg/D
  -------------------------------------------------------------------    -------------------

                         (clock sys_clk_pin rise edge)
                                                      0.000     0.000 r  
    E3                                                0.000     0.000 r  clk_port (IN)
                         net (fo=0)                   0.000     0.000    clk_port
    E3                   IBUF (Prop_ibuf_I_O)         0.438     0.438 r  clk_port_IBUF_inst/O
                         net (fo=20, routed)          1.523     1.960    design_random_i/inverter_real_4/inst/clk
    SLICE_X1Y111         FDRE                                         r  design_random_i/inverter_real_4/inst/value_reg/C

Slack:                    inf
  Source:                 en0_port
                            (input port)
  Destination:            design_random_i/inverter_real_2/inst/value_reg/D
                            (rising edge-triggered cell FDRE clocked by sys_clk_pin  {rise@0.000ns fall@5.000ns period=10.000ns})
  Path Group:             (none)
  Path Type:              Hold (Min at Fast Process Corner)
  Data Path Delay:        0.988ns  (logic 0.290ns (29.397%)  route 0.698ns (70.603%))
  Logic Levels:           2  (IBUF=1 LUT2=1)
  Clock Path Skew:        1.956ns (DCD - SCD - CPR)
    Destination Clock Delay (DCD):    1.956ns
    Source Clock Delay      (SCD):    0.000ns
    Clock Pessimism Removal (CPR):    -0.000ns

    Location             Delay type                Incr(ns)  Path(ns)    Netlist Resource(s)
  -------------------------------------------------------------------    -------------------
    J15                                               0.000     0.000 r  en0_port (IN)
                         net (fo=0)                   0.000     0.000    en0_port
    J15                  IBUF (Prop_ibuf_I_O)         0.245     0.245 r  en0_port_IBUF_inst/O
                         net (fo=4, routed)           0.698     0.943    design_random_i/nand_module_1/en0
    SLICE_X1Y112         LUT2 (Prop_lut2_I1_O)        0.045     0.988 r  design_random_i/nand_module_1/out_nand_INST_0/O
                         net (fo=1, routed)           0.000     0.988    design_random_i/inverter_real_2/inst/p_0_in
    SLICE_X1Y112         FDRE                                         r  design_random_i/inverter_real_2/inst/value_reg/D
  -------------------------------------------------------------------    -------------------

                         (clock sys_clk_pin rise edge)
                                                      0.000     0.000 r  
    E3                                                0.000     0.000 r  clk_port (IN)
                         net (fo=0)                   0.000     0.000    clk_port
    E3                   IBUF (Prop_ibuf_I_O)         0.438     0.438 r  clk_port_IBUF_inst/O
                         net (fo=20, routed)          1.518     1.956    design_random_i/inverter_real_2/inst/clk
    SLICE_X1Y112         FDRE                                         r  design_random_i/inverter_real_2/inst/value_reg/C

Slack:                    inf
  Source:                 en0_port
                            (input port)
  Destination:            design_random_i/inverter_real_7/inst/value_reg/D
                            (rising edge-triggered cell FDRE clocked by sys_clk_pin  {rise@0.000ns fall@5.000ns period=10.000ns})
  Path Group:             (none)
  Path Type:              Hold (Min at Fast Process Corner)
  Data Path Delay:        0.988ns  (logic 0.290ns (29.397%)  route 0.698ns (70.603%))
  Logic Levels:           2  (IBUF=1 LUT2=1)
  Clock Path Skew:        1.956ns (DCD - SCD - CPR)
    Destination Clock Delay (DCD):    1.956ns
    Source Clock Delay      (SCD):    0.000ns
    Clock Pessimism Removal (CPR):    -0.000ns

    Location             Delay type                Incr(ns)  Path(ns)    Netlist Resource(s)
  -------------------------------------------------------------------    -------------------
    J15                                               0.000     0.000 r  en0_port (IN)
                         net (fo=0)                   0.000     0.000    en0_port
    J15                  IBUF (Prop_ibuf_I_O)         0.245     0.245 r  en0_port_IBUF_inst/O
                         net (fo=4, routed)           0.698     0.943    design_random_i/nand_module_3/en0
    SLICE_X1Y112         LUT2 (Prop_lut2_I1_O)        0.045     0.988 r  design_random_i/nand_module_3/out_nand_INST_0/O
                         net (fo=1, routed)           0.000     0.988    design_random_i/inverter_real_7/inst/p_0_in
    SLICE_X1Y112         FDRE                                         r  design_random_i/inverter_real_7/inst/value_reg/D
  -------------------------------------------------------------------    -------------------

                         (clock sys_clk_pin rise edge)
                                                      0.000     0.000 r  
    E3                                                0.000     0.000 r  clk_port (IN)
                         net (fo=0)                   0.000     0.000    clk_port
    E3                   IBUF (Prop_ibuf_I_O)         0.438     0.438 r  clk_port_IBUF_inst/O
                         net (fo=20, routed)          1.518     1.956    design_random_i/inverter_real_7/inst/clk
    SLICE_X1Y112         FDRE                                         r  design_random_i/inverter_real_7/inst/value_reg/C

Slack:                    inf
  Source:                 en1_port
                            (input port)
  Destination:            design_random_i/inverter_real_11/inst/value_reg/D
                            (rising edge-triggered cell FDRE clocked by sys_clk_pin  {rise@0.000ns fall@5.000ns period=10.000ns})
  Path Group:             (none)
  Path Type:              Hold (Min at Fast Process Corner)
  Data Path Delay:        1.016ns  (logic 0.292ns (28.778%)  route 0.724ns (71.222%))
  Logic Levels:           2  (IBUF=1 LUT2=1)
  Clock Path Skew:        1.960ns (DCD - SCD - CPR)
    Destination Clock Delay (DCD):    1.960ns
    Source Clock Delay      (SCD):    0.000ns
    Clock Pessimism Removal (CPR):    -0.000ns

    Location             Delay type                Incr(ns)  Path(ns)    Netlist Resource(s)
  -------------------------------------------------------------------    -------------------
    L16                                               0.000     0.000 r  en1_port (IN)
                         net (fo=0)                   0.000     0.000    en1_port
    L16                  IBUF (Prop_ibuf_I_O)         0.247     0.247 r  en1_port_IBUF_inst/O
                         net (fo=2, routed)           0.724     0.971    design_random_i/nand_module_6/en0
    SLICE_X0Y111         LUT2 (Prop_lut2_I1_O)        0.045     1.016 r  design_random_i/nand_module_6/out_nand_INST_0/O
                         net (fo=1, routed)           0.000     1.016    design_random_i/inverter_real_11/inst/p_0_in
    SLICE_X0Y111         FDRE                                         r  design_random_i/inverter_real_11/inst/value_reg/D
  -------------------------------------------------------------------    -------------------

                         (clock sys_clk_pin rise edge)
                                                      0.000     0.000 r  
    E3                                                0.000     0.000 r  clk_port (IN)
                         net (fo=0)                   0.000     0.000    clk_port
    E3                   IBUF (Prop_ibuf_I_O)         0.438     0.438 r  clk_port_IBUF_inst/O
                         net (fo=20, routed)          1.523     1.960    design_random_i/inverter_real_11/inst/clk
    SLICE_X0Y111         FDRE                                         r  design_random_i/inverter_real_11/inst/value_reg/C

Slack:                    inf
  Source:                 en1_port
                            (input port)
  Destination:            design_random_i/inverter_real_9/inst/value_reg/D
                            (rising edge-triggered cell FDRE clocked by sys_clk_pin  {rise@0.000ns fall@5.000ns period=10.000ns})
  Path Group:             (none)
  Path Type:              Hold (Min at Fast Process Corner)
  Data Path Delay:        1.019ns  (logic 0.292ns (28.702%)  route 0.726ns (71.298%))
  Logic Levels:           2  (IBUF=1 LUT2=1)
  Clock Path Skew:        1.960ns (DCD - SCD - CPR)
    Destination Clock Delay (DCD):    1.960ns
    Source Clock Delay      (SCD):    0.000ns
    Clock Pessimism Removal (CPR):    -0.000ns

    Location             Delay type                Incr(ns)  Path(ns)    Netlist Resource(s)
  -------------------------------------------------------------------    -------------------
    L16                                               0.000     0.000 r  en1_port (IN)
                         net (fo=0)                   0.000     0.000    en1_port
    L16                  IBUF (Prop_ibuf_I_O)         0.247     0.247 r  en1_port_IBUF_inst/O
                         net (fo=2, routed)           0.726     0.974    design_random_i/nand_module_5/en0
    SLICE_X0Y111         LUT2 (Prop_lut2_I1_O)        0.045     1.019 r  design_random_i/nand_module_5/out_nand_INST_0/O
                         net (fo=1, routed)           0.000     1.019    design_random_i/inverter_real_9/inst/p_0_in
    SLICE_X0Y111         FDRE                                         r  design_random_i/inverter_real_9/inst/value_reg/D
  -------------------------------------------------------------------    -------------------

                         (clock sys_clk_pin rise edge)
                                                      0.000     0.000 r  
    E3                                                0.000     0.000 r  clk_port (IN)
                         net (fo=0)                   0.000     0.000    clk_port
    E3                   IBUF (Prop_ibuf_I_O)         0.438     0.438 r  clk_port_IBUF_inst/O
                         net (fo=20, routed)          1.523     1.960    design_random_i/inverter_real_9/inst/clk
    SLICE_X0Y111         FDRE                                         r  design_random_i/inverter_real_9/inst/value_reg/C





