#
# A fatal error has been detected by the Java Runtime Environment:
#
#  EXCEPTION_ACCESS_VIOLATION (0xc0000005) at pc=0x00007ffb257d06c3, pid=12148, tid=10964
#
# JRE version: OpenJDK Runtime Environment Temurin-21.0.1+12 (21.0.1+12) (build 21.0.1+12-LTS)
# Java VM: OpenJDK 64-Bit Server VM Temurin-21.0.1+12 (21.0.1+12-LTS, mixed mode, sharing, tiered, compressed oops, compressed class ptrs, g1 gc, windows-amd64)
# Problematic frame:
# C  0x00007ffb257d06c3
#
# No core dump will be written. Minidumps are not enabled by default on client versions of Windows
#
# If you would like to submit a bug report, please visit:
#   https://github.com/adoptium/adoptium-support/issues
# The crash happened outside the Java Virtual Machine in native code.
# See problematic frame for where to report the bug.
#

---------------  S U M M A R Y ------------

Command Line: -Dsun.java2d.pmoffscreen=false -Dhttps.protocols=TLSv1,TLSv1.1,TLSv1.2 -Dsun.java2d.xrender=false -Dsun.java2d.d3d=false -Dsun.awt.nopixfmt=true -Dsun.java2d.dpiaware=true -Dsun.java2d.uiScale.enabled=false -Dswing.aatext=true -XX:-UsePerfData -Djdk.map.althashing.threshold=512 -XX:StringTableSize=4072 -XX:+UseStringDeduplication -XX:MaxGCPauseMillis=200 -XX:ParallelGCThreads=4 -XX:+ParallelRefProcEnabled --add-opens=java.desktop/javax.swing.plaf.synth=ALL-UNNAMED --add-opens=java.base/java.nio=ALL-UNNAMED --add-opens=java.desktop/sun.swing=ALL-UNNAMED --add-opens=java.desktop/javax.swing=ALL-UNNAMED --add-opens=java.desktop/javax.swing.tree=ALL-UNNAMED --add-opens=java.desktop/javax.swing.plaf.basic=ALL-UNNAMED --add-opens=java.desktop/javax.swing.plaf.synth=ALL-UNNAMED --add-opens=java.desktop/javax.swing.plaf.basic=ALL-UNNAMED --add-opens=java.desktop/javax.swing=ALL-UNNAMED --add-opens=java.desktop/javax.swing.tree=ALL-UNNAMED --add-opens=java.desktop/java.awt.event=ALL-UNNAMED --add-exports=java.desktop/javax.swing.plaf.synth=ALL-UNNAMED --add-exports=java.base/java.nio=ALL-UNNAMED --add-exports=java.desktop/sun.swing=ALL-UNNAMED --add-exports=java.desktop/javax.swing=ALL-UNNAMED --add-exports=java.desktop/javax.swing.tree=ALL-UNNAMED --add-exports=java.desktop/javax.swing.plaf.basic=ALL-UNNAMED --add-exports=java.desktop/sun.swing=ALL-UNNAMED --add-exports=java.desktop/sun.swing.table=ALL-UNNAMED --add-exports=java.desktop/sun.swing.plaf.synth=ALL-UNNAMED --add-exports=java.desktop/sun.awt.shell=ALL-UNNAMED --add-exports=java.base/sun.security.action=ALL-UNNAMED --add-exports=java.desktop/sun.font=ALL-UNNAMED -XX:NewSize=80m -XX:MaxNewSize=80m -Xms512m -Xmx4072m -Xss10m 

Host: 12th Gen Intel(R) Core(TM) i5-12500H, 16 cores, 15G,  Windows 11 , 64 bit Build 26100 (10.0.26100.7309)
Time: Fri Dec 19 19:01:39 2025 GTB Standard Time elapsed time: 490.561289 seconds (0d 0h 8m 10s)

---------------  T H R E A D  ---------------

Current thread (0x000001902bb045b0):  JavaThread "Prepare Draw Abstract View Painter Thread"        [_thread_in_native, id=10964, stack(0x0000008ee9e00000,0x0000008eea800000) (10240K)]

Stack: [0x0000008ee9e00000,0x0000008eea800000],  sp=0x0000008eea7feaf0,  free space=10234k
Native frames: (J=compiled Java code, j=interpreted, Vv=VM code, C=native code)
C  0x00007ffb257d06c3
C  0x00007ffb24a74da6
C  0x00007ffb2472459e
C  0x0000018f9b322cdb

The last pc belongs to native nmethod (printed below).
Java frames: (J=compiled Java code, j=interpreted, Vv=VM code)
J 33602  ui.data.place.placeapii.PlaceApi_getAllPlacedTilesSize(J[BIZZ)J (0 bytes) @ 0x0000018f9b322c40 [0x0000018f9b322bc0+0x0000000000000080]
J 33601 c1 ui.data.place.PlaceApi.a(Ljava/util/Collection;Ljava/util/Collection;Ljava/util/ArrayList;ZZ)Lui/data/place/a/a$g; (351 bytes) @ 0x0000018f947825ac [0x0000018f947802a0+0x000000000000230c]
J 33640 c1 ui.views.j.a.a.g.b.construct()Ljava/lang/Object; (95 bytes) @ 0x0000018f936be6fc [0x0000018f936bdfa0+0x000000000000075c]
J 20799 c1 ui.frmwork.E.run()V (129 bytes) @ 0x0000018f935b5544 [0x0000018f935b4fe0+0x0000000000000564]
J 17242 c1 java.lang.Thread.run()V java.base@21.0.1 (23 bytes) @ 0x0000018f934fdc04 [0x0000018f934fd9e0+0x0000000000000224]
v  ~StubRoutines::call_stub 0x0000018f9a91100d

siginfo: EXCEPTION_ACCESS_VIOLATION (0xc0000005), reading address 0x0000000000000000


Registers:
RAX=0x0000000000000012, RBX=0x0000019044419680, RCX=0x0000000000000000, RDX=0x0000000000000013
RSP=0x0000008eea7feaf0, RBP=0x0000000000000000, RSI=0x0000000000000015, RDI=0x0000019044419688
R8 =0x000001904466ff84, R9 =0x0000000000000028, R10=0x0000000000000015, R11=0x0000000000000000
R12=0x0000000000000000, R13=0x0000019025a91750, R14=0x0000000000000000, R15=0x0000019025a91838
RIP=0x00007ffb257d06c3, EFLAGS=0x0000000000010293


Register to memory mapping:

RAX=0x0000000000000012 is an unknown value
RBX=0x0000019044419680 points into unknown readable memory: 0x0000000000000000 | 00 00 00 00 00 00 00 00
RCX=0x0 is null
RDX=0x0000000000000013 is an unknown value
RSP=0x0000008eea7feaf0 is pointing into the stack for thread: 0x000001902bb045b0
RBP=0x0 is null
RSI=0x0000000000000015 is an unknown value
RDI=0x0000019044419688 points into unknown readable memory: 0x900129fb3a6b91e8 | e8 91 6b 3a fb 29 01 90
R8 =0x000001904466ff84 points into unknown readable memory: 12 00 00 00
R9 =0x0000000000000028 is an unknown value
R10=0x0000000000000015 is an unknown value
R11=0x0 is null
R12=0x0 is null
R13=0x0000019025a91750 points into unknown readable memory: 0x0000019027ee4920 | 20 49 ee 27 90 01 00 00
R14=0x0 is null
R15=0x0000019025a91838 points into unknown readable memory: 0x00007ffb26044678 | 78 46 04 26 fb 7f 00 00

Top of Stack: (sp=0x0000008eea7feaf0)
0x0000008eea7feaf0:   0000019044419678 0000019044419688
0x0000008eea7feb00:   0000000000000000 0000019025a91838
0x0000008eea7feb10:   0000000000000000 0000000000000000
0x0000008eea7feb20:   0000000000000009 00007ffb24a74da6
0x0000008eea7feb30:   0000019025a91838 0000008eea7fec30
0x0000008eea7feb40:   000001900ab68480 000000000000001e
0x0000008eea7feb50:   0000000000000030 0000018f80190000
0x0000008eea7feb60:   0000000000000003 0000000000000008
0x0000008eea7feb70:   000000000000001e 00007ffc00000000
0x0000008eea7feb80:   0000018f80040000 0000019025a91750
0x0000008eea7feb90:   000000000000001e 00007ffb00000000
0x0000008eea7feba0:   0000000000000000 00007ffb00000000
0x0000008eea7febb0:   0000018f80042a00 0000018f800402ac
0x0000008eea7febc0:   00006e5e04d6420b 0000000000000000
0x0000008eea7febd0:   0000019025a91750 0000000000000030
0x0000008eea7febe0:   0000000000000000 0000018f80040d80
0x0000008eea7febf0:   00000000000003e8 0000000000000000
0x0000008eea7fec00:   0000000000000000 0000000000000000
0x0000008eea7fec10:   0000000000000030 0000018f80190000
0x0000008eea7fec20:   0000000000000003 0000000000000008
0x0000008eea7fec30:   000000000000001e 00007ffc10fbcde4
0x0000008eea7fec40:   0000018f80040000 0000000000000004
0x0000008eea7fec50:   0000019014a2bde0 0000019014a2bde0
0x0000008eea7fec60:   0000019014a2ccfc 0000000000000000
0x0000008eea7fec70:   0000008eea7fed48 00007ffb6e597abd
0x0000008eea7fec80:   000001902bb045b0 0000000000000000
0x0000008eea7fec90:   0000019025a91750 000000000000001e
0x0000008eea7feca0:   0000000000000000 0000008eea7fefa0
0x0000008eea7fecb0:   00000000000003e8 0000018f80190000
0x0000008eea7fecc0:   0000008eea7fefe0 00007ffc10fbcca4
0x0000008eea7fecd0:   0000018f00000002 0000000000000000
0x0000008eea7fece0:   0000018f9b322ba8 0000018f9b322ba8 

Instructions: (pc=0x00007ffb257d06c3)
0x00007ffb257d05c3:   06 48 03 f1 4c 8d 45 14 48 8b d6 48 8b cd 48 8b
0x00007ffb257d05d3:   6c 24 40 48 83 c4 20 5e e9 f0 ac 00 00 48 89 5c
0x00007ffb257d05e3:   24 08 48 89 6c 24 10 48 89 74 24 18 57 41 56 41
0x00007ffb257d05f3:   57 48 83 ec 20 4c 8b f9 48 83 c1 18 e8 3c b4 02
0x00007ffb257d0603:   00 49 8d 4f 18 48 8b e8 e8 90 9b 02 00 49 8d 4f
0x00007ffb257d0613:   28 8b f0 e8 95 b4 02 00 49 8d 4f 28 48 8b f8 e8
0x00007ffb257d0623:   b9 9b 02 00 45 8b 47 40 45 33 f6 8b c8 48 03 cf
0x00007ffb257d0633:   49 03 c8 48 03 f1 49 8b 4f 48 48 03 f5 48 85 c9
0x00007ffb257d0643:   74 0c 48 83 c1 08 48 8b d1 48 8b d9 eb 09 49 8b
0x00007ffb257d0653:   d6 49 8b de 49 8b ce 49 63 c0 48 8d 3c c1 48 3b
0x00007ffb257d0663:   d7 74 2a 48 8b 0b 48 8b 01 ff 50 38 8b c8 48 83
0x00007ffb257d0673:   c3 08 83 c9 01 0f bd d1 8d 14 d2 83 c2 49 48 c1
0x00007ffb257d0683:   ea 06 48 03 d0 48 03 f2 48 3b df 75 d6 41 8b 47
0x00007ffb257d0693:   58 49 8b 4f 60 48 03 f0 48 85 c9 74 0c 48 83 c1
0x00007ffb257d06a3:   08 48 8b d1 48 8b d9 eb 09 49 8b d6 49 8b de 49
0x00007ffb257d06b3:   8b ce 48 98 48 8d 3c c1 48 3b d7 74 2a 48 8b 0b
0x00007ffb257d06c3:   48 8b 01 ff 50 38 8b c8 48 83 c3 08 83 c9 01 0f
0x00007ffb257d06d3:   bd d1 8d 14 d2 83 c2 49 48 c1 ea 06 48 03 d0 48
0x00007ffb257d06e3:   03 f2 48 3b df 75 d6 41 8b 47 70 49 8b 4f 78 48
0x00007ffb257d06f3:   03 f0 48 85 c9 74 0c 48 83 c1 08 48 8b d1 48 8b
0x00007ffb257d0703:   d9 eb 09 49 8b d6 49 8b de 49 8b ce 48 98 48 8d
0x00007ffb257d0713:   3c c1 48 3b d7 74 30 66 0f 1f 44 00 00 48 8b 0b
0x00007ffb257d0723:   48 8b 01 ff 50 38 8b c8 48 83 c3 08 83 c9 01 0f
0x00007ffb257d0733:   bd d1 8d 14 d2 83 c2 49 48 c1 ea 06 48 03 d0 48
0x00007ffb257d0743:   03 f2 48 3b df 75 d6 49 63 97 88 00 00 00 49 8b
0x00007ffb257d0753:   87 90 00 00 00 8d 0c 12 48 03 f1 48 85 c0 74 04
0x00007ffb257d0763:   4c 8d 70 08 49 8b ce 49 8d 3c d6 49 8b de 48 3b
0x00007ffb257d0773:   cf 74 2a 48 8b 0b 48 8b 01 ff 50 38 8b c8 48 83
0x00007ffb257d0783:   c3 08 83 c9 01 0f bd d1 8d 14 d2 83 c2 49 48 c1
0x00007ffb257d0793:   ea 06 48 03 d0 48 03 f2 48 3b df 75 d6 41 8b 57
0x00007ffb257d07a3:   10 f6 c2 07 74 66 f6 c2 01 74 1d 41 8b 87 98 00
0x00007ffb257d07b3:   00 00 83 c8 01 0f bd c8 8d 0c c9 81 c1 89 00 00 


Stack slot to memory mapping:

stack at sp + 0 slots: 0x0000019044419678 points into unknown readable memory: 0x000001904466ff70 | 70 ff 66 44 90 01 00 00
stack at sp + 1 slots: 0x0000019044419688 points into unknown readable memory: 0x900129fb3a6b91e8 | e8 91 6b 3a fb 29 01 90
stack at sp + 2 slots: 0x0 is null
stack at sp + 3 slots: 0x0000019025a91838 points into unknown readable memory: 0x00007ffb26044678 | 78 46 04 26 fb 7f 00 00
stack at sp + 4 slots: 0x0 is null
stack at sp + 5 slots: 0x0 is null
stack at sp + 6 slots: 0x0000000000000009 is an unknown value
stack at sp + 7 slots: 0x00007ffb24a74da6 points into unknown readable memory: 44 8b


Compiled method (n/a)  490659 33602     n 0       ui.data.place.placeapii::PlaceApi_getAllPlacedTilesSize (native)
 total in heap  [0x0000018f9b322a10,0x0000018f9b322e20] = 1040
 relocation     [0x0000018f9b322b70,0x0000018f9b322ba8] = 56
 main code      [0x0000018f9b322bc0,0x0000018f9b322e17] = 599
 stub code      [0x0000018f9b322e17,0x0000018f9b322e18] = 1
 oops           [0x0000018f9b322e18,0x0000018f9b322e20] = 8

[Constant Pool (empty)]

[MachCode]
[Entry Point]
  # {method} {0x000001900c592e28} 'PlaceApi_getAllPlacedTilesSize' '(J[BIZZ)J' in 'ui/data/place/placeapii'
  # parm0:    rdx:rdx   = long
  # parm1:    r8:r8     = '[B'
  # parm2:    r9        = int
  # parm3:    rdi       = boolean
  # parm4:    rsi       = boolean
  #           [sp+0x90]  (sp of caller)
  0x0000018f9b322bc0: 448b 5208 | 49bb 0000 | 00aa 8f01 | 0000 4d03 | d349 3bc2 | 0f84 0600 

  0x0000018f9b322bd8: ;   {runtime_call ic_miss_stub}
  0x0000018f9b322bd8: 0000 e9a1 | bb63 ff90 
[Verified Entry Point]
  0x0000018f9b322be0: 8984 2400 | 80ff ff55 | 488b ec48 | 81ec 8000 | 0000 6690 | 4181 7f20 | 7200 0000 

  0x0000018f9b322bfc: ;   {runtime_call StubRoutines (final stubs)}
  0x0000018f9b322bfc: 7405 e85d | 2162 ff48 | 8974 2430 | 4889 7c24 | 284c 894c | 2420 4c89 | 4424 4049 | 83f8 004c 
  0x0000018f9b322c1c: 8d4c 2440 | 4c0f 444c | 2440 4c8b 

  0x0000018f9b322c28: ;   {oop(a 'java/lang/Class'{0x00000007070d8cb0} = 'ui/data/place/placeapii')}
  0x0000018f9b322c28: c249 beb0 | 8c0d 0707 | 0000 004c | 8974 2468 | 4c8d 7424 | 6849 8bd6 

  0x0000018f9b322c40: ;   {internal_word}
  0x0000018f9b322c40: c5f8 7749 | ba40 2c32 | 9b8f 0100 | 004d 8997 | a003 0000 | 4989 a798 

  0x0000018f9b322c58: ;   {external_word}
  0x0000018f9b322c58: 0300 0049 | baae 9a0e | 6ffb 7f00 | 0041 803a | 000f 844e | 0000 0052 | 4150 4151 

  0x0000018f9b322c74: ;   {metadata({method} {0x000001900c592e28} 'PlaceApi_getAllPlacedTilesSize' '(J[BIZZ)J' in 'ui/data/place/placeapii')}
  0x0000018f9b322c74: 48ba 202e | 590c 9001 | 0000 498b | cf48 83ec | 2040 f6c4 | 0f0f 8419 | 0000 0048 

  0x0000018f9b322c90: ;   {runtime_call}
  0x0000018f9b322c90: 83ec 0848 | b8a0 d6b8 | 6efb 7f00 | 00ff d048 | 83c4 08e9 | 0c00 0000 

  0x0000018f9b322ca8: ;   {runtime_call}
  0x0000018f9b322ca8: 48b8 a0d6 | b86e fb7f | 0000 ffd0 | 4883 c420 | 4159 4158 | 5a49 8d8f | b803 0000 | 41c7 874c 
  0x0000018f9b322cc8: 0400 0004 

  0x0000018f9b322ccc: ;   {runtime_call}
  0x0000018f9b322ccc: 0000 0048 | b830 4472 | 24fb 7f00 | 00ff d0c5 | f877 41c7 | 874c 0400 | 0005 0000 | 00f0 8344 
  0x0000018f9b322cec: 24c0 0049 | 3baf 5004 | 0000 0f87 | 0e00 0000 | 4183 bf48 | 0400 0000 | 0f84 2b00 | 0000 c5f8 
  0x0000018f9b322d0c: 7748 8945 | f849 8bcf | 4c8b e448 | 83ec 2048 

  0x0000018f9b322d1c: ;   {runtime_call}
  0x0000018f9b322d1c: 83e4 f048 | b820 9984 | 6efb 7f00 | 00ff d049 | 8be4 4d33 | e448 8b45 | f841 c787 | 4c04 0000 
  0x0000018f9b322d3c: 0800 0000 | 4183 bfc8 | 0400 0002 | 0f84 9c00 

  0x0000018f9b322d4c: ;   {external_word}
  0x0000018f9b322d4c: 0000 49ba | ae9a 0e6f | fb7f 0000 | 4180 3a00 | 0f84 4c00 | 0000 4889 

  0x0000018f9b322d64: ;   {metadata({method} {0x000001900c592e28} 'PlaceApi_getAllPlacedTilesSize' '(J[BIZZ)J' in 'ui/data/place/placeapii')}
  0x0000018f9b322d64: 45f8 48ba | 202e 590c | 9001 0000 | 498b cf48 | 83ec 2040 | f6c4 0f0f | 8419 0000 | 0048 83ec 
  0x0000018f9b322d84: ;   {runtime_call}
  0x0000018f9b322d84: 0848 b8a0 | d6b8 6efb | 7f00 00ff | d048 83c4 | 08e9 0c00 

  0x0000018f9b322d98: ;   {runtime_call}
  0x0000018f9b322d98: 0000 48b8 | a0d6 b86e | fb7f 0000 | ffd0 4883 | c420 488b | 45f8 49c7 | 8798 0300 | 0000 0000 
  0x0000018f9b322db8: 0049 c787 | a003 0000 | 0000 0000 | c5f8 7749 | 8b8f 2804 | 0000 c781 | 0001 0000 | 0000 0000 
  0x0000018f9b322dd8: c949 837f | 0800 0f85 | 0100 0000 

  0x0000018f9b322de4: ;   {runtime_call StubRoutines (initial stubs)}
  0x0000018f9b322de4: c3e9 16e1 | 5eff c5f8 | 7748 8945 | f84c 8be4 | 4883 ec20 | 4883 e4f0 

  0x0000018f9b322dfc: ;   {runtime_call}
  0x0000018f9b322dfc: 48b8 800e | b96e fb7f | 0000 ffd0 | 498b e44d | 33e4 488b | 45f8 e937 | ffff fff4 
[/MachCode]


Compiled method (c1)  490664 33601   !   3       ui.data.place.PlaceApi::a (351 bytes)
 total in heap  [0x0000018f9477fc10,0x0000018f94785020] = 21520
 relocation     [0x0000018f9477fd70,0x0000018f94780288] = 1304
 main code      [0x0000018f947802a0,0x0000018f94783880] = 13792
 stub code      [0x0000018f94783880,0x0000018f94783ae8] = 616
 oops           [0x0000018f94783ae8,0x0000018f94783af8] = 16
 metadata       [0x0000018f94783af8,0x0000018f94783b88] = 144
 scopes data    [0x0000018f94783b88,0x0000018f94784500] = 2424
 scopes pcs     [0x0000018f94784500,0x0000018f94784d80] = 2176
 dependencies   [0x0000018f94784d80,0x0000018f94784d90] = 16
 handler table  [0x0000018f94784d90,0x0000018f94784f28] = 408
 nul chk table  [0x0000018f94784f28,0x0000018f94785020] = 248

[Constant Pool (empty)]

[MachCode]
[Entry Point]
  # {method} {0x000001900c58bc18} 'a' '(Ljava/util/Collection;Ljava/util/Collection;Ljava/util/ArrayList;ZZ)Lui/data/place/a/a$g;' in 'ui/data/place/PlaceApi'
  # this:     rdx:rdx   = 'ui/data/place/PlaceApi'
  # parm0:    r8:r8     = 'java/util/Collection'
  # parm1:    r9:r9     = 'java/util/Collection'
  # parm2:    rdi:rdi   = 'java/util/ArrayList'
  # parm3:    rsi       = boolean
  # parm4:    rcx       = boolean
  #           [sp+0x1a0]  (sp of caller)
  0x0000018f947802a0: 448b 5208 | 49bb 0000 | 00aa 8f01 | 0000 4d03 | d34c 3bd0 

  0x0000018f947802b4: ;   {runtime_call ic_miss_stub}
  0x0000018f947802b4: 0f85 c6e4 | 1d06 660f | 1f44 0000 
[Verified Entry Point]
  0x0000018f947802c0: 8984 2400 | 80ff ff55 | 4881 ec90 | 0100 0090 | 4181 7f20 | 7200 0000 

  0x0000018f947802d8: ;   {runtime_call StubRoutines (final stubs)}
  0x0000018f947802d8: 7405 e881 | 4a1c 0648 | 8994 24c0 | 0000 004c | 8984 24a0 | 0000 004c | 898c 24b0 | 0000 0048 
  0x0000018f947802f8: 89bc 24b8 | 0000 0089 | b424 c800 | 0000 898c | 24cc 0000 

  0x0000018f9478030c: ;   {metadata(method data for {method} {0x000001900c58bc18} 'a' '(Ljava/util/Collection;Ljava/util/Collection;Ljava/util/ArrayList;ZZ)Lui/data/place/a/a$g;' in 'ui/data/place/PlaceApi')}
  0x0000018f9478030c: 0048 b858 | d563 0d90 | 0100 008b | 98cc 0000 | 0083 c302 | 8998 cc00 | 0000 81e3 | fe07 0000 
  0x0000018f9478032c: 83fb 000f | 844b 2e00 | 0049 83f8 

  0x0000018f94780338: ;   {metadata(method data for {method} {0x000001900c58bc18} 'a' '(Ljava/util/Collection;Ljava/util/Collection;Ljava/util/ArrayList;ZZ)Lui/data/place/a/a$g;' in 'ui/data/place/PlaceApi')}
  0x0000018f94780338: 0048 b858 | d563 0d90 | 0100 0048 | bb10 0100 | 0000 0000 | 000f 850a | 0000 0048 | bb20 0100 
  0x0000018f94780358: 0000 0000 | 004c 8b1c | 184d 8d5b | 014c 891c | 180f 8549 | 0000 0049 

  0x0000018f94780370: ;   {metadata(method data for {method} {0x000001900c58bc18} 'a' '(Ljava/util/Collection;Ljava/util/Collection;Ljava/util/ArrayList;ZZ)Lui/data/place/a/a$g;' in 'ui/data/place/PlaceApi')}
  0x0000018f94780370: 83f9 0048 | b858 d563 | 0d90 0100 | 0048 bb40 | 0100 0000 | 0000 000f | 850a 0000 | 0048 bb30 
  0x0000018f94780390: 0100 0000 | 0000 004c | 8b1c 184d | 8d5b 014c | 891c 180f | 850f 0000 

  0x0000018f947803a8: ;   {oop(nullptr)}
  0x0000018f947803a8: 0049 b800 | 0000 0000 | 0000 00e9 | 7f20 0000 

  0x0000018f947803b8: ;   {metadata(method data for {method} {0x000001900c58bc18} 'a' '(Ljava/util/Collection;Ljava/util/Collection;Ljava/util/ArrayList;ZZ)Lui/data/place/a/a$g;' in 'ui/data/place/PlaceApi')}
  0x0000018f947803b8: 48b8 58d5 | 630d 9001 | 0000 4883 | 8050 0100 

  0x0000018f947803c8: ;   {metadata(method data for {method} {0x000001900cd44a00} 'eHa' '()Lui/data/place/a/a$g$a;' in 'ui/data/place/a/a$g')}
  0x0000018f947803c8: 0001 48b8 | 5871 610d | 9001 0000 | 8b98 cc00 | 0000 83c3 | 0289 98cc | 0000 0081 | e3fe ff1f 
  0x0000018f947803e8: 0083 fb00 | 0f84 af2d 

  0x0000018f947803f0: ;   {oop(a 'ui/data/place/a/a$g'{0x00000007071808f0})}
  0x0000018f947803f0: 0000 48b8 | f008 1807 | 0700 0000 

  0x0000018f947803fc: ;   {metadata(method data for {method} {0x000001900cd44a00} 'eHa' '()Lui/data/place/a/a$g$a;' in 'ui/data/place/a/a$g')}
  0x0000018f947803fc: 48bb 5871 | 610d 9001 | 0000 4883 | 8310 0100 

  0x0000018f9478040c: ;   {metadata(method data for {method} {0x000001900cd44b60} 'eHb' '()Lui/data/place/a/a$g$a;' in 'ui/data/place/a/a$g')}
  0x0000018f9478040c: 0001 48b8 | d872 610d | 9001 0000 | 8b98 cc00 | 0000 83c3 | 0289 98cc | 0000 0081 | e3fe ff1f 
  0x0000018f9478042c: 0083 fb00 | 0f84 8c2d 

  0x0000018f94780434: ;   {metadata(method data for {method} {0x000001900cd44b60} 'eHb' '()Lui/data/place/a/a$g$a;' in 'ui/data/place/a/a$g')}
  0x0000018f94780434: 0000 48b8 | d872 610d | 9001 0000 | ff80 2001 

  0x0000018f94780444: ;   {metadata('ui/data/place/a/a$g$a')}
  0x0000018f94780444: 0000 48ba | 603a d5ab | 8f01 0000 | 498b 87b8 | 0100 0048 | 8d78 5849 | 3bbf c801 | 0000 0f87 
  0x0000018f94780464: 7b2d 0000 | 4989 bfb8 | 0100 0048 | c700 0100 | 0000 488b | ca49 ba00 | 0000 aa8f | 0100 0049 
  0x0000018f94780484: 2bca 8948 | 0848 33c9 | 8948 0c48 | 33c9 48bf | 0900 0000 | 0000 0000 | 4889 4cf8 | 0848 ffcf 
  0x0000018f947804a4: 75f6 4889 | 8424 a800 | 0000 488b 

  0x0000018f947804b0: ;   {metadata(method data for {method} {0x000001900cd44b60} 'eHb' '()Lui/data/place/a/a$g$a;' in 'ui/data/place/a/a$g')}
  0x0000018f947804b0: d048 bed8 | 7261 0d90 | 0100 0048 | 8386 3001 | 0000 0148 

  0x0000018f947804c4: ;   {optimized virtual_call}
  0x0000018f947804c4: 8bd0 90e8 

  0x0000018f947804c8: ; ImmutableOopMap {[160]=Oop [168]=Oop [176]=Oop [184]=Oop [192]=Oop }
                      ;*invokespecial <init> {reexecute=0 rethrow=0 return_oop=0}
                      ; - ui.data.place.a.a$g::eHb@11 (line 8016)
                      ; - ui.data.place.a.a$g::eHa@3 (line 8007)
                      ; - ui.data.place.PlaceApi::a@11 (line 413)
  0x0000018f947804c8: 7478 eaff 

  0x0000018f947804cc: ;   {other}
  0x0000018f947804cc: 0f1f 8400 | bc08 0000 

  0x0000018f947804d4: ;   {metadata(method data for {method} {0x000001900cd44b60} 'eHb' '()Lui/data/place/a/a$g$a;' in 'ui/data/place/a/a$g')}
  0x0000018f947804d4: 48ba d872 | 610d 9001 | 0000 ff82 | 4001 0000 | 4c8b 8424 | a000 0000 | 4983 f800 

  0x0000018f947804f0: ;   {metadata(method data for {method} {0x000001900c58bc18} 'a' '(Ljava/util/Collection;Ljava/util/Collection;Ljava/util/ArrayList;ZZ)Lui/data/place/a/a$g;' in 'ui/data/place/PlaceApi')}
  0x0000018f947804f0: 48ba 58d5 | 630d 9001 | 0000 48be | 6001 0000 | 0000 0000 | 0f84 0a00 | 0000 48be | 7001 0000 
  0x0000018f94780510: 0000 0000 | 488b 3c32 | 488d 7f01 | 4889 3c32 | 488b 8424 | a800 0000 | 0f84 2202 | 0000 488b 
  0x0000018f94780530: ;   {metadata(method data for {method} {0x000001900c58bc18} 'a' '(Ljava/util/Collection;Ljava/util/Collection;Ljava/util/ArrayList;ZZ)Lui/data/place/a/a$g;' in 'ui/data/place/PlaceApi')}
  0x0000018f94780530: d048 be58 | d563 0d90 | 0100 0048 | 8386 8001 

  0x0000018f94780540: ;   {metadata(method data for {method} {0x000001900cd4aab0} 'dR' '(Ljava/lang/Iterable;)Lui/data/place/a/a$g$a;' in 'ui/data/place/a/a$g$a')}
  0x0000018f94780540: 0000 0148 | ba30 e063 | 0d90 0100 | 008b b2cc | 0000 0083 | c602 89b2 | cc00 0000 | 81e6 feff 
  0x0000018f94780560: 1f00 83fe | 000f 8485 | 2c00 0048 

  0x0000018f9478056c: ;   {metadata(method data for {method} {0x000001900cd4aab0} 'dR' '(Ljava/lang/Iterable;)Lui/data/place/a/a$g$a;' in 'ui/data/place/a/a$g$a')}
  0x0000018f9478056c: 8bd0 48be | 30e0 630d | 9001 0000 | 4883 8610 | 0100 0001 | 488b d00f 

  0x0000018f94780584: ;   {optimized virtual_call}
  0x0000018f94780584: 1f40 00e8 

  0x0000018f94780588: ; ImmutableOopMap {[160]=Oop [168]=Oop [176]=Oop [184]=Oop [192]=Oop }
                      ;*invokevirtual dEL {reexecute=0 rethrow=0 return_oop=0}
                      ; - ui.data.place.a.a$g$a::dR@1 (line 8520)
                      ; - ui.data.place.PlaceApi::a@23 (line 415)
  0x0000018f94780588: 54af 1d00 

  0x0000018f9478058c: ;   {other}
  0x0000018f9478058c: 0f1f 8400 | 7c09 0001 | 488b 8424 | a800 0000 | 448b 402c | 49c1 e003 

  0x0000018f947805a4: ;   {metadata(method data for {method} {0x000001900cd4aab0} 'dR' '(Ljava/lang/Iterable;)Lui/data/place/a/a$g$a;' in 'ui/data/place/a/a$g$a')}
  0x0000018f947805a4: 48ba 30e0 | 630d 9001 | 0000 4883 | 8248 0100 | 0001 488b | 9424 a000 

  0x0000018f947805bc: ;   {static_call}
  0x0000018f947805bc: 0000 90e8 

  0x0000018f947805c0: ; ImmutableOopMap {[168]=Oop [176]=Oop [184]=Oop [192]=Oop }
                      ;*invokestatic addAll {reexecute=0 rethrow=0 return_oop=0}
                      ; - ui.data.place.a.a$g$a::dR@9 (line 8521)
                      ; - ui.data.place.PlaceApi::a@23 (line 415)
  0x0000018f947805c0: 9cff d4ff 

  0x0000018f947805c4: ;   {other}
  0x0000018f947805c4: 0f1f 8400 | b409 0002 | 488b 8424 | a800 0000 

  0x0000018f947805d4: ;   {metadata(method data for {method} {0x000001900cd4aab0} 'dR' '(Ljava/lang/Iterable;)Lui/data/place/a/a$g$a;' in 'ui/data/place/a/a$g$a')}
  0x0000018f947805d4: 48ba 30e0 | 630d 9001 | 0000 4883 | 8258 0100 

  0x0000018f947805e4: ;   {metadata(method data for {method} {0x0000018fee997bd0} 'onChanged' '()V' in 'com/google/protobuf/GeneratedMessageV3$Builder')}
  0x0000018f947805e4: 0001 48ba | 7884 a9ee | 8f01 0000 | 8bb2 cc00 | 0000 83c6 | 0289 b2cc | 0000 0081 | e6fe ff1f 
  0x0000018f94780604: 0083 fe00 | 0f84 032c | 0000 488b | 8424 a800 | 0000 0fbe | 500c 83fa 

  0x0000018f9478061c: ;   {metadata(method data for {method} {0x0000018fee997bd0} 'onChanged' '()V' in 'com/google/protobuf/GeneratedMessageV3$Builder')}
  0x0000018f9478061c: 0048 ba78 | 84a9 ee8f | 0100 0048 | be10 0100 | 0000 0000 | 000f 840a | 0000 0048 | be20 0100 
  0x0000018f9478063c: 0000 0000 | 0048 8b3c | 3248 8d7f | 0148 893c | 320f 84fd | 0000 008b | 5010 48c1 | e203 4883 
  0x0000018f9478065c: ;   {metadata(method data for {method} {0x0000018fee997bd0} 'onChanged' '()V' in 'com/google/protobuf/GeneratedMessageV3$Builder')}
  0x0000018f9478065c: fa00 48be | 7884 a9ee | 8f01 0000 | 48bf 3001 | 0000 0000 | 0000 0f84 | 0a00 0000 | 48bf 4001 
  0x0000018f9478067c: 0000 0000 | 0000 488b | 1c3e 488d | 5b01 4889 | 1c3e 0f84 | bc00 0000 

  0x0000018f94780694: ; implicit exception: dispatches to 0x0000018f94783232
  0x0000018f94780694: 483b 0248 

  0x0000018f94780698: ;   {metadata(method data for {method} {0x0000018fee997bd0} 'onChanged' '()V' in 'com/google/protobuf/GeneratedMessageV3$Builder')}
  0x0000018f94780698: 8bf2 48bf | 7884 a9ee | 8f01 0000 | 8b76 0849 | ba00 0000 | aa8f 0100 | 0049 03f2 | 483b b760 
  0x0000018f947806b8: 0100 0075 | 0d48 8387 | 6801 0000 | 01e9 6000 | 0000 483b | b770 0100 | 0075 0d48 | 8387 7801 
  0x0000018f947806d8: 0000 01e9 | 4a00 0000 | 4883 bf60 | 0100 0000 | 7517 4889 | b760 0100 | 0048 c787 | 6801 0000 
  0x0000018f947806f8: 0100 0000 | e929 0000 | 0048 83bf | 7001 0000 | 0075 1748 | 89b7 7001 | 0000 48c7 | 8778 0100 
  0x0000018f94780718: 0001 0000 | 00e9 0800 | 0000 4883 | 8750 0100 | 0001 6666 | 9048 b8ff | ffff ffff 

  0x0000018f94780734: ;   {virtual_call}
  0x0000018f94780734: ffff ffe8 

  0x0000018f94780738: ; ImmutableOopMap {[168]=Oop [176]=Oop [184]=Oop [192]=Oop }
                      ;*invokeinterface markDirty {reexecute=0 rethrow=0 return_oop=0}
                      ; - com.google.protobuf.GeneratedMessageV3$Builder::onChanged@18 (line 921)
                      ; - ui.data.place.a.a$g$a::dR@13 (line 8523)
                      ; - ui.data.place.PlaceApi::a@23 (line 415)
  0x0000018f94780738: 44e6 1d06 

  0x0000018f9478073c: ;   {other}
  0x0000018f9478073c: 0f1f 8400 | 2c0b 0003 | 488b 8424 | a800 0000 | c640 0c00 | 4c8b 8c24 | b000 0000 | 4983 f900 
  0x0000018f9478075c: ;   {metadata(method data for {method} {0x000001900c58bc18} 'a' '(Ljava/util/Collection;Ljava/util/Collection;Ljava/util/ArrayList;ZZ)Lui/data/place/a/a$g;' in 'ui/data/place/PlaceApi')}
  0x0000018f9478075c: 48ba 58d5 | 630d 9001 | 0000 48be | b801 0000 | 0000 0000 | 0f84 0a00 | 0000 48be | c801 0000 
  0x0000018f9478077c: 0000 0000 | 488b 3c32 | 488d 7f01 | 4889 3c32 | 0f84 1a1b | 0000 488b | bc24 b800 | 0000 4883 
  0x0000018f9478079c: ;   {metadata(method data for {method} {0x000001900c58bc18} 'a' '(Ljava/util/Collection;Ljava/util/Collection;Ljava/util/ArrayList;ZZ)Lui/data/place/a/a$g;' in 'ui/data/place/PlaceApi')}
  0x0000018f9478079c: ff00 48ba | 58d5 630d | 9001 0000 | 48be d801 | 0000 0000 | 0000 0f85 | 0a00 0000 | 48be e801 
  0x0000018f947807bc: 0000 0000 | 0000 488b | 0c32 488d | 4901 4889 | 0c32 0f85 | b10b 0000 

  0x0000018f947807d4: ;   {metadata('java/util/ArrayList')}
  0x0000018f947807d4: 48ba 48ad | 0baa 8f01 | 0000 498b | 87b8 0100 | 0048 8d78 | 1849 3bbf | c801 0000 | 0f87 412a 
  0x0000018f947807f4: 0000 4989 | bfb8 0100 | 0048 c700 | 0100 0000 | 488b ca49 | ba00 0000 | aa8f 0100 | 0049 2bca 
  0x0000018f94780814: 8948 0848 | 33c9 8948 | 0c48 33c9 | 4889 4810 | 4889 8424 | d000 0000 

  0x0000018f9478082c: ; implicit exception: dispatches to 0x0000018f94783244
  0x0000018f9478082c: 493b 0149 

  0x0000018f94780830: ;   {metadata(method data for {method} {0x000001900c58bc18} 'a' '(Ljava/util/Collection;Ljava/util/Collection;Ljava/util/ArrayList;ZZ)Lui/data/place/a/a$g;' in 'ui/data/place/PlaceApi')}
  0x0000018f94780830: 8bd1 48be | 58d5 630d | 9001 0000 | 8b52 0849 | ba00 0000 | aa8f 0100 | 0049 03d2 | 483b 9608 
  0x0000018f94780850: 0200 0075 | 0d48 8386 | 1002 0000 | 01e9 6000 | 0000 483b | 9618 0200 | 0075 0d48 | 8386 2002 
  0x0000018f94780870: 0000 01e9 | 4a00 0000 | 4883 be08 | 0200 0000 | 7517 4889 | 9608 0200 | 0048 c786 | 1002 0000 
  0x0000018f94780890: 0100 0000 | e929 0000 | 0048 83be | 1802 0000 | 0075 1748 | 8996 1802 | 0000 48c7 | 8620 0200 
  0x0000018f947808b0: 0001 0000 | 00e9 0800 | 0000 4883 | 86f8 0100 | 0001 498b | d148 b8ff | ffff ffff 

  0x0000018f947808cc: ;   {virtual_call}
  0x0000018f947808cc: ffff ffe8 

  0x0000018f947808d0: ; ImmutableOopMap {[168]=Oop [176]=Oop [192]=Oop [208]=Oop }
                      ;*invokeinterface size {reexecute=0 rethrow=0 return_oop=0}
                      ; - ui.data.place.PlaceApi::a@40 (line 418)
  0x0000018f947808d0: ace4 1d06 

  0x0000018f947808d4: ;   {other}
  0x0000018f947808d4: 0f1f 8400 | c40c 0004 | 4c8b 8424 | d000 0000 

  0x0000018f947808e4: ;   {metadata(method data for {method} {0x000001900c58bc18} 'a' '(Ljava/util/Collection;Ljava/util/Collection;Ljava/util/ArrayList;ZZ)Lui/data/place/a/a$g;' in 'ui/data/place/PlaceApi')}
  0x0000018f947808e4: 48ba 58d5 | 630d 9001 | 0000 4883 | 8230 0200 | 0001 4c8b | c048 8b94 | 24d0 0000 | 0066 0f1f 
  0x0000018f94780904: ;   {optimized virtual_call}
  0x0000018f94780904: 4400 00e8 

  0x0000018f94780908: ; ImmutableOopMap {[168]=Oop [176]=Oop [192]=Oop [208]=Oop }
                      ;*invokespecial <init> {reexecute=0 rethrow=0 return_oop=0}
                      ; - ui.data.place.PlaceApi::a@45 (line 418)
  0x0000018f94780908: 74e1 1d06 

  0x0000018f9478090c: ;   {other}
  0x0000018f9478090c: 0f1f 8400 | fc0c 0005 | 4c8b 8c24 | b000 0000 

  0x0000018f9478091c: ;   {metadata(method data for {method} {0x000001900c58bc18} 'a' '(Ljava/util/Collection;Ljava/util/Collection;Ljava/util/ArrayList;ZZ)Lui/data/place/a/a$g;' in 'ui/data/place/PlaceApi')}
  0x0000018f9478091c: 48ba 58d5 | 630d 9001 | 0000 458b | 4908 49ba | 0000 00aa | 8f01 0000 | 4d03 ca4c | 3b8a 5002 
  0x0000018f9478093c: 0000 750d | 4883 8258 | 0200 0001 | e960 0000 | 004c 3b8a | 6002 0000 | 750d 4883 | 8268 0200 
  0x0000018f9478095c: 0001 e94a | 0000 0048 | 83ba 5002 | 0000 0075 | 174c 898a | 5002 0000 | 48c7 8258 | 0200 0001 
  0x0000018f9478097c: 0000 00e9 | 2900 0000 | 4883 ba60 | 0200 0000 | 7517 4c89 | 8a60 0200 | 0048 c782 | 6802 0000 
  0x0000018f9478099c: 0100 0000 | e908 0000 | 0048 8382 | 4002 0000 | 0148 8b94 | 24b0 0000 | 0048 b8ff | ffff ffff 
  0x0000018f947809bc: ;   {virtual_call}
  0x0000018f947809bc: ffff ffe8 

  0x0000018f947809c0: ; ImmutableOopMap {[168]=Oop [192]=Oop [208]=Oop }
                      ;*invokeinterface iterator {reexecute=0 rethrow=0 return_oop=0}
                      ; - ui.data.place.PlaceApi::a@51 (line 419)
  0x0000018f947809c0: bce3 1d06 

  0x0000018f947809c4: ;   {other}
  0x0000018f947809c4: 0f1f 8400 | b40d 0006 | 4889 8424 | d800 0000 | 0f1f 4000 

  0x0000018f947809d8: ; implicit exception: dispatches to 0x0000018f94783249
  0x0000018f947809d8: 483b 0048 

  0x0000018f947809dc: ;   {metadata(method data for {method} {0x000001900c58bc18} 'a' '(Ljava/util/Collection;Ljava/util/Collection;Ljava/util/ArrayList;ZZ)Lui/data/place/a/a$g;' in 'ui/data/place/PlaceApi')}
  0x0000018f947809dc: 8bd0 48bf | 58d5 630d | 9001 0000 | 8b52 0849 | ba00 0000 | aa8f 0100 | 0049 03d2 | 483b 9788 
  0x0000018f947809fc: 0200 0075 | 0d48 8387 | 9002 0000 | 01e9 6000 | 0000 483b | 9798 0200 | 0075 0d48 | 8387 a002 
  0x0000018f94780a1c: 0000 01e9 | 4a00 0000 | 4883 bf88 | 0200 0000 | 7517 4889 | 9788 0200 | 0048 c787 | 9002 0000 
  0x0000018f94780a3c: 0100 0000 | e929 0000 | 0048 83bf | 9802 0000 | 0075 1748 | 8997 9802 | 0000 48c7 | 87a0 0200 
  0x0000018f94780a5c: 0001 0000 | 00e9 0800 | 0000 4883 | 8778 0200 | 0001 488b | d00f 1f40 | 0048 b8ff | ffff ffff 
  0x0000018f94780a7c: ;   {virtual_call}
  0x0000018f94780a7c: ffff ffe8 

  0x0000018f94780a80: ; ImmutableOopMap {[168]=Oop [192]=Oop [208]=Oop [216]=Oop }
                      ;*invokeinterface hasNext {reexecute=0 rethrow=0 return_oop=0}
                      ; - ui.data.place.PlaceApi::a@60 (line 419)
  0x0000018f94780a80: fce2 1d06 

  0x0000018f94780a84: ;   {other}
  0x0000018f94780a84: 0f1f 8400 | 740e 0007 

  0x0000018f94780a8c: ;   {metadata(method data for {method} {0x000001900c58bc18} 'a' '(Ljava/util/Collection;Ljava/util/Collection;Ljava/util/ArrayList;ZZ)Lui/data/place/a/a$g;' in 'ui/data/place/PlaceApi')}
  0x0000018f94780a8c: 83f8 0048 | ba58 d563 | 0d90 0100 | 0048 beb0 | 0200 0000 | 0000 000f | 840a 0000 | 0048 bec0 
  0x0000018f94780aac: 0200 0000 | 0000 0048 | 8b3c 3248 | 8d7f 0148 | 893c 320f | 8481 0600 | 0048 8b94 | 24d8 0000 
  0x0000018f94780acc: ;   {metadata(method data for {method} {0x000001900c58bc18} 'a' '(Ljava/util/Collection;Ljava/util/Collection;Ljava/util/ArrayList;ZZ)Lui/data/place/a/a$g;' in 'ui/data/place/PlaceApi')}
  0x0000018f94780acc: 0048 be58 | d563 0d90 | 0100 008b | 5208 49ba | 0000 00aa | 8f01 0000 | 4903 d248 | 3b96 e002 
  0x0000018f94780aec: 0000 750d | 4883 86e8 | 0200 0001 | e960 0000 | 0048 3b96 | f002 0000 | 750d 4883 | 86f8 0200 
  0x0000018f94780b0c: 0001 e94a | 0000 0048 | 83be e002 | 0000 0075 | 1748 8996 | e002 0000 | 48c7 86e8 | 0200 0001 
  0x0000018f94780b2c: 0000 00e9 | 2900 0000 | 4883 bef0 | 0200 0000 | 7517 4889 | 96f0 0200 | 0048 c786 | f802 0000 
  0x0000018f94780b4c: 0100 0000 | e908 0000 | 0048 8386 | d002 0000 | 0148 8b94 | 24d8 0000 | 0048 b8ff | ffff ffff 
  0x0000018f94780b6c: ;   {virtual_call}
  0x0000018f94780b6c: ffff ffe8 

  0x0000018f94780b70: ; ImmutableOopMap {[168]=Oop [192]=Oop [208]=Oop [216]=Oop }
                      ;*invokeinterface next {reexecute=0 rethrow=0 return_oop=0}
                      ; - ui.data.place.PlaceApi::a@70 (line 419)
  0x0000018f94780b70: 0ce2 1d06 

  0x0000018f94780b74: ;   {other}
  0x0000018f94780b74: 0f1f 8400 | 640f 0008 | 4883 f800 

  0x0000018f94780b80: ;   {metadata(method data for {method} {0x000001900c58bc18} 'a' '(Ljava/util/Collection;Ljava/util/Collection;Ljava/util/ArrayList;ZZ)Lui/data/place/a/a$g;' in 'ui/data/place/PlaceApi')}
  0x0000018f94780b80: 7516 48bf | 58d5 630d | 9001 0000 | 808f 0103 | 0000 01e9 | e800 0000 

  0x0000018f94780b98: ;   {metadata('ui/data/aN')}
  0x0000018f94780b98: 48bb 907b | 00ab 8f01 | 0000 8b78 | 0849 ba00 | 0000 aa8f | 0100 0049 | 03fa 483b | 5f20 0f84 
  0x0000018f94780bb8: 1b00 0000 | 483b fb0f | 8412 0000 

  0x0000018f94780bc4: ;   {runtime_call slow_subtype_check Runtime1 stub}
  0x0000018f94780bc4: 0057 53e8 | b4a7 2a06 | 5f5f 83ff | 000f 848d 

  0x0000018f94780bd4: ;   {metadata(method data for {method} {0x000001900c58bc18} 'a' '(Ljava/util/Collection;Ljava/util/Collection;Ljava/util/ArrayList;ZZ)Lui/data/place/a/a$g;' in 'ui/data/place/PlaceApi')}
  0x0000018f94780bd4: 0000 0048 | bf58 d563 | 0d90 0100 | 008b 5808 | 49ba 0000 | 00aa 8f01 | 0000 4903 | da48 3b9f 
  0x0000018f94780bf4: 1803 0000 | 750d 4883 | 8720 0300 | 0001 e979 | 0000 0048 | 3b9f 2803 | 0000 750d | 4883 8730 
  0x0000018f94780c14: 0300 0001 | e963 0000 | 0048 83bf | 1803 0000 | 0075 1748 | 899f 1803 | 0000 48c7 | 8720 0300 
  0x0000018f94780c34: 0001 0000 | 00e9 4200 | 0000 4883 | bf28 0300 | 0000 7517 | 4889 9f28 | 0300 0048 | c787 3003 
  0x0000018f94780c54: 0000 0100 | 0000 e921 | 0000 00e9 | 1c00 0000 

  0x0000018f94780c64: ;   {metadata(method data for {method} {0x000001900c58bc18} 'a' '(Ljava/util/Collection;Ljava/util/Collection;Ljava/util/ArrayList;ZZ)Lui/data/place/a/a$g;' in 'ui/data/place/PlaceApi')}
  0x0000018f94780c64: 48bf 58d5 | 630d 9001 | 0000 4883 | af08 0300 | 0001 e9d3 | 2500 00e9 | 0000 0000 | 488b d048 
  0x0000018f94780c84: 83fa 0075 

  0x0000018f94780c88: ;   {metadata(method data for {method} {0x000001900c58bc18} 'a' '(Ljava/util/Collection;Ljava/util/Collection;Ljava/util/ArrayList;ZZ)Lui/data/place/a/a$g;' in 'ui/data/place/PlaceApi')}
  0x0000018f94780c88: 1648 bf58 | d563 0d90 | 0100 0080 | 8f39 0300 | 0001 e9cc 

  0x0000018f94780c9c: ;   {metadata('ui/data/an')}
  0x0000018f94780c9c: 0000 0048 | bbf0 ce12 | ab8f 0100 | 008b 7208 | 49ba 0000 | 00aa 8f01 | 0000 4903 | f248 3bde 
  0x0000018f94780cbc: 0f85 8d00 

  0x0000018f94780cc0: ;   {metadata(method data for {method} {0x000001900c58bc18} 'a' '(Ljava/util/Collection;Ljava/util/Collection;Ljava/util/ArrayList;ZZ)Lui/data/place/a/a$g;' in 'ui/data/place/PlaceApi')}
  0x0000018f94780cc0: 0000 48bf | 58d5 630d | 9001 0000 | 8b5a 0849 | ba00 0000 | aa8f 0100 | 0049 03da | 483b 9f50 
  0x0000018f94780ce0: 0300 0075 | 0d48 8387 | 5803 0000 | 01e9 7900 | 0000 483b | 9f60 0300 | 0075 0d48 | 8387 6803 
  0x0000018f94780d00: 0000 01e9 | 6300 0000 | 4883 bf50 | 0300 0000 | 7517 4889 | 9f50 0300 | 0048 c787 | 5803 0000 
  0x0000018f94780d20: 0100 0000 | e942 0000 | 0048 83bf | 6003 0000 | 0075 1748 | 899f 6003 | 0000 48c7 | 8768 0300 
  0x0000018f94780d40: 0001 0000 | 00e9 2100 | 0000 e91c 

  0x0000018f94780d4c: ;   {metadata(method data for {method} {0x000001900c58bc18} 'a' '(Ljava/util/Collection;Ljava/util/Collection;Ljava/util/ArrayList;ZZ)Lui/data/place/a/a$g;' in 'ui/data/place/PlaceApi')}
  0x0000018f94780d4c: 0000 0048 | bf58 d563 | 0d90 0100 | 0048 83af | 4003 0000 | 01e9 f124 | 0000 e900 | 0000 0048 
  0x0000018f94780d6c: 3b02 488b 

  0x0000018f94780d70: ;   {metadata(method data for {method} {0x000001900c58bc18} 'a' '(Ljava/util/Collection;Ljava/util/Collection;Ljava/util/ArrayList;ZZ)Lui/data/place/a/a$g;' in 'ui/data/place/PlaceApi')}
  0x0000018f94780d70: f248 bf58 | d563 0d90 | 0100 0048 | 8387 7803 | 0000 0148 

  0x0000018f94780d84: ;   {metadata(method data for {method} {0x000001900c58bc18} 'a' '(Ljava/util/Collection;Ljava/util/Collection;Ljava/util/ArrayList;ZZ)Lui/data/place/a/a$g;' in 'ui/data/place/PlaceApi')}
  0x0000018f94780d84: 8b72 1848 | ba58 d563 | 0d90 0100 | 0048 8382 | b003 0000 | 0148 8bd6 

  0x0000018f94780d9c: ;   {static_call}
  0x0000018f94780d9c: 6666 90e8 

  0x0000018f94780da0: ; ImmutableOopMap {[168]=Oop [192]=Oop [208]=Oop [216]=Oop }
                      ;*invokestatic valueOf {reexecute=0 rethrow=0 return_oop=0}
                      ; - ui.data.place.PlaceApi::a@90 (line 420)
  0x0000018f94780da0: dce2 1d06 

  0x0000018f94780da4: ;   {other}
  0x0000018f94780da4: 0f1f 8400 | 9411 0009 | 4c8b 8424 | d000 0000 

  0x0000018f94780db4: ;   {metadata(method data for {method} {0x000001900c58bc18} 'a' '(Ljava/util/Collection;Ljava/util/Collection;Ljava/util/ArrayList;ZZ)Lui/data/place/a/a$g;' in 'ui/data/place/PlaceApi')}
  0x0000018f94780db4: 48ba 58d5 | 630d 9001 | 0000 458b | 4008 49ba | 0000 00aa | 8f01 0000 | 4d03 c24c | 3b82 d003 
  0x0000018f94780dd4: 0000 750d | 4883 82d8 | 0300 0001 | e960 0000 | 004c 3b82 | e003 0000 | 750d 4883 | 82e8 0300 
  0x0000018f94780df4: 0001 e94a | 0000 0048 | 83ba d003 | 0000 0075 | 174c 8982 | d003 0000 | 48c7 82d8 | 0300 0001 
  0x0000018f94780e14: 0000 00e9 | 2900 0000 | 4883 bae0 | 0300 0000 | 7517 4c89 | 82e0 0300 | 0048 c782 | e803 0000 
  0x0000018f94780e34: 0100 0000 | e908 0000 | 0048 8382 | c003 0000 

  0x0000018f94780e44: ;   {metadata(method data for {method} {0x0000018faa0bc578} 'add' '(Ljava/lang/Object;)Z' in 'java/util/ArrayList')}
  0x0000018f94780e44: 0149 b850 | 5603 eb8f | 0100 0041 | 8b90 cc00 | 0000 83c2 | 0241 8990 | cc00 0000 | 81e2 feff 
  0x0000018f94780e64: 1f00 83fa | 000f 84f6 | 2300 0048 | 8bb4 24d0 | 0000 0044 | 8b46 0c41 | ffc0 4489 | 460c 448b 
  0x0000018f94780e84: 4614 49c1 | e003 8b7e | 1048 8bd6 

  0x0000018f94780e90: ;   {metadata(method data for {method} {0x0000018faa0bc578} 'add' '(Ljava/lang/Object;)Z' in 'java/util/ArrayList')}
  0x0000018f94780e90: 48bb 5056 | 03eb 8f01 | 0000 4883 | 8310 0100 

  0x0000018f94780ea0: ;   {metadata(method data for {method} {0x0000018faa0bd498} 'add' '(Ljava/lang/Object;[Ljava/lang/Object;I)V' in 'java/util/ArrayList')}
  0x0000018f94780ea0: 0001 48ba | e057 03eb | 8f01 0000 | 8b9a cc00 | 0000 83c3 | 0289 9acc | 0000 0081 | e3fe ff1f 
  0x0000018f94780ec0: 0083 fb00 | 0f84 bc23 | 0000 418b | 500c 3bfa 

  0x0000018f94780ed0: ;   {metadata(method data for {method} {0x0000018faa0bd498} 'add' '(Ljava/lang/Object;[Ljava/lang/Object;I)V' in 'java/util/ArrayList')}
  0x0000018f94780ed0: 48ba e057 | 03eb 8f01 | 0000 48bb | 1001 0000 | 0000 0000 | 0f85 0a00 | 0000 48bb | 2001 0000 
  0x0000018f94780ef0: 0000 0000 | 488b 0c1a | 488d 4901 | 4889 0c1a | 0f85 9800 | 0000 4889 | 8424 e800 | 0000 4c8b 
  0x0000018f94780f10: ;   {metadata(method data for {method} {0x0000018faa0bd498} 'add' '(Ljava/lang/Object;[Ljava/lang/Object;I)V' in 'java/util/ArrayList')}
  0x0000018f94780f10: c648 bae0 | 5703 eb8f | 0100 0048 | 8382 3001 

  0x0000018f94780f20: ;   {metadata(method data for {method} {0x0000018faa0bd5a0} 'grow' '()[Ljava/lang/Object;' in 'java/util/ArrayList')}
  0x0000018f94780f20: 0000 0149 | b8d8 5903 | eb8f 0100 | 0041 8b90 | cc00 0000 | 83c2 0241 | 8990 cc00 | 0000 81e2 
  0x0000018f94780f40: feff 1f00 | 83fa 000f | 845f 2300 | 004c 8bc6 

  0x0000018f94780f50: ;   {metadata(method data for {method} {0x0000018faa0bd5a0} 'grow' '()[Ljava/lang/Object;' in 'java/util/ArrayList')}
  0x0000018f94780f50: 48ba d859 | 03eb 8f01 | 0000 4883 | 8210 0100 | 0001 4c8b | c741 ffc0 | 488b d689 | bc24 e000 
  0x0000018f94780f70: 0000 0f1f 

  0x0000018f94780f74: ;   {optimized virtual_call}
  0x0000018f94780f74: 4400 00e8 

  0x0000018f94780f78: ; ImmutableOopMap {[168]=Oop [192]=Oop [208]=Oop [216]=Oop [232]=Oop }
                      ;*invokevirtual grow {reexecute=0 rethrow=0 return_oop=0}
                      ; - java.util.ArrayList::grow@7 (line 244)
                      ; - java.util.ArrayList::add@7 (line 483)
                      ; - java.util.ArrayList::add@20 (line 496)
                      ; - ui.data.place.PlaceApi::a@93 (line 420)
  0x0000018f94780f78: 04db 1d06 

  0x0000018f94780f7c: ;   {other}
  0x0000018f94780f7c: 0f1f 8400 | 6c13 000a | 4c8b c08b | bc24 e000 | 0000 488b | 8424 e800 | 0000 488b | b424 d000 
  0x0000018f94780f9c: 0000 413b | 780c 0f83 | 2f23 0000 | 4883 f800 

  0x0000018f94780fac: ;   {metadata(method data for {method} {0x0000018faa0bd498} 'add' '(Ljava/lang/Object;[Ljava/lang/Object;I)V' in 'java/util/ArrayList')}
  0x0000018f94780fac: 7516 48bb | e057 03eb | 8f01 0000 | 808b 6101 | 0000 01e9 | fa00 0000 

  0x0000018f94780fc4: ; implicit exception: dispatches to 0x0000018f947832e5
  0x0000018f94780fc4: 418b 5008 | 49ba 0000 | 00aa 8f01 | 0000 4903 | d28b 5808 | 49ba 0000 | 00aa 8f01 | 0000 4903 
  0x0000018f94780fe4: da48 8b92 | d000 0000 | 483b da0f | 8428 0000 | 008b 4a14 | 483b 140b | 0f84 1b00 | 0000 83f9 
  0x0000018f94781004: 200f 859c | 0000 0053 

  0x0000018f9478100c: ;   {runtime_call slow_subtype_check Runtime1 stub}
  0x0000018f9478100c: 52e8 6ea3 | 2a06 5b5a | 83fa 000f | 848a 0000 

  0x0000018f9478101c: ;   {metadata(method data for {method} {0x0000018faa0bd498} 'add' '(Ljava/lang/Object;[Ljava/lang/Object;I)V' in 'java/util/ArrayList')}
  0x0000018f9478101c: 0048 bbe0 | 5703 eb8f | 0100 008b | 5008 49ba | 0000 00aa | 8f01 0000 | 4903 d248 | 3b93 7801 
  0x0000018f9478103c: 0000 750d | 4883 8380 | 0100 0001 | e971 0000 | 0048 3b93 | 8801 0000 | 750d 4883 | 8390 0100 
  0x0000018f9478105c: 0001 e95b | 0000 0048 | 83bb 7801 | 0000 0075 | 1748 8993 | 7801 0000 | 48c7 8380 | 0100 0001 
  0x0000018f9478107c: 0000 00e9 | 3a00 0000 | 4883 bb88 | 0100 0000 | 7517 4889 | 9388 0100 | 0048 c783 | 9001 0000 
  0x0000018f9478109c: 0100 0000 | e919 0000 

  0x0000018f947810a4: ;   {metadata(method data for {method} {0x0000018faa0bd498} 'add' '(Ljava/lang/Object;[Ljava/lang/Object;I)V' in 'java/util/ArrayList')}
  0x0000018f947810a4: 00eb 1748 | bbe0 5703 | eb8f 0100 | 0048 83ab | 6801 0000 | 01e9 2c22 | 0000 4863 | d749 8d54 
  0x0000018f947810c4: 9010 410f | be5f 4083 | fb00 0f85 | 1f22 0000 | 4c8b d049 | c1ea 0344 | 8912 488b | da48 33d8 
  0x0000018f947810e4: 48c1 eb15 | 4883 fb00 | 0f85 1f22 | 0000 ffc7 

  0x0000018f947810f4: ;   {metadata(method data for {method} {0x000001900c58bc18} 'a' '(Ljava/util/Collection;Ljava/util/Collection;Ljava/util/ArrayList;ZZ)Lui/data/place/a/a$g;' in 'ui/data/place/PlaceApi')}
  0x0000018f947810f4: 897e 1048 | ba58 d563 | 0d90 0100 | 008b bad0 | 0000 0083 | c702 89ba | d000 0000 | 81e7 fe3f 
  0x0000018f94781114: 0000 83ff | 000f 840a | 2200 004d | 8b97 5804 

  0x0000018f94781124: ; ImmutableOopMap {rsi=Oop [168]=Oop [192]=Oop [208]=Oop [216]=Oop }
                      ;*goto {reexecute=1 rethrow=0 return_oop=0}
                      ; - (reexecute) ui.data.place.PlaceApi::a@97 (line 421)
                      ;   {poll}
  0x0000018f94781124: 0000 4185 

  0x0000018f94781128: ;   {metadata(method data for {method} {0x000001900c58bc18} 'a' '(Ljava/util/Collection;Ljava/util/Collection;Ljava/util/ArrayList;ZZ)Lui/data/place/a/a$g;' in 'ui/data/place/PlaceApi')}
  0x0000018f94781128: 0248 ba58 | d563 0d90 | 0100 00ff | 82f8 0300 | 0048 8b84 | 24d8 0000 | 00e9 92f8 | ffff 488b 
  0x0000018f94781148: 8424 a800 | 0000 488b 

  0x0000018f94781150: ;   {metadata(method data for {method} {0x000001900c58bc18} 'a' '(Ljava/util/Collection;Ljava/util/Collection;Ljava/util/ArrayList;ZZ)Lui/data/place/a/a$g;' in 'ui/data/place/PlaceApi')}
  0x0000018f94781150: d048 bf58 | d563 0d90 | 0100 0048 | 8387 1004 

  0x0000018f94781160: ;   {metadata(method data for {method} {0x000001900cd4b040} 'dS' '(Ljava/lang/Iterable;)Lui/data/place/a/a$g$a;' in 'ui/data/place/a/a$g$a')}
  0x0000018f94781160: 0000 0148 | ba50 eb63 | 0d90 0100 | 008b bacc | 0000 0083 | c702 89ba | cc00 0000 | 81e7 feff 
  0x0000018f94781180: 1f00 83ff | 000f 84bf | 2100 0048 

  0x0000018f9478118c: ;   {metadata(method data for {method} {0x000001900cd4b040} 'dS' '(Ljava/lang/Iterable;)Lui/data/place/a/a$g$a;' in 'ui/data/place/a/a$g$a')}
  0x0000018f9478118c: 8bd0 48bf | 50eb 630d | 9001 0000 | 4883 8710 | 0100 0001 | 488b d00f 

  0x0000018f947811a4: ;   {optimized virtual_call}
  0x0000018f947811a4: 1f40 00e8 

  0x0000018f947811a8: ; ImmutableOopMap {[168]=Oop [192]=Oop [208]=Oop }
                      ;*invokevirtual dFL {reexecute=0 rethrow=0 return_oop=0}
                      ; - ui.data.place.a.a$g$a::dS@1 (line 8622)
                      ; - ui.data.place.PlaceApi::a@104 (line 422)
  0x0000018f947811a8: d4d8 1d06 

  0x0000018f947811ac: ;   {other}
  0x0000018f947811ac: 0f1f 8400 | 9c15 000c | 488b 8424 | a800 0000 | 448b 4030 | 49c1 e003 

  0x0000018f947811c4: ;   {metadata(method data for {method} {0x000001900cd4b040} 'dS' '(Ljava/lang/Iterable;)Lui/data/place/a/a$g$a;' in 'ui/data/place/a/a$g$a')}
  0x0000018f947811c4: 48ba 50eb | 630d 9001 | 0000 4883 | 8248 0100 | 0001 488b | 9424 d000 

  0x0000018f947811dc: ;   {static_call}
  0x0000018f947811dc: 0000 90e8 

  0x0000018f947811e0: ; ImmutableOopMap {[168]=Oop [192]=Oop }
                      ;*invokestatic addAll {reexecute=0 rethrow=0 return_oop=0}
                      ; - ui.data.place.a.a$g$a::dS@9 (line 8623)
                      ; - ui.data.place.PlaceApi::a@104 (line 422)
  0x0000018f947811e0: 9cde 1d06 

  0x0000018f947811e4: ;   {other}
  0x0000018f947811e4: 0f1f 8400 | d415 000d | 488b 8424 | a800 0000 

  0x0000018f947811f4: ;   {metadata(method data for {method} {0x000001900cd4b040} 'dS' '(Ljava/lang/Iterable;)Lui/data/place/a/a$g$a;' in 'ui/data/place/a/a$g$a')}
  0x0000018f947811f4: 48ba 50eb | 630d 9001 | 0000 4883 | 8258 0100 

  0x0000018f94781204: ;   {metadata(method data for {method} {0x0000018fee997bd0} 'onChanged' '()V' in 'com/google/protobuf/GeneratedMessageV3$Builder')}
  0x0000018f94781204: 0001 48ba | 7884 a9ee | 8f01 0000 | 8bb2 cc00 | 0000 83c6 | 0289 b2cc | 0000 0081 | e6fe ff1f 
  0x0000018f94781224: 0083 fe00 | 0f84 3d21 | 0000 488b | 8424 a800 | 0000 0fbe | 500c 83fa 

  0x0000018f9478123c: ;   {metadata(method data for {method} {0x0000018fee997bd0} 'onChanged' '()V' in 'com/google/protobuf/GeneratedMessageV3$Builder')}
  0x0000018f9478123c: 0048 ba78 | 84a9 ee8f | 0100 0048 | be10 0100 | 0000 0000 | 000f 840a | 0000 0048 | be20 0100 
  0x0000018f9478125c: 0000 0000 | 0048 8b3c | 3248 8d7f | 0148 893c | 320f 84fd | 0000 008b | 5010 48c1 | e203 4883 
  0x0000018f9478127c: ;   {metadata(method data for {method} {0x0000018fee997bd0} 'onChanged' '()V' in 'com/google/protobuf/GeneratedMessageV3$Builder')}
  0x0000018f9478127c: fa00 48be | 7884 a9ee | 8f01 0000 | 48bf 3001 | 0000 0000 | 0000 0f84 | 0a00 0000 | 48bf 4001 
  0x0000018f9478129c: 0000 0000 | 0000 488b | 1c3e 488d | 5b01 4889 | 1c3e 0f84 | bc00 0000 

  0x0000018f947812b4: ; implicit exception: dispatches to 0x0000018f9478338c
  0x0000018f947812b4: 483b 0248 

  0x0000018f947812b8: ;   {metadata(method data for {method} {0x0000018fee997bd0} 'onChanged' '()V' in 'com/google/protobuf/GeneratedMessageV3$Builder')}
  0x0000018f947812b8: 8bf2 48bf | 7884 a9ee | 8f01 0000 | 8b76 0849 | ba00 0000 | aa8f 0100 | 0049 03f2 | 483b b760 
  0x0000018f947812d8: 0100 0075 | 0d48 8387 | 6801 0000 | 01e9 6000 | 0000 483b | b770 0100 | 0075 0d48 | 8387 7801 
  0x0000018f947812f8: 0000 01e9 | 4a00 0000 | 4883 bf60 | 0100 0000 | 7517 4889 | b760 0100 | 0048 c787 | 6801 0000 
  0x0000018f94781318: 0100 0000 | e929 0000 | 0048 83bf | 7001 0000 | 0075 1748 | 89b7 7001 | 0000 48c7 | 8778 0100 
  0x0000018f94781338: 0001 0000 | 00e9 0800 | 0000 4883 | 8750 0100 | 0001 6666 | 9048 b8ff | ffff ffff 

  0x0000018f94781354: ;   {virtual_call}
  0x0000018f94781354: ffff ffe8 

  0x0000018f94781358: ; ImmutableOopMap {[168]=Oop [192]=Oop }
                      ;*invokeinterface markDirty {reexecute=0 rethrow=0 return_oop=0}
                      ; - com.google.protobuf.GeneratedMessageV3$Builder::onChanged@18 (line 921)
                      ; - ui.data.place.a.a$g$a::dS@13 (line 8625)
                      ; - ui.data.place.PlaceApi::a@104 (line 422)
  0x0000018f94781358: 24da 1d06 

  0x0000018f9478135c: ;   {other}
  0x0000018f9478135c: 0f1f 8400 | 4c17 000e | 488b 8424 | a800 0000 | c640 0c00 

  0x0000018f94781370: ;   {metadata(method data for {method} {0x000001900c58bc18} 'a' '(Ljava/util/Collection;Ljava/util/Collection;Ljava/util/ArrayList;ZZ)Lui/data/place/a/a$g;' in 'ui/data/place/PlaceApi')}
  0x0000018f94781370: 48ba 58d5 | 630d 9001 | 0000 ff82 | 4804 0000 | e977 0d00 

  0x0000018f94781384: ;   {metadata('java/util/ArrayList')}
  0x0000018f94781384: 0048 ba48 | ad0b aa8f | 0100 0049 | 8b87 b801 | 0000 488d | 7818 493b | bfc8 0100 | 000f 87ea 
  0x0000018f947813a4: 1f00 0049 | 89bf b801 | 0000 48c7 | 0001 0000 | 0048 8bca | 49ba 0000 | 00aa 8f01 | 0000 492b 
  0x0000018f947813c4: ca89 4808 | 4833 c989 | 480c 4833 | c948 8948 | 1048 8984 | 24f0 0000 | 0049 3b01 

  0x0000018f947813e0: ;   {metadata(method data for {method} {0x000001900c58bc18} 'a' '(Ljava/util/Collection;Ljava/util/Collection;Ljava/util/ArrayList;ZZ)Lui/data/place/a/a$g;' in 'ui/data/place/PlaceApi')}
  0x0000018f947813e0: 498b d148 | be58 d563 | 0d90 0100 | 008b 5208 | 49ba 0000 | 00aa 8f01 | 0000 4903 | d248 3b96 
  0x0000018f94781400: 7004 0000 | 750d 4883 | 8678 0400 | 0001 e960 | 0000 0048 | 3b96 8004 | 0000 750d | 4883 8688 
  0x0000018f94781420: 0400 0001 | e94a 0000 | 0048 83be | 7004 0000 | 0075 1748 | 8996 7004 | 0000 48c7 | 8678 0400 
  0x0000018f94781440: 0001 0000 | 00e9 2900 | 0000 4883 | be80 0400 | 0000 7517 | 4889 9680 | 0400 0048 | c786 8804 
  0x0000018f94781460: 0000 0100 | 0000 e908 | 0000 0048 | 8386 6004 | 0000 0149 | 8bd1 0f1f | 8000 0000 | 0048 b8ff 
  0x0000018f94781480: ffff ffff 

  0x0000018f94781484: ;   {virtual_call}
  0x0000018f94781484: ffff ffe8 

  0x0000018f94781488: ; ImmutableOopMap {[168]=Oop [176]=Oop [184]=Oop [192]=Oop [240]=Oop }
                      ;*invokeinterface size {reexecute=0 rethrow=0 return_oop=0}
                      ; - ui.data.place.PlaceApi::a@116 (line 425)
  0x0000018f94781488: f4d8 1d06 

  0x0000018f9478148c: ;   {other}
  0x0000018f9478148c: 0f1f 8400 | 7c18 000f | 4c8b 8424 | f000 0000 

  0x0000018f9478149c: ;   {metadata(method data for {method} {0x000001900c58bc18} 'a' '(Ljava/util/Collection;Ljava/util/Collection;Ljava/util/ArrayList;ZZ)Lui/data/place/a/a$g;' in 'ui/data/place/PlaceApi')}
  0x0000018f9478149c: 48ba 58d5 | 630d 9001 | 0000 4883 | 8298 0400 | 0001 4c8b | c048 8b94 | 24f0 0000 | 0066 0f1f 
  0x0000018f947814bc: ;   {optimized virtual_call}
  0x0000018f947814bc: 4400 00e8 

  0x0000018f947814c0: ; ImmutableOopMap {[168]=Oop [176]=Oop [184]=Oop [192]=Oop [240]=Oop }
                      ;*invokespecial <init> {reexecute=0 rethrow=0 return_oop=0}
                      ; - ui.data.place.PlaceApi::a@121 (line 425)
  0x0000018f947814c0: bcd5 1d06 

  0x0000018f947814c4: ;   {other}
  0x0000018f947814c4: 0f1f 8400 | b418 0010 | 4c8b 8c24 | b000 0000 

  0x0000018f947814d4: ;   {metadata(method data for {method} {0x000001900c58bc18} 'a' '(Ljava/util/Collection;Ljava/util/Collection;Ljava/util/ArrayList;ZZ)Lui/data/place/a/a$g;' in 'ui/data/place/PlaceApi')}
  0x0000018f947814d4: 48ba 58d5 | 630d 9001 | 0000 458b | 4908 49ba | 0000 00aa | 8f01 0000 | 4d03 ca4c | 3b8a b804 
  0x0000018f947814f4: 0000 750d | 4883 82c0 | 0400 0001 | e960 0000 | 004c 3b8a | c804 0000 | 750d 4883 | 82d0 0400 
  0x0000018f94781514: 0001 e94a | 0000 0048 | 83ba b804 | 0000 0075 | 174c 898a | b804 0000 | 48c7 82c0 | 0400 0001 
  0x0000018f94781534: 0000 00e9 | 2900 0000 | 4883 bac8 | 0400 0000 | 7517 4c89 | 8ac8 0400 | 0048 c782 | d004 0000 
  0x0000018f94781554: 0100 0000 | e908 0000 | 0048 8382 | a804 0000 | 0148 8b94 | 24b0 0000 | 0048 b8ff | ffff ffff 
  0x0000018f94781574: ;   {virtual_call}
  0x0000018f94781574: ffff ffe8 

  0x0000018f94781578: ; ImmutableOopMap {[168]=Oop [184]=Oop [192]=Oop [240]=Oop }
                      ;*invokeinterface iterator {reexecute=0 rethrow=0 return_oop=0}
                      ; - ui.data.place.PlaceApi::a@130 (line 427)
  0x0000018f94781578: 04d8 1d06 

  0x0000018f9478157c: ;   {other}
  0x0000018f9478157c: 0f1f 8400 | 6c19 0011 | 4889 8424 | f800 0000 | be00 0000 | 0089 b424 | e400 0000 

  0x0000018f94781598: ; implicit exception: dispatches to 0x0000018f947833a3
  0x0000018f94781598: 483b 0048 

  0x0000018f9478159c: ;   {metadata(method data for {method} {0x000001900c58bc18} 'a' '(Ljava/util/Collection;Ljava/util/Collection;Ljava/util/ArrayList;ZZ)Lui/data/place/a/a$g;' in 'ui/data/place/PlaceApi')}
  0x0000018f9478159c: 8bd0 48b9 | 58d5 630d | 9001 0000 | 8b52 0849 | ba00 0000 | aa8f 0100 | 0049 03d2 | 483b 91f0 
  0x0000018f947815bc: 0400 0075 | 0d48 8381 | f804 0000 | 01e9 6000 | 0000 483b | 9100 0500 | 0075 0d48 | 8381 0805 
  0x0000018f947815dc: 0000 01e9 | 4a00 0000 | 4883 b9f0 | 0400 0000 | 7517 4889 | 91f0 0400 | 0048 c781 | f804 0000 
  0x0000018f947815fc: 0100 0000 | e929 0000 | 0048 83b9 | 0005 0000 | 0075 1748 | 8991 0005 | 0000 48c7 | 8108 0500 
  0x0000018f9478161c: 0001 0000 | 00e9 0800 | 0000 4883 | 81e0 0400 | 0001 488b | d00f 1f40 | 0048 b8ff | ffff ffff 
  0x0000018f9478163c: ;   {virtual_call}
  0x0000018f9478163c: ffff ffe8 

  0x0000018f94781640: ; ImmutableOopMap {[168]=Oop [184]=Oop [192]=Oop [240]=Oop [248]=Oop }
                      ;*invokeinterface hasNext {reexecute=0 rethrow=0 return_oop=0}
                      ; - ui.data.place.PlaceApi::a@139 (line 427)
  0x0000018f94781640: 3cd7 1d06 

  0x0000018f94781644: ;   {other}
  0x0000018f94781644: 0f1f 8400 | 341a 0012 

  0x0000018f9478164c: ;   {metadata(method data for {method} {0x000001900c58bc18} 'a' '(Ljava/util/Collection;Ljava/util/Collection;Ljava/util/ArrayList;ZZ)Lui/data/place/a/a$g;' in 'ui/data/place/PlaceApi')}
  0x0000018f9478164c: 83f8 0048 | ba58 d563 | 0d90 0100 | 0048 be18 | 0500 0000 | 0000 000f | 840a 0000 | 0048 be28 
  0x0000018f9478166c: 0500 0000 | 0000 0048 | 8b3c 3248 | 8d7f 0148 | 893c 320f | 843d 0a00 | 0048 8b94 | 24f8 0000 
  0x0000018f9478168c: ;   {metadata(method data for {method} {0x000001900c58bc18} 'a' '(Ljava/util/Collection;Ljava/util/Collection;Ljava/util/ArrayList;ZZ)Lui/data/place/a/a$g;' in 'ui/data/place/PlaceApi')}
  0x0000018f9478168c: 0048 bb58 | d563 0d90 | 0100 008b | 5208 49ba | 0000 00aa | 8f01 0000 | 4903 d248 | 3b93 4805 
  0x0000018f947816ac: 0000 750d | 4883 8350 | 0500 0001 | e960 0000 | 0048 3b93 | 5805 0000 | 750d 4883 | 8360 0500 
  0x0000018f947816cc: 0001 e94a | 0000 0048 | 83bb 4805 | 0000 0075 | 1748 8993 | 4805 0000 | 48c7 8350 | 0500 0001 
  0x0000018f947816ec: 0000 00e9 | 2900 0000 | 4883 bb58 | 0500 0000 | 7517 4889 | 9358 0500 | 0048 c783 | 6005 0000 
  0x0000018f9478170c: 0100 0000 | e908 0000 | 0048 8383 | 3805 0000 | 0148 8b94 | 24f8 0000 | 0048 b8ff | ffff ffff 
  0x0000018f9478172c: ;   {virtual_call}
  0x0000018f9478172c: ffff ffe8 

  0x0000018f94781730: ; ImmutableOopMap {[168]=Oop [184]=Oop [192]=Oop [240]=Oop [248]=Oop }
                      ;*invokeinterface next {reexecute=0 rethrow=0 return_oop=0}
                      ; - ui.data.place.PlaceApi::a@149 (line 427)
  0x0000018f94781730: 4cd6 1d06 

  0x0000018f94781734: ;   {other}
  0x0000018f94781734: 0f1f 8400 | 241b 0013 | 4883 f800 

  0x0000018f94781740: ;   {metadata(method data for {method} {0x000001900c58bc18} 'a' '(Ljava/util/Collection;Ljava/util/Collection;Ljava/util/ArrayList;ZZ)Lui/data/place/a/a$g;' in 'ui/data/place/PlaceApi')}
  0x0000018f94781740: 7516 48bb | 58d5 630d | 9001 0000 | 808b 6905 | 0000 01e9 | e800 0000 

  0x0000018f94781758: ;   {metadata('ui/data/aN')}
  0x0000018f94781758: 48be 907b | 00ab 8f01 | 0000 8b58 | 0849 ba00 | 0000 aa8f | 0100 0049 | 03da 483b | 7320 0f84 
  0x0000018f94781778: 1b00 0000 | 483b de0f | 8412 0000 

  0x0000018f94781784: ;   {runtime_call slow_subtype_check Runtime1 stub}
  0x0000018f94781784: 0053 56e8 | f49b 2a06 | 5b5b 83fb | 000f 848d 

  0x0000018f94781794: ;   {metadata(method data for {method} {0x000001900c58bc18} 'a' '(Ljava/util/Collection;Ljava/util/Collection;Ljava/util/ArrayList;ZZ)Lui/data/place/a/a$g;' in 'ui/data/place/PlaceApi')}
  0x0000018f94781794: 0000 0048 | bb58 d563 | 0d90 0100 | 008b 7008 | 49ba 0000 | 00aa 8f01 | 0000 4903 | f248 3bb3 
  0x0000018f947817b4: 8005 0000 | 750d 4883 | 8388 0500 | 0001 e979 | 0000 0048 | 3bb3 9005 | 0000 750d | 4883 8398 
  0x0000018f947817d4: 0500 0001 | e963 0000 | 0048 83bb | 8005 0000 | 0075 1748 | 89b3 8005 | 0000 48c7 | 8388 0500 
  0x0000018f947817f4: 0001 0000 | 00e9 4200 | 0000 4883 | bb90 0500 | 0000 7517 | 4889 b390 | 0500 0048 | c783 9805 
  0x0000018f94781814: 0000 0100 | 0000 e921 | 0000 00e9 | 1c00 0000 

  0x0000018f94781824: ;   {metadata(method data for {method} {0x000001900c58bc18} 'a' '(Ljava/util/Collection;Ljava/util/Collection;Ljava/util/ArrayList;ZZ)Lui/data/place/a/a$g;' in 'ui/data/place/PlaceApi')}
  0x0000018f94781824: 48bb 58d5 | 630d 9001 | 0000 4883 | ab70 0500 | 0001 e96d | 1b00 00e9 | 0000 0000 | 488b f048 
  0x0000018f94781844: 89b4 2400 | 0100 000f 

  0x0000018f9478184c: ;   {static_call}
  0x0000018f9478184c: 1f40 00e8 

  0x0000018f94781850: ; ImmutableOopMap {[168]=Oop [184]=Oop [192]=Oop [240]=Oop [248]=Oop [256]=Oop }
                      ;*invokestatic eHE {reexecute=0 rethrow=0 return_oop=0}
                      ; - ui.data.place.PlaceApi::a@159 (line 428)
  0x0000018f94781850: 2cd8 1d06 

  0x0000018f94781854: ;   {other}
  0x0000018f94781854: 0f1f 8400 | 441c 0014 | 488b b424 | 0001 0000 | 4883 fe00 

  0x0000018f94781868: ;   {metadata(method data for {method} {0x000001900c58bc18} 'a' '(Ljava/util/Collection;Ljava/util/Collection;Ljava/util/ArrayList;ZZ)Lui/data/place/a/a$g;' in 'ui/data/place/PlaceApi')}
  0x0000018f94781868: 7517 49b8 | 58d5 630d | 9001 0000 | 4180 88b1 | 0500 0001 | e9cc 0000 

  0x0000018f94781880: ;   {metadata('ui/data/an')}
  0x0000018f94781880: 0048 bff0 | ce12 ab8f | 0100 008b | 5608 49ba | 0000 00aa | 8f01 0000 | 4903 d248 | 3bfa 0f85 
  0x0000018f947818a0: 8d00 0000 

  0x0000018f947818a4: ;   {metadata(method data for {method} {0x000001900c58bc18} 'a' '(Ljava/util/Collection;Ljava/util/Collection;Ljava/util/ArrayList;ZZ)Lui/data/place/a/a$g;' in 'ui/data/place/PlaceApi')}
  0x0000018f947818a4: 49b8 58d5 | 630d 9001 | 0000 8b7e | 0849 ba00 | 0000 aa8f | 0100 0049 | 03fa 493b | b8c8 0500 
  0x0000018f947818c4: 0075 0d49 | 8380 d005 | 0000 01e9 | 7900 0000 | 493b b8d8 | 0500 0075 | 0d49 8380 | e005 0000 
  0x0000018f947818e4: 01e9 6300 | 0000 4983 | b8c8 0500 | 0000 7517 | 4989 b8c8 | 0500 0049 | c780 d005 | 0000 0100 
  0x0000018f94781904: 0000 e942 | 0000 0049 | 83b8 d805 | 0000 0075 | 1749 89b8 | d805 0000 | 49c7 80e0 | 0500 0001 
  0x0000018f94781924: 0000 00e9 | 2100 0000 | e91c 0000 

  0x0000018f94781930: ;   {metadata(method data for {method} {0x000001900c58bc18} 'a' '(Ljava/util/Collection;Ljava/util/Collection;Ljava/util/ArrayList;ZZ)Lui/data/place/a/a$g;' in 'ui/data/place/PlaceApi')}
  0x0000018f94781930: 0049 b858 | d563 0d90 | 0100 0049 | 83a8 b805 | 0000 01e9 | 691a 0000 | e900 0000 | 004c 8bc6 
  0x0000018f94781950: ; implicit exception: dispatches to 0x0000018f947833ba
  0x0000018f94781950: 493b 0049 

  0x0000018f94781954: ;   {metadata(method data for {method} {0x000001900c58bc18} 'a' '(Ljava/util/Collection;Ljava/util/Collection;Ljava/util/ArrayList;ZZ)Lui/data/place/a/a$g;' in 'ui/data/place/PlaceApi')}
  0x0000018f94781954: 8bd0 48be | 58d5 630d | 9001 0000 | 4883 86f0 | 0500 0001 | 498b 5018 | 4c8b c248 | 8bd0 4889 
  0x0000018f94781974: 8424 0801 | 0000 6666 | 9048 b8ff | ffff ffff 

  0x0000018f94781984: ;   {virtual_call}
  0x0000018f94781984: ffff ffe8 

  0x0000018f94781988: ; ImmutableOopMap {[168]=Oop [184]=Oop [192]=Oop [240]=Oop [248]=Oop [264]=Oop }
                      ;*invokevirtual bT {reexecute=0 rethrow=0 return_oop=0}
                      ; - ui.data.place.PlaceApi::a@174 (line 429)
  0x0000018f94781988: f4d3 1d06 

  0x0000018f9478198c: ;   {other}
  0x0000018f9478198c: 0f1f 8400 | 7c1d 0015 | 8bb4 24e4 | 0000 00ff | c648 8bbc | 24b8 0000 | 0048 3b07 

  0x0000018f947819a8: ;   {metadata(method data for {method} {0x000001900c58bc18} 'a' '(Ljava/util/Collection;Ljava/util/Collection;Ljava/util/ArrayList;ZZ)Lui/data/place/a/a$g;' in 'ui/data/place/PlaceApi')}
  0x0000018f947819a8: 4c8b c748 | ba58 d563 | 0d90 0100 | 0045 8b40 | 0849 ba00 | 0000 aa8f | 0100 004d | 03c2 4c3b 
  0x0000018f947819c8: 8270 0600 | 0075 0d48 | 8382 7806 | 0000 01e9 | 6000 0000 | 4c3b 8280 | 0600 0075 | 0d48 8382 
  0x0000018f947819e8: 8806 0000 | 01e9 4a00 | 0000 4883 | ba70 0600 | 0000 7517 | 4c89 8270 | 0600 0048 | c782 7806 
  0x0000018f94781a08: 0000 0100 | 0000 e929 | 0000 0048 | 83ba 8006 | 0000 0075 | 174c 8982 | 8006 0000 | 48c7 8288 
  0x0000018f94781a28: 0600 0001 | 0000 00e9 | 0800 0000 | 4883 8260 | 0600 0001 

  0x0000018f94781a3c: ;   {metadata(method data for {method} {0x0000018faa0bc998} 'get' '(I)Ljava/lang/Object;' in 'java/util/ArrayList')}
  0x0000018f94781a3c: 49b8 802a | 04eb 8f01 | 0000 418b | 90cc 0000 | 0083 c202 | 4189 90cc | 0000 0081 | e2fe ff1f 
  0x0000018f94781a5c: 0083 fa00 | 0f84 5e19 | 0000 448b 

  0x0000018f94781a68: ;   {metadata(method data for {method} {0x0000018faa0bc998} 'get' '(I)Ljava/lang/Object;' in 'java/util/ArrayList')}
  0x0000018f94781a68: 4710 48ba | 802a 04eb | 8f01 0000 | 4883 8210 | 0100 0001 

  0x0000018f94781a7c: ;   {metadata(method data for {method} {0x0000018faa056628} 'checkIndex' '(II)I' in 'java/util/Objects')}
  0x0000018f94781a7c: 48ba 202c | 04eb 8f01 | 0000 8b9a | cc00 0000 | 83c3 0289 | 9acc 0000 | 0081 e3fe | ff1f 0083 
  0x0000018f94781a9c: fb00 0f84 | 4119 0000 

  0x0000018f94781aa4: ;   {metadata(method data for {method} {0x0000018faa056628} 'checkIndex' '(II)I' in 'java/util/Objects')}
  0x0000018f94781aa4: 48ba 202c | 04eb 8f01 | 0000 4883 | 8210 0100 

  0x0000018f94781ab4: ;   {oop(nullptr)}
  0x0000018f94781ab4: 0001 48ba | 0000 0000 | 0000 0000 | ba00 0000 | 008b 9c24 | e400 0000 | 3bda 0f8c | 3219 0000 
  0x0000018f94781ad4: 413b d80f | 8d36 1900 | 004c 8bc3 

  0x0000018f94781ae0: ;   {metadata(method data for {method} {0x0000018faa0bc998} 'get' '(I)Ljava/lang/Object;' in 'java/util/ArrayList')}
  0x0000018f94781ae0: 4c8b c748 | ba80 2a04 | eb8f 0100 | 0045 8b40 | 0849 ba00 | 0000 aa8f | 0100 004d | 03c2 4c3b 
  0x0000018f94781b00: 8230 0100 | 0075 0d48 | 8382 3801 | 0000 01e9 | 6000 0000 | 4c3b 8240 | 0100 0075 | 0d48 8382 
  0x0000018f94781b20: 4801 0000 | 01e9 4a00 | 0000 4883 | ba30 0100 | 0000 7517 | 4c89 8230 | 0100 0048 | c782 3801 
  0x0000018f94781b40: 0000 0100 | 0000 e929 | 0000 0048 | 83ba 4001 | 0000 0075 | 174c 8982 | 4001 0000 | 48c7 8248 
  0x0000018f94781b60: 0100 0001 | 0000 00e9 | 0800 0000 | 4883 8220 | 0100 0001 

  0x0000018f94781b74: ;   {metadata(method data for {method} {0x0000018faa0bd078} 'elementData' '(I)Ljava/lang/Object;' in 'java/util/ArrayList')}
  0x0000018f94781b74: 49b8 882d | 04eb 8f01 | 0000 418b | 90cc 0000 | 0083 c202 | 4189 90cc | 0000 0081 | e2fe ff1f 
  0x0000018f94781b94: 0083 fa00 | 0f84 8218 | 0000 448b | 4714 49c1 | e003 413b | 580c 0f83 | 9b18 0000 | 4863 d345 
  0x0000018f94781bb4: 8b44 9010 | 49c1 e003 | 4983 f800 

  0x0000018f94781bc0: ;   {metadata(method data for {method} {0x000001900c58bc18} 'a' '(Ljava/util/Collection;Ljava/util/Collection;Ljava/util/ArrayList;ZZ)Lui/data/place/a/a$g;' in 'ui/data/place/PlaceApi')}
  0x0000018f94781bc0: 7516 48bb | 58d5 630d | 9001 0000 | 808b 9106 | 0000 01e9 | ce00 0000 

  0x0000018f94781bd8: ;   {metadata('java/lang/Integer')}
  0x0000018f94781bd8: 48b8 885c | 02aa 8f01 | 0000 418b | 5008 49ba | 0000 00aa | 8f01 0000 | 4903 d248 | 3bc2 0f85 
  0x0000018f94781bf8: 8e00 0000 

  0x0000018f94781bfc: ;   {metadata(method data for {method} {0x000001900c58bc18} 'a' '(Ljava/util/Collection;Ljava/util/Collection;Ljava/util/ArrayList;ZZ)Lui/data/place/a/a$g;' in 'ui/data/place/PlaceApi')}
  0x0000018f94781bfc: 48bb 58d5 | 630d 9001 | 0000 418b | 4008 49ba | 0000 00aa | 8f01 0000 | 4903 c248 | 3b83 a806 
  0x0000018f94781c1c: 0000 750d | 4883 83b0 | 0600 0001 | e979 0000 | 0048 3b83 | b806 0000 | 750d 4883 | 83c0 0600 
  0x0000018f94781c3c: 0001 e963 | 0000 0048 | 83bb a806 | 0000 0075 | 1748 8983 | a806 0000 | 48c7 83b0 | 0600 0001 
  0x0000018f94781c5c: 0000 00e9 | 4200 0000 | 4883 bbb8 | 0600 0000 | 7517 4889 | 83b8 0600 | 0048 c783 | c006 0000 
  0x0000018f94781c7c: 0100 0000 | e921 0000 | 00e9 1c00 

  0x0000018f94781c88: ;   {metadata(method data for {method} {0x000001900c58bc18} 'a' '(Ljava/util/Collection;Ljava/util/Collection;Ljava/util/ArrayList;ZZ)Lui/data/place/a/a$g;' in 'ui/data/place/PlaceApi')}
  0x0000018f94781c88: 0000 48bb | 58d5 630d | 9001 0000 | 4883 ab98 | 0600 0001 | e9b8 1700 | 00e9 0000 | 0000 493b 
  0x0000018f94781ca8: 0049 8bd0 

  0x0000018f94781cac: ;   {metadata(method data for {method} {0x000001900c58bc18} 'a' '(Ljava/util/Collection;Ljava/util/Collection;Ljava/util/ArrayList;ZZ)Lui/data/place/a/a$g;' in 'ui/data/place/PlaceApi')}
  0x0000018f94781cac: 48bb 58d5 | 630d 9001 | 0000 4883 | 83d0 0600 | 0001 458b | 400c 488b | 9424 0801 | 0000 89b4 
  0x0000018f94781ccc: 2410 0100 | 000f 1f40 | 0048 b8ff | ffff ffff 

  0x0000018f94781cdc: ;   {virtual_call}
  0x0000018f94781cdc: ffff ffe8 

  0x0000018f94781ce0: ; ImmutableOopMap {[168]=Oop [184]=Oop [192]=Oop [240]=Oop [248]=Oop [264]=Oop }
                      ;*invokevirtual xN {reexecute=0 rethrow=0 return_oop=0}
                      ; - ui.data.place.PlaceApi::a@195 (line 430)
  0x0000018f94781ce0: 9cd0 1d06 

  0x0000018f94781ce4: ;   {other}
  0x0000018f94781ce4: 0f1f 8400 | d420 0016 | 488b 9424 | 0801 0000 | 9048 b8ff | ffff ffff 

  0x0000018f94781cfc: ;   {virtual_call}
  0x0000018f94781cfc: ffff ffe8 

  0x0000018f94781d00: ; ImmutableOopMap {[168]=Oop [184]=Oop [192]=Oop [240]=Oop [248]=Oop }
                      ;*invokevirtual eHK {reexecute=0 rethrow=0 return_oop=0}
                      ; - ui.data.place.PlaceApi::a@203 (line 431)
  0x0000018f94781d00: 7cd0 1d06 

  0x0000018f94781d04: ;   {other}
  0x0000018f94781d04: 0f1f 8400 | f420 0017 | 4c8b 8424 | f000 0000 

  0x0000018f94781d14: ;   {metadata(method data for {method} {0x000001900c58bc18} 'a' '(Ljava/util/Collection;Ljava/util/Collection;Ljava/util/ArrayList;ZZ)Lui/data/place/a/a$g;' in 'ui/data/place/PlaceApi')}
  0x0000018f94781d14: 48ba 58d5 | 630d 9001 | 0000 458b | 4008 49ba | 0000 00aa | 8f01 0000 | 4d03 c24c | 3b82 8807 
  0x0000018f94781d34: 0000 750d | 4883 8290 | 0700 0001 | e960 0000 | 004c 3b82 | 9807 0000 | 750d 4883 | 82a0 0700 
  0x0000018f94781d54: 0001 e94a | 0000 0048 | 83ba 8807 | 0000 0075 | 174c 8982 | 8807 0000 | 48c7 8290 | 0700 0001 
  0x0000018f94781d74: 0000 00e9 | 2900 0000 | 4883 ba98 | 0700 0000 | 7517 4c89 | 8298 0700 | 0048 c782 | a007 0000 
  0x0000018f94781d94: 0100 0000 | e908 0000 | 0048 8382 | 7807 0000 

  0x0000018f94781da4: ;   {metadata(method data for {method} {0x0000018faa0bc578} 'add' '(Ljava/lang/Object;)Z' in 'java/util/ArrayList')}
  0x0000018f94781da4: 0149 b850 | 5603 eb8f | 0100 0041 | 8b90 cc00 | 0000 83c2 | 0241 8990 | cc00 0000 | 81e2 feff 
  0x0000018f94781dc4: 1f00 83fa | 000f 8498 | 1600 0048 | 8bb4 24f0 | 0000 0044 | 8b46 0c41 | ffc0 4489 | 460c 448b 
  0x0000018f94781de4: 4614 49c1 | e003 8b7e | 1048 8bd6 

  0x0000018f94781df0: ;   {metadata(method data for {method} {0x0000018faa0bc578} 'add' '(Ljava/lang/Object;)Z' in 'java/util/ArrayList')}
  0x0000018f94781df0: 48bb 5056 | 03eb 8f01 | 0000 4883 | 8310 0100 

  0x0000018f94781e00: ;   {metadata(method data for {method} {0x0000018faa0bd498} 'add' '(Ljava/lang/Object;[Ljava/lang/Object;I)V' in 'java/util/ArrayList')}
  0x0000018f94781e00: 0001 48ba | e057 03eb | 8f01 0000 | 8b9a cc00 | 0000 83c3 | 0289 9acc | 0000 0081 | e3fe ff1f 
  0x0000018f94781e20: 0083 fb00 | 0f84 5e16 | 0000 418b | 500c 3bfa 

  0x0000018f94781e30: ;   {metadata(method data for {method} {0x0000018faa0bd498} 'add' '(Ljava/lang/Object;[Ljava/lang/Object;I)V' in 'java/util/ArrayList')}
  0x0000018f94781e30: 48ba e057 | 03eb 8f01 | 0000 48bb | 2001 0000 | 0000 0000 | 0f84 0a00 | 0000 48bb | 1001 0000 
  0x0000018f94781e50: 0000 0000 | 488b 0c1a | 488d 4901 | 4889 0c1a | 0f84 0800 | 0000 488b | d6e9 9800 | 0000 4889 
  0x0000018f94781e70: 8424 1801 | 0000 4c8b 

  0x0000018f94781e78: ;   {metadata(method data for {method} {0x0000018faa0bd498} 'add' '(Ljava/lang/Object;[Ljava/lang/Object;I)V' in 'java/util/ArrayList')}
  0x0000018f94781e78: c648 bae0 | 5703 eb8f | 0100 0048 | 8382 3001 

  0x0000018f94781e88: ;   {metadata(method data for {method} {0x0000018faa0bd5a0} 'grow' '()[Ljava/lang/Object;' in 'java/util/ArrayList')}
  0x0000018f94781e88: 0000 0149 | b8d8 5903 | eb8f 0100 | 0041 8b90 | cc00 0000 | 83c2 0241 | 8990 cc00 | 0000 81e2 
  0x0000018f94781ea8: feff 1f00 | 83fa 000f | 84f9 1500 | 004c 8bc6 

  0x0000018f94781eb8: ;   {metadata(method data for {method} {0x0000018faa0bd5a0} 'grow' '()[Ljava/lang/Object;' in 'java/util/ArrayList')}
  0x0000018f94781eb8: 48ba d859 | 03eb 8f01 | 0000 4883 | 8210 0100 | 0001 4c8b | c741 ffc0 | 488b d689 | bc24 1401 
  0x0000018f94781ed8: 0000 0f1f 

  0x0000018f94781edc: ;   {optimized virtual_call}
  0x0000018f94781edc: 4400 00e8 

  0x0000018f94781ee0: ; ImmutableOopMap {[168]=Oop [184]=Oop [192]=Oop [240]=Oop [248]=Oop [280]=Oop }
                      ;*invokevirtual grow {reexecute=0 rethrow=0 return_oop=0}
                      ; - java.util.ArrayList::grow@7 (line 244)
                      ; - java.util.ArrayList::add@7 (line 483)
                      ; - java.util.ArrayList::add@20 (line 496)
                      ; - ui.data.place.PlaceApi::a@206 (line 431)
  0x0000018f94781ee0: 9ccb 1d06 

  0x0000018f94781ee4: ;   {other}
  0x0000018f94781ee4: 0f1f 8400 | d422 0018 | 4c8b c08b | bc24 1401 | 0000 488b | 8424 1801 | 0000 488b | 9424 f000 
  0x0000018f94781f04: 0000 413b | 780c 0f83 | c915 0000 | 4883 f800 

  0x0000018f94781f14: ;   {metadata(method data for {method} {0x0000018faa0bd498} 'add' '(Ljava/lang/Object;[Ljava/lang/Object;I)V' in 'java/util/ArrayList')}
  0x0000018f94781f14: 7516 48bb | e057 03eb | 8f01 0000 | 808b 6101 | 0000 01e9 | fa00 0000 

  0x0000018f94781f2c: ; implicit exception: dispatches to 0x0000018f947834e7
  0x0000018f94781f2c: 418b 7008 | 49ba 0000 | 00aa 8f01 | 0000 4903 | f28b 5808 | 49ba 0000 | 00aa 8f01 | 0000 4903 
  0x0000018f94781f4c: da48 8bb6 | d000 0000 | 483b de0f | 8428 0000 | 008b 4e14 | 483b 340b | 0f84 1b00 | 0000 83f9 
  0x0000018f94781f6c: 200f 859c | 0000 0053 

  0x0000018f94781f74: ;   {runtime_call slow_subtype_check Runtime1 stub}
  0x0000018f94781f74: 56e8 0694 | 2a06 5b5e | 83fe 000f | 848a 0000 

  0x0000018f94781f84: ;   {metadata(method data for {method} {0x0000018faa0bd498} 'add' '(Ljava/lang/Object;[Ljava/lang/Object;I)V' in 'java/util/ArrayList')}
  0x0000018f94781f84: 0048 bbe0 | 5703 eb8f | 0100 008b | 7008 49ba | 0000 00aa | 8f01 0000 | 4903 f248 | 3bb3 7801 
  0x0000018f94781fa4: 0000 750d | 4883 8380 | 0100 0001 | e971 0000 | 0048 3bb3 | 8801 0000 | 750d 4883 | 8390 0100 
  0x0000018f94781fc4: 0001 e95b | 0000 0048 | 83bb 7801 | 0000 0075 | 1748 89b3 | 7801 0000 | 48c7 8380 | 0100 0001 
  0x0000018f94781fe4: 0000 00e9 | 3a00 0000 | 4883 bb88 | 0100 0000 | 7517 4889 | b388 0100 | 0048 c783 | 9001 0000 
  0x0000018f94782004: 0100 0000 | e919 0000 

  0x0000018f9478200c: ;   {metadata(method data for {method} {0x0000018faa0bd498} 'add' '(Ljava/lang/Object;[Ljava/lang/Object;I)V' in 'java/util/ArrayList')}
  0x0000018f9478200c: 00eb 1748 | bbe0 5703 | eb8f 0100 | 0048 83ab | 6801 0000 | 01e9 c614 | 0000 4863 | f74d 8d44 
  0x0000018f9478202c: b010 410f | be77 4083 | fe00 0f85 | b914 0000 | 4c8b d049 | c1ea 0345 | 8910 498b | f048 33f0 
  0x0000018f9478204c: 48c1 ee15 | 4883 fe00 | 0f85 ba14 | 0000 ffc7 | 897a 108b | b424 1001 

  0x0000018f94782064: ;   {metadata(method data for {method} {0x000001900c58bc18} 'a' '(Ljava/util/Collection;Ljava/util/Collection;Ljava/util/ArrayList;ZZ)Lui/data/place/a/a$g;' in 'ui/data/place/PlaceApi')}
  0x0000018f94782064: 0000 49b8 | 58d5 630d | 9001 0000 | 418b b8d0 | 0000 0083 | c702 4189 | b8d0 0000 | 0081 e7fe 
  0x0000018f94782084: 3f00 0083 | ff00 0f84 | 9c14 0000 | 4d8b 9758 

  0x0000018f94782094: ; ImmutableOopMap {rdx=Oop [168]=Oop [184]=Oop [192]=Oop [240]=Oop [248]=Oop }
                      ;*goto {reexecute=1 rethrow=0 return_oop=0}
                      ; - (reexecute) ui.data.place.PlaceApi::a@210 (line 432)
                      ;   {poll}
  0x0000018f94782094: 0400 0041 

  0x0000018f94782098: ;   {metadata(method data for {method} {0x000001900c58bc18} 'a' '(Ljava/util/Collection;Ljava/util/Collection;Ljava/util/ArrayList;ZZ)Lui/data/place/a/a$g;' in 'ui/data/place/PlaceApi')}
  0x0000018f94782098: 8502 49b8 | 58d5 630d | 9001 0000 | 41ff 80b0 | 0700 0048 | 8bde 899c | 24e4 0000 | 0048 8b84 
  0x0000018f947820b8: 24f8 0000 | 00e9 d6f4 | ffff 488b | 9424 f000 | 0000 488b | 8424 a800 

  0x0000018f947820d0: ;   {metadata(method data for {method} {0x000001900c58bc18} 'a' '(Ljava/util/Collection;Ljava/util/Collection;Ljava/util/ArrayList;ZZ)Lui/data/place/a/a$g;' in 'ui/data/place/PlaceApi')}
  0x0000018f947820d0: 0000 49b8 | 58d5 630d | 9001 0000 | 4983 80c8 | 0700 0001 | 4c8b c248 | 8b94 24a8 

  0x0000018f947820ec: ;   {optimized virtual_call}
  0x0000018f947820ec: 0000 00e8 

  0x0000018f947820f0: ; ImmutableOopMap {[168]=Oop [192]=Oop }
                      ;*invokevirtual dT {reexecute=0 rethrow=0 return_oop=0}
                      ; - ui.data.place.PlaceApi::a@217 (line 433)
  0x0000018f947820f0: 8cc9 1d06 

  0x0000018f947820f4: ;   {other}
  0x0000018f947820f4: 0f1f 8400 | e424 001a | 488b 8424 | a800 0000 

  0x0000018f94782104: ;   {metadata(method data for {method} {0x000001900c58bc18} 'a' '(Ljava/util/Collection;Ljava/util/Collection;Ljava/util/ArrayList;ZZ)Lui/data/place/a/a$g;' in 'ui/data/place/PlaceApi')}
  0x0000018f94782104: 48ba 58d5 | 630d 9001 | 0000 4883 | 8200 0800 

  0x0000018f94782114: ;   {metadata(method data for {method} {0x000001900cd49d30} 'eHg' '()Lui/data/place/a/a$g;' in 'ui/data/place/a/a$g$a')}
  0x0000018f94782114: 0001 48ba | a09a 610d | 9001 0000 | 8bb2 cc00 | 0000 83c6 | 0289 b2cc | 0000 0081 | e6fe ff1f 
  0x0000018f94782134: 0083 fe00 | 0f84 0f14 | 0000 488b | 8424 a800 

  0x0000018f94782144: ;   {metadata(method data for {method} {0x000001900cd49d30} 'eHg' '()Lui/data/place/a/a$g;' in 'ui/data/place/a/a$g$a')}
  0x0000018f94782144: 0000 48ba | a09a 610d | 9001 0000 | 4883 8210 | 0100 0001 | 488b 9424 | a800 0000 | 0f1f 8000 
  0x0000018f94782164: ;   {optimized virtual_call}
  0x0000018f94782164: 0000 00e8 

  0x0000018f94782168: ; ImmutableOopMap {[192]=Oop }
                      ;*invokevirtual eHh {reexecute=0 rethrow=0 return_oop=0}
                      ; - ui.data.place.a.a$g$a::eHg@1 (line 8119)
                      ; - ui.data.place.PlaceApi::a@223 (line 435)
  0x0000018f94782168: 14c9 1d06 

  0x0000018f9478216c: ;   {other}
  0x0000018f9478216c: 0f1f 8400 | 5c25 001b 

  0x0000018f94782174: ; implicit exception: dispatches to 0x0000018f9478356e
  0x0000018f94782174: 483b 0048 

  0x0000018f94782178: ;   {metadata(method data for {method} {0x000001900cd49d30} 'eHg' '()Lui/data/place/a/a$g;' in 'ui/data/place/a/a$g$a')}
  0x0000018f94782178: 8bd0 48be | a09a 610d | 9001 0000 | 4883 8648 | 0100 0001 | 488b d048 | 8984 2420 

  0x0000018f94782194: ;   {optimized virtual_call}
  0x0000018f94782194: 0100 00e8 

  0x0000018f94782198: ; ImmutableOopMap {[192]=Oop [288]=Oop }
                      ;*invokevirtual isInitialized {reexecute=0 rethrow=0 return_oop=0}
                      ; - ui.data.place.a.a$g$a::eHg@6 (line 8120)
                      ; - ui.data.place.PlaceApi::a@223 (line 435)
  0x0000018f94782198: e4c8 1d06 

  0x0000018f9478219c: ;   {other}
  0x0000018f9478219c: 0f1f 8400 | 8c25 001c 

  0x0000018f947821a4: ;   {metadata(method data for {method} {0x000001900cd49d30} 'eHg' '()Lui/data/place/a/a$g;' in 'ui/data/place/a/a$g$a')}
  0x0000018f947821a4: 83f8 0048 | baa0 9a61 | 0d90 0100 | 0048 be90 | 0100 0000 | 0000 000f | 840a 0000 | 0048 be80 
  0x0000018f947821c4: 0100 0000 | 0000 0048 | 8b3c 3248 | 8d7f 0148 | 893c 320f | 84d4 0d00 | 0048 8b84 | 2420 0100 
  0x0000018f947821e4: ;   {metadata(method data for {method} {0x000001900c58bc18} 'a' '(Ljava/util/Collection;Ljava/util/Collection;Ljava/util/ArrayList;ZZ)Lui/data/place/a/a$g;' in 'ui/data/place/PlaceApi')}
  0x0000018f947821e4: 0048 ba58 | d563 0d90 | 0100 008b | 4008 49ba | 0000 00aa | 8f01 0000 | 4903 c248 | 3b82 4808 
  0x0000018f94782204: 0000 750d | 4883 8250 | 0800 0001 | e960 0000 | 0048 3b82 | 5808 0000 | 750d 4883 | 8260 0800 
  0x0000018f94782224: 0001 e94a | 0000 0048 | 83ba 4808 | 0000 0075 | 1748 8982 | 4808 0000 | 48c7 8250 | 0800 0001 
  0x0000018f94782244: 0000 00e9 | 2900 0000 | 4883 ba58 | 0800 0000 | 7517 4889 | 8258 0800 | 0048 c782 | 6008 0000 
  0x0000018f94782264: 0100 0000 | e908 0000 | 0048 8382 | 3808 0000 | 0148 8b94 | 2420 0100 

  0x0000018f9478227c: ;   {optimized virtual_call}
  0x0000018f9478227c: 0066 90e8 

  0x0000018f94782280: ; ImmutableOopMap {[192]=Oop }
                      ;*invokevirtual toByteArray {reexecute=0 rethrow=0 return_oop=0}
                      ; - ui.data.place.PlaceApi::a@230 (line 436)
  0x0000018f94782280: fcc7 1d06 

  0x0000018f94782284: ;   {other}
  0x0000018f94782284: 0f1f 8400 | 7426 001d 

  0x0000018f9478228c: ;   {metadata(method data for {method} {0x000001900c58bc18} 'a' '(Ljava/util/Collection;Ljava/util/Collection;Ljava/util/ArrayList;ZZ)Lui/data/place/a/a$g;' in 'ui/data/place/PlaceApi')}
  0x0000018f9478228c: 48ba 58d5 | 630d 9001 | 0000 ff82 | 7008 0000 | 4c8b c048 | 8b94 24c0 | 0000 00e9 | 8b01 0000 
  0x0000018f947822ac: ;   {metadata(method data for {method} {0x000001900c58bc18} 'a' '(Ljava/util/Collection;Ljava/util/Collection;Ljava/util/ArrayList;ZZ)Lui/data/place/a/a$g;' in 'ui/data/place/PlaceApi')}
  0x0000018f947822ac: 488b d048 | be58 d563 | 0d90 0100 | 0048 8386 | 8808 0000 

  0x0000018f947822c0: ;   {metadata(method data for {method} {0x000001900cd49d30} 'eHg' '()Lui/data/place/a/a$g;' in 'ui/data/place/a/a$g$a')}
  0x0000018f947822c0: 0148 baa0 | 9a61 0d90 | 0100 008b | b2cc 0000 | 0083 c602 | 89b2 cc00 | 0000 81e6 | feff 1f00 
  0x0000018f947822e0: 83fe 000f | 848a 1200 | 0048 8bd0 

  0x0000018f947822ec: ;   {metadata(method data for {method} {0x000001900cd49d30} 'eHg' '()Lui/data/place/a/a$g;' in 'ui/data/place/a/a$g$a')}
  0x0000018f947822ec: 48be a09a | 610d 9001 | 0000 4883 | 8610 0100 | 0001 488b | d066 0f1f 

  0x0000018f94782304: ;   {optimized virtual_call}
  0x0000018f94782304: 4400 00e8 

  0x0000018f94782308: ; ImmutableOopMap {[192]=Oop }
                      ;*invokevirtual eHh {reexecute=0 rethrow=0 return_oop=0}
                      ; - ui.data.place.a.a$g$a::eHg@1 (line 8119)
                      ; - ui.data.place.PlaceApi::a@240 (line 439)
  0x0000018f94782308: f447 0d01 

  0x0000018f9478230c: ;   {other}
  0x0000018f9478230c: 0f1f 8400 | fc26 001e 

  0x0000018f94782314: ; implicit exception: dispatches to 0x0000018f94783594
  0x0000018f94782314: 483b 0048 

  0x0000018f94782318: ;   {metadata(method data for {method} {0x000001900cd49d30} 'eHg' '()Lui/data/place/a/a$g;' in 'ui/data/place/a/a$g$a')}
  0x0000018f94782318: 8bd0 48be | a09a 610d | 9001 0000 | 4883 8648 | 0100 0001 | 488b d048 | 8984 2428 

  0x0000018f94782334: ;   {optimized virtual_call}
  0x0000018f94782334: 0100 00e8 

  0x0000018f94782338: ; ImmutableOopMap {[192]=Oop [296]=Oop }
                      ;*invokevirtual isInitialized {reexecute=0 rethrow=0 return_oop=0}
                      ; - ui.data.place.a.a$g$a::eHg@6 (line 8120)
                      ; - ui.data.place.PlaceApi::a@240 (line 439)
  0x0000018f94782338: 441c ddfe 

  0x0000018f9478233c: ;   {other}
  0x0000018f9478233c: 0f1f 8400 | 2c27 001f 

  0x0000018f94782344: ;   {metadata(method data for {method} {0x000001900cd49d30} 'eHg' '()Lui/data/place/a/a$g;' in 'ui/data/place/a/a$g$a')}
  0x0000018f94782344: 83f8 0048 | baa0 9a61 | 0d90 0100 | 0048 be90 | 0100 0000 | 0000 000f | 840a 0000 | 0048 be80 
  0x0000018f94782364: 0100 0000 | 0000 0048 | 8b3c 3248 | 8d7f 0148 | 893c 320f | 8423 0b00 | 0048 8b84 | 2428 0100 
  0x0000018f94782384: ;   {metadata(method data for {method} {0x000001900c58bc18} 'a' '(Ljava/util/Collection;Ljava/util/Collection;Ljava/util/ArrayList;ZZ)Lui/data/place/a/a$g;' in 'ui/data/place/PlaceApi')}
  0x0000018f94782384: 0048 ba58 | d563 0d90 | 0100 008b | 4008 49ba | 0000 00aa | 8f01 0000 | 4903 c248 | 3b82 d008 
  0x0000018f947823a4: 0000 750d | 4883 82d8 | 0800 0001 | e960 0000 | 0048 3b82 | e008 0000 | 750d 4883 | 82e8 0800 
  0x0000018f947823c4: 0001 e94a | 0000 0048 | 83ba d008 | 0000 0075 | 1748 8982 | d008 0000 | 48c7 82d8 | 0800 0001 
  0x0000018f947823e4: 0000 00e9 | 2900 0000 | 4883 bae0 | 0800 0000 | 7517 4889 | 82e0 0800 | 0048 c782 | e808 0000 
  0x0000018f94782404: 0100 0000 | e908 0000 | 0048 8382 | c008 0000 | 0148 8b94 | 2428 0100 

  0x0000018f9478241c: ;   {optimized virtual_call}
  0x0000018f9478241c: 0066 90e8 

  0x0000018f94782420: ; ImmutableOopMap {[192]=Oop }
                      ;*invokevirtual toByteArray {reexecute=0 rethrow=0 return_oop=0}
                      ; - ui.data.place.PlaceApi::a@247 (line 440)
  0x0000018f94782420: 9c75 1c07 

  0x0000018f94782424: ;   {other}
  0x0000018f94782424: 0f1f 8400 | 1428 0020 | 4c8b c048 | 8b94 24c0 | 0000 004c | 8b4a 1049 

  0x0000018f9478243c: ;   {metadata(method data for {method} {0x000001900c58bc18} 'a' '(Ljava/util/Collection;Ljava/util/Collection;Ljava/util/ArrayList;ZZ)Lui/data/place/a/a$g;' in 'ui/data/place/PlaceApi')}
  0x0000018f9478243c: 83f8 0048 | bb58 d563 | 0d90 0100 | 0048 bef8 | 0800 0000 | 0000 000f | 850a 0000 | 0048 be08 
  0x0000018f9478245c: 0900 0000 | 0000 0048 | 8b3c 3348 | 8d7f 0148 | 893c 330f | 85a6 0000 | 00bb 0100 

  0x0000018f94782478: ;   {metadata({type array byte})}
  0x0000018f94782478: 0000 48ba | c022 00aa | 8f01 0000 | 4863 db48 | 8bfb 4881 | fbff ffff | 000f 8702 | 1100 0048 
  0x0000018f94782498: be17 0000 | 0000 0000 | 0048 8d34 | 1e48 83e6 | f849 8b87 | b801 0000 | 488d 3430 | 493b b7c8 
  0x0000018f947824b8: 0100 000f | 87d8 1000 | 0049 89b7 | b801 0000 | 482b f048 | c700 0100 | 0000 488b | ca49 ba00 
  0x0000018f947824d8: 0000 aa8f | 0100 0049 | 2bca 8948 | 0889 580c | 4883 ee10 | 4885 f60f | 8411 0000 | 0048 33db 
  0x0000018f947824f8: 48c1 ee03 | 4889 5cf0 | 0848 ffce 

  0x0000018f94782504: ;   {metadata(method data for {method} {0x000001900c58bc18} 'a' '(Ljava/util/Collection;Ljava/util/Collection;Ljava/util/ArrayList;ZZ)Lui/data/place/a/a$g;' in 'ui/data/place/PlaceApi')}
  0x0000018f94782504: 75f6 48ba | 58d5 630d | 9001 0000 | ff82 1809 | 0000 e903 | 0000 0049 | 8bc0 4983 

  0x0000018f94782520: ;   {metadata(method data for {method} {0x000001900c58bc18} 'a' '(Ljava/util/Collection;Ljava/util/Collection;Ljava/util/ArrayList;ZZ)Lui/data/place/a/a$g;' in 'ui/data/place/PlaceApi')}
  0x0000018f94782520: f800 48ba | 58d5 630d | 9001 0000 | 48bf 3009 | 0000 0000 | 0000 0f85 | 0a00 0000 | 48bf 4009 
  0x0000018f94782540: 0000 0000 | 0000 488b | 343a 488d | 7601 4889 | 343a 0f85 | 1a00 0000 

  0x0000018f94782558: ;   {metadata(method data for {method} {0x000001900c58bc18} 'a' '(Ljava/util/Collection;Ljava/util/Collection;Ljava/util/ArrayList;ZZ)Lui/data/place/a/a$g;' in 'ui/data/place/PlaceApi')}
  0x0000018f94782558: 48ba 58d5 | 630d 9001 | 0000 ff82 | 5009 0000 | bf00 0000 | 00e9 0700 | 0000 418b | 500c 488b 
  0x0000018f94782578: ;   {metadata(method data for {method} {0x000001900c58bc18} 'a' '(Ljava/util/Collection;Ljava/util/Collection;Ljava/util/ArrayList;ZZ)Lui/data/place/a/a$g;' in 'ui/data/place/PlaceApi')}
  0x0000018f94782578: fa49 b858 | d563 0d90 | 0100 0049 | 8380 6809 | 0000 0149 | 8bd1 4c8b | c04c 8bcf | 8bbc 24c8 
  0x0000018f94782598: 0000 008b | b424 cc00 | 0000 0f1f 

  0x0000018f947825a4: ;   {static_call}
  0x0000018f947825a4: 4400 00e8 

  0x0000018f947825a8: ; ImmutableOopMap {[192]=Oop }
                      ;*invokestatic PlaceApi_getAllPlacedTilesSize {reexecute=0 rethrow=0 return_oop=0}
                      ; - ui.data.place.PlaceApi::a@285 (line 444)
  0x0000018f947825a8: 3406 ba06 

  0x0000018f947825ac: ;   {other}
  0x0000018f947825ac: 0f1f 8400 | 9c29 0021 | 448b c841 

  0x0000018f947825b8: ;   {metadata(method data for {method} {0x000001900c58bc18} 'a' '(Ljava/util/Collection;Ljava/util/Collection;Ljava/util/ArrayList;ZZ)Lui/data/place/a/a$g;' in 'ui/data/place/PlaceApi')}
  0x0000018f947825b8: 83f9 0048 | bb58 d563 | 0d90 0100 | 0048 ba88 | 0900 0000 | 0000 000f | 8e0a 0000 | 0048 ba78 
  0x0000018f947825d8: 0900 0000 | 0000 0048 | 8b34 1348 | 8d76 0148 | 8934 130f | 8ec2 0500 | 0048 8b94 | 24c0 0000 
  0x0000018f947825f8: 0049 8bd9 | ffc3 4c8b 

  0x0000018f94782600: ;   {metadata({type array byte})}
  0x0000018f94782600: c248 bac0 | 2200 aa8f | 0100 0048 | 63db 488b | fb48 81fb | ffff ff00 | 0f87 8a0f | 0000 48be 
  0x0000018f94782620: 1700 0000 | 0000 0000 | 488d 341e | 4883 e6f8 | 498b 87b8 | 0100 0048 | 8d34 3049 | 3bb7 c801 
  0x0000018f94782640: 0000 0f87 | 600f 0000 | 4989 b7b8 | 0100 0048 | 2bf0 48c7 | 0001 0000 | 0048 8bca | 49ba 0000 
  0x0000018f94782660: 00aa 8f01 | 0000 492b | ca89 4808 | 8958 0c48 | 83ee 1048 | 85f6 0f84 | 1100 0000 | 4833 db48 
  0x0000018f94782680: c1ee 0348 | 895c f008 | 48ff ce75 | f649 8b50 

  0x0000018f94782690: ;   {metadata(method data for {method} {0x000001900c58bc18} 'a' '(Ljava/util/Collection;Ljava/util/Collection;Ljava/util/ArrayList;ZZ)Lui/data/place/a/a$g;' in 'ui/data/place/PlaceApi')}
  0x0000018f94782690: 1049 b858 | d563 0d90 | 0100 0049 | 8380 9809 | 0000 014c | 8bc0 4889 | 8424 3001 

  0x0000018f947826ac: ;   {static_call}
  0x0000018f947826ac: 0000 90e8 

  0x0000018f947826b0: ; ImmutableOopMap {[304]=Oop }
                      ;*invokestatic PlaceApi_getAllPlacedTilesByteArray {reexecute=0 rethrow=0 return_oop=0}
                      ; - ui.data.place.PlaceApi::a@314 (line 450)
  0x0000018f947826b0: ac67 4907 

  0x0000018f947826b4: ;   {other}
  0x0000018f947826b4: 0f1f 8400 | a42a 0022 

  0x0000018f947826bc: ;   {metadata(method data for {method} {0x000001900c58bc18} 'a' '(Ljava/util/Collection;Ljava/util/Collection;Ljava/util/ArrayList;ZZ)Lui/data/place/a/a$g;' in 'ui/data/place/PlaceApi')}
  0x0000018f947826bc: 48ba 58d5 | 630d 9001 | 0000 4883 | 82a8 0900 

  0x0000018f947826cc: ;   {metadata(method data for {method} {0x000001900cd44a00} 'eHa' '()Lui/data/place/a/a$g$a;' in 'ui/data/place/a/a$g')}
  0x0000018f947826cc: 0001 48ba | 5871 610d | 9001 0000 | 8bb2 cc00 | 0000 83c6 | 0289 b2cc | 0000 0081 | e6fe ff1f 
  0x0000018f947826ec: 0083 fe00 | 0f84 bc0e 

  0x0000018f947826f4: ;   {oop(a 'ui/data/place/a/a$g'{0x00000007071808f0})}
  0x0000018f947826f4: 0000 48ba | f008 1807 | 0700 0000 

  0x0000018f94782700: ;   {metadata(method data for {method} {0x000001900cd44a00} 'eHa' '()Lui/data/place/a/a$g$a;' in 'ui/data/place/a/a$g')}
  0x0000018f94782700: 48be 5871 | 610d 9001 | 0000 4883 | 8610 0100 

  0x0000018f94782710: ;   {metadata(method data for {method} {0x000001900cd44b60} 'eHb' '()Lui/data/place/a/a$g$a;' in 'ui/data/place/a/a$g')}
  0x0000018f94782710: 0001 48ba | d872 610d | 9001 0000 | 8bb2 cc00 | 0000 83c6 | 0289 b2cc | 0000 0081 | e6fe ff1f 
  0x0000018f94782730: 0083 fe00 | 0f84 990e 

  0x0000018f94782738: ;   {metadata(method data for {method} {0x000001900cd44b60} 'eHb' '()Lui/data/place/a/a$g$a;' in 'ui/data/place/a/a$g')}
  0x0000018f94782738: 0000 48ba | d872 610d | 9001 0000 | ff82 2001 

  0x0000018f94782748: ;   {metadata('ui/data/place/a/a$g$a')}
  0x0000018f94782748: 0000 48ba | 603a d5ab | 8f01 0000 | 498b 87b8 | 0100 0048 | 8d78 5849 | 3bbf c801 | 0000 0f87 
  0x0000018f94782768: 880e 0000 | 4989 bfb8 | 0100 0048 | c700 0100 | 0000 488b | ca49 ba00 | 0000 aa8f | 0100 0049 
  0x0000018f94782788: 2bca 8948 | 0848 33c9 | 8948 0c48 | 33c9 48bf | 0900 0000 | 0000 0000 | 4889 4cf8 | 0848 ffcf 
  0x0000018f947827a8: 75f6 488b 

  0x0000018f947827ac: ;   {metadata(method data for {method} {0x000001900cd44b60} 'eHb' '()Lui/data/place/a/a$g$a;' in 'ui/data/place/a/a$g')}
  0x0000018f947827ac: d048 bed8 | 7261 0d90 | 0100 0048 | 8386 3001 | 0000 0148 | 8bd0 4889 | 8424 3801 | 0000 0f1f 
  0x0000018f947827cc: ;   {optimized virtual_call}
  0x0000018f947827cc: 4400 00e8 

  0x0000018f947827d0: ; ImmutableOopMap {[304]=Oop [312]=Oop }
                      ;*invokespecial <init> {reexecute=0 rethrow=0 return_oop=0}
                      ; - ui.data.place.a.a$g::eHb@11 (line 8016)
                      ; - ui.data.place.a.a$g::eHa@3 (line 8007)
                      ; - ui.data.place.PlaceApi::a@317 (line 453)
  0x0000018f947827d0: 6c55 eaff 

  0x0000018f947827d4: ;   {other}
  0x0000018f947827d4: 0f1f 8400 | c42b 0023 

  0x0000018f947827dc: ;   {metadata(method data for {method} {0x000001900cd44b60} 'eHb' '()Lui/data/place/a/a$g$a;' in 'ui/data/place/a/a$g')}
  0x0000018f947827dc: 49b8 d872 | 610d 9001 | 0000 41ff | 8040 0100 | 0048 8b94 | 2438 0100 | 0048 8b84 | 2430 0100 
  0x0000018f947827fc: 0044 8b40 | 0c4c 8bca 

  0x0000018f94782804: ;   {metadata(method data for {method} {0x000001900c58bc18} 'a' '(Ljava/util/Collection;Ljava/util/Collection;Ljava/util/ArrayList;ZZ)Lui/data/place/a/a$g;' in 'ui/data/place/PlaceApi')}
  0x0000018f94782804: 48bf 58d5 | 630d 9001 | 0000 458b | 4908 49ba | 0000 00aa | 8f01 0000 | 4d03 ca4c | 3b8f c809 
  0x0000018f94782824: 0000 750d | 4883 87d0 | 0900 0001 | e960 0000 | 004c 3b8f | d809 0000 | 750d 4883 | 87e0 0900 
  0x0000018f94782844: 0001 e94a | 0000 0048 | 83bf c809 | 0000 0075 | 174c 898f | c809 0000 | 48c7 87d0 | 0900 0001 
  0x0000018f94782864: 0000 00e9 | 2900 0000 | 4883 bfd8 | 0900 0000 | 7517 4c89 | 8fd8 0900 | 0048 c787 | e009 0000 
  0x0000018f94782884: 0100 0000 | e908 0000 | 0048 8387 | b809 0000 | 0149 8bf8 

  0x0000018f94782898: ;   {metadata(method data for {method} {0x0000018fee99b1c8} 'mergeFrom' '([BII)Lcom/google/protobuf/AbstractMessage$Builder;' in 'com/google/protobuf/AbstractMessage$Builder')}
  0x0000018f94782898: ffcf 49b8 | 287a fc0c | 9001 0000 | 458b 88cc | 0000 0041 | 83c1 0245 | 8988 cc00 | 0000 4181 
  0x0000018f947828b8: e1fe ff1f | 0041 83f9 | 000f 843a | 0d00 004c 

  0x0000018f947828c8: ;   {metadata(method data for {method} {0x0000018fee99b1c8} 'mergeFrom' '([BII)Lcom/google/protobuf/AbstractMessage$Builder;' in 'com/google/protobuf/AbstractMessage$Builder')}
  0x0000018f947828c8: 8bc2 49b9 | 287a fc0c | 9001 0000 | 4983 8110 | 0100 0001 | 4c8b c041 | b900 0000 

  0x0000018f947828e4: ;   {optimized virtual_call}
  0x0000018f947828e4: 0066 90e8 

  0x0000018f947828e8: ; ImmutableOopMap {}
                      ;*invokespecial mergeFrom {reexecute=0 rethrow=0 return_oop=0}
                      ; - com.google.protobuf.AbstractMessage$Builder::mergeFrom@4 (line 535)
                      ; - ui.data.place.PlaceApi::a@332 (line 454)
  0x0000018f947828e8: 345d fe06 

  0x0000018f947828ec: ;   {other}
  0x0000018f947828ec: 0f1f 8400 | dc2c 0024 | 4883 f800 

  0x0000018f947828f8: ;   {metadata(method data for {method} {0x0000018fee99b1c8} 'mergeFrom' '([BII)Lcom/google/protobuf/AbstractMessage$Builder;' in 'com/google/protobuf/AbstractMessage$Builder')}
  0x0000018f947828f8: 7516 48bf | 287a fc0c | 9001 0000 | 808f 1901 | 0000 01e9 | cd00 0000 

  0x0000018f94782910: ;   {metadata('com/google/protobuf/AbstractMessage$Builder')}
  0x0000018f94782910: 48bb 0052 | 96ab 8f01 | 0000 8b78 | 0849 ba00 | 0000 aa8f | 0100 0049 | 03fa 483b | 5f40 0f85 
  0x0000018f94782930: 8d00 0000 

  0x0000018f94782934: ;   {metadata(method data for {method} {0x0000018fee99b1c8} 'mergeFrom' '([BII)Lcom/google/protobuf/AbstractMessage$Builder;' in 'com/google/protobuf/AbstractMessage$Builder')}
  0x0000018f94782934: 48bf 287a | fc0c 9001 | 0000 8b58 | 0849 ba00 | 0000 aa8f | 0100 0049 | 03da 483b | 9f30 0100 
  0x0000018f94782954: 0075 0d48 | 8387 3801 | 0000 01e9 | 7900 0000 | 483b 9f40 | 0100 0075 | 0d48 8387 | 4801 0000 
  0x0000018f94782974: 01e9 6300 | 0000 4883 | bf30 0100 | 0000 7517 | 4889 9f30 | 0100 0048 | c787 3801 | 0000 0100 
  0x0000018f94782994: 0000 e942 | 0000 0048 | 83bf 4001 | 0000 0075 | 1748 899f | 4001 0000 | 48c7 8748 | 0100 0001 
  0x0000018f947829b4: 0000 00e9 | 2100 0000 | e91c 0000 

  0x0000018f947829c0: ;   {metadata(method data for {method} {0x0000018fee99b1c8} 'mergeFrom' '([BII)Lcom/google/protobuf/AbstractMessage$Builder;' in 'com/google/protobuf/AbstractMessage$Builder')}
  0x0000018f947829c0: 0048 bf28 | 7afc 0c90 | 0100 0048 | 83af 2001 | 0000 01e9 | 4a0c 0000 | e900 0000 | 0048 8bd0 
  0x0000018f947829e0: 4883 fa00 

  0x0000018f947829e4: ;   {metadata(method data for {method} {0x000001900c58bc18} 'a' '(Ljava/util/Collection;Ljava/util/Collection;Ljava/util/ArrayList;ZZ)Lui/data/place/a/a$g;' in 'ui/data/place/PlaceApi')}
  0x0000018f947829e4: 7516 48bf | 58d5 630d | 9001 0000 | 808f e909 | 0000 01e9 | cc00 0000 

  0x0000018f947829fc: ;   {metadata('ui/data/place/a/a$g$a')}
  0x0000018f947829fc: 48bb 603a | d5ab 8f01 | 0000 8b72 | 0849 ba00 | 0000 aa8f | 0100 0049 | 03f2 483b | de0f 858d 
  0x0000018f94782a1c: ;   {metadata(method data for {method} {0x000001900c58bc18} 'a' '(Ljava/util/Collection;Ljava/util/Collection;Ljava/util/ArrayList;ZZ)Lui/data/place/a/a$g;' in 'ui/data/place/PlaceApi')}
  0x0000018f94782a1c: 0000 0048 | bf58 d563 | 0d90 0100 | 008b 5a08 | 49ba 0000 | 00aa 8f01 | 0000 4903 | da48 3b9f 
  0x0000018f94782a3c: 000a 0000 | 750d 4883 | 8708 0a00 | 0001 e979 | 0000 0048 | 3b9f 100a | 0000 750d | 4883 8718 
  0x0000018f94782a5c: 0a00 0001 | e963 0000 | 0048 83bf | 000a 0000 | 0075 1748 | 899f 000a | 0000 48c7 | 8708 0a00 
  0x0000018f94782a7c: 0001 0000 | 00e9 4200 | 0000 4883 | bf10 0a00 | 0000 7517 | 4889 9f10 | 0a00 0048 | c787 180a 
  0x0000018f94782a9c: 0000 0100 | 0000 e921 | 0000 00e9 | 1c00 0000 

  0x0000018f94782aac: ;   {metadata(method data for {method} {0x000001900c58bc18} 'a' '(Ljava/util/Collection;Ljava/util/Collection;Ljava/util/ArrayList;ZZ)Lui/data/place/a/a$g;' in 'ui/data/place/PlaceApi')}
  0x0000018f94782aac: 48bf 58d5 | 630d 9001 | 0000 4883 | aff0 0900 | 0001 e968 | 0b00 00e9 | 0000 0000 

  0x0000018f94782ac8: ; implicit exception: dispatches to 0x0000018f94783634
  0x0000018f94782ac8: 483b 0248 

  0x0000018f94782acc: ;   {metadata(method data for {method} {0x000001900c58bc18} 'a' '(Ljava/util/Collection;Ljava/util/Collection;Ljava/util/ArrayList;ZZ)Lui/data/place/a/a$g;' in 'ui/data/place/PlaceApi')}
  0x0000018f94782acc: 8bf2 48bf | 58d5 630d | 9001 0000 | 4883 8728 | 0a00 0001 

  0x0000018f94782ae0: ;   {metadata(method data for {method} {0x000001900cd49d30} 'eHg' '()Lui/data/place/a/a$g;' in 'ui/data/place/a/a$g$a')}
  0x0000018f94782ae0: 48be a09a | 610d 9001 | 0000 8bbe | cc00 0000 | 83c7 0289 | becc 0000 | 0081 e7fe | ff1f 0083 
  0x0000018f94782b00: ff00 0f84 | 310b 0000 

  0x0000018f94782b08: ;   {metadata(method data for {method} {0x000001900cd49d30} 'eHg' '()Lui/data/place/a/a$g;' in 'ui/data/place/a/a$g$a')}
  0x0000018f94782b08: 488b f248 | bfa0 9a61 | 0d90 0100 | 0048 8387 | 1001 0000 

  0x0000018f94782b1c: ;   {optimized virtual_call}
  0x0000018f94782b1c: 0166 90e8 

  0x0000018f94782b20: ; ImmutableOopMap {}
                      ;*invokevirtual eHh {reexecute=0 rethrow=0 return_oop=0}
                      ; - ui.data.place.a.a$g$a::eHg@1 (line 8119)
                      ; - ui.data.place.PlaceApi::a@338 (line 454)
  0x0000018f94782b20: dc3f 0d01 

  0x0000018f94782b24: ;   {other}
  0x0000018f94782b24: 0f1f 8400 | 142f 0025 

  0x0000018f94782b2c: ; implicit exception: dispatches to 0x0000018f9478365a
  0x0000018f94782b2c: 483b 0048 

  0x0000018f94782b30: ;   {metadata(method data for {method} {0x000001900cd49d30} 'eHg' '()Lui/data/place/a/a$g;' in 'ui/data/place/a/a$g$a')}
  0x0000018f94782b30: 8bd0 48be | a09a 610d | 9001 0000 | 4883 8648 | 0100 0001 | 488b d048 | 8984 2440 

  0x0000018f94782b4c: ;   {optimized virtual_call}
  0x0000018f94782b4c: 0100 00e8 

  0x0000018f94782b50: ; ImmutableOopMap {[320]=Oop }
                      ;*invokevirtual isInitialized {reexecute=0 rethrow=0 return_oop=0}
                      ; - ui.data.place.a.a$g$a::eHg@6 (line 8120)
                      ; - ui.data.place.PlaceApi::a@338 (line 454)
  0x0000018f94782b50: 2c14 ddfe 

  0x0000018f94782b54: ;   {other}
  0x0000018f94782b54: 0f1f 8400 | 442f 0026 

  0x0000018f94782b5c: ;   {metadata(method data for {method} {0x000001900cd49d30} 'eHg' '()Lui/data/place/a/a$g;' in 'ui/data/place/a/a$g$a')}
  0x0000018f94782b5c: 83f8 0048 | b8a0 9a61 | 0d90 0100 | 0048 ba90 | 0100 0000 | 0000 000f | 840a 0000 | 0048 ba80 
  0x0000018f94782b7c: 0100 0000 | 0000 0048 | 8b34 1048 | 8d76 0148 | 8934 100f | 843e 0000 | 0048 8b84 | 2440 0100 
  0x0000018f94782b9c: 0048 81c4 | 9001 0000 

  0x0000018f94782ba4: ;   {poll_return}
  0x0000018f94782ba4: 5d49 3ba7 | 5004 0000 | 0f87 ad0a 

  0x0000018f94782bb0: ;   {oop(nullptr)}
  0x0000018f94782bb0: 0000 c348 | b800 0000 | 0000 0000 | 0048 81c4 | 9001 0000 

  0x0000018f94782bc4: ;   {poll_return}
  0x0000018f94782bc4: 5d49 3ba7 | 5004 0000 | 0f87 a30a | 0000 c348 | 8b9c 2440 

  0x0000018f94782bd8: ;   {metadata(method data for {method} {0x000001900cd49d30} 'eHg' '()Lui/data/place/a/a$g;' in 'ui/data/place/a/a$g$a')}
  0x0000018f94782bd8: 0100 0048 | baa0 9a61 | 0d90 0100 | 0048 8382 | a001 0000 

  0x0000018f94782bec: ;   {metadata(method data for {method} {0x0000018fee99ad40} 'newUninitializedMessageException' '(Lcom/google/protobuf/Message;)Lcom/google/protobuf/UninitializedMessageException;' in 'com/google/protobuf/AbstractMessage$Builder')}
  0x0000018f94782bec: 0148 ba58 | 32fc 0c90 | 0100 008b | b2cc 0000 | 0083 c602 | 89b2 cc00 | 0000 81e6 | feff 1f00 
  0x0000018f94782c0c: 83fe 000f | 8476 0a00 | 0066 6690 

  0x0000018f94782c18: ;   {no_reloc}
  0x0000018f94782c18: e99e 0a00 | 0000 0000 | 0000 80ba | 2001 0000 | 050f 859b | 0a00 0049 | 8b87 b801 | 0000 488d 
  0x0000018f94782c38: 7828 493b | bfc8 0100 | 000f 8783 | 0a00 0049 | 89bf b801 | 0000 48c7 | 0001 0000 | 0048 8bca 
  0x0000018f94782c58: 49ba 0000 | 00aa 8f01 | 0000 492b | ca89 4808 | 4833 c989 | 480c 4833 | c948 8948 | 1048 8948 
  0x0000018f94782c78: 1848 8948 | 2048 8bd3 | 4889 8424 | 4801 0000 | 0f1f 8000 

  0x0000018f94782c8c: ;   {static_call}
  0x0000018f94782c8c: 0000 00e8 

  0x0000018f94782c90: ; ImmutableOopMap {[328]=Oop }
                      ;*invokestatic findMissingFields {reexecute=0 rethrow=0 return_oop=0}
                      ; - com.google.protobuf.AbstractMessage$Builder::newUninitializedMessageException@5 (line 470)
                      ; - ui.data.place.a.a$g$a::eHg@13 (line 8121)
                      ; - ui.data.place.PlaceApi::a@338 (line 454)
  0x0000018f94782c90: ecc3 1d06 

  0x0000018f94782c94: ;   {other}
  0x0000018f94782c94: 0f1f 8400 | 8430 0027 | 4c8b 8424 | 4801 0000 

  0x0000018f94782ca4: ;   {metadata(method data for {method} {0x0000018fee99ad40} 'newUninitializedMessageException' '(Lcom/google/protobuf/Message;)Lcom/google/protobuf/UninitializedMessageException;' in 'com/google/protobuf/AbstractMessage$Builder')}
  0x0000018f94782ca4: 48ba 5832 | fc0c 9001 | 0000 4883 | 8220 0100 | 0001 4c8b | c048 8b94 | 2448 0100 | 0066 0f1f 
  0x0000018f94782cc4: ;   {optimized virtual_call}
  0x0000018f94782cc4: 4400 00e8 

  0x0000018f94782cc8: ; ImmutableOopMap {[328]=Oop }
                      ;*invokespecial <init> {reexecute=0 rethrow=0 return_oop=0}
                      ; - com.google.protobuf.AbstractMessage$Builder::newUninitializedMessageException@8 (line 470)
                      ; - ui.data.place.a.a$g$a::eHg@13 (line 8121)
                      ; - ui.data.place.PlaceApi::a@338 (line 454)
  0x0000018f94782cc8: b4bd 1d06 

  0x0000018f94782ccc: ;   {other}
  0x0000018f94782ccc: 0f1f 8400 | bc30 0028 | 488b 8424 | 4801 0000 | e98b 0b00 | 0049 8b87 | 0005 0000 | 4d33 d24d 
  0x0000018f94782cec: 8997 0005 | 0000 4d33 | d24d 8997 | 0805 0000 

  0x0000018f94782cfc: ;   {metadata(method data for {method} {0x000001900c58bc18} 'a' '(Ljava/util/Collection;Ljava/util/Collection;Ljava/util/ArrayList;ZZ)Lui/data/place/a/a$g;' in 'ui/data/place/PlaceApi')}
  0x0000018f94782cfc: 488b d048 | b858 d563 | 0d90 0100 | 0048 8380 | 600a 0000 

  0x0000018f94782d10: ;   {oop(a 'java/lang/Class'{0x0000000701fa3fa0} = 'ui/utils/x')}
  0x0000018f94782d10: 0149 b8a0 | 3ffa 0107 | 0000 0048 | 8db4 2460 | 0100 004c | 8946 0849 | 8b00 4883 | c801 4889 
  0x0000018f94782d30: 06f0 490f | b130 0f84 | 1200 0000 | 482b c448 | 2507 f0ff | ff48 8906 | 0f85 8e09 | 0000 49ff 
  0x0000018f94782d50: 8750 0500 

  0x0000018f94782d54: ;   {metadata(method data for {method} {0x0000018feb485ee0} 'debug' '(Ljava/lang/Exception;)V' in 'ui/utils/x')}
  0x0000018f94782d54: 0048 b8e0 | 6120 ee8f | 0100 0044 | 8b80 cc00 | 0000 4183 | c002 4489 | 80cc 0000 | 0041 81e0 
  0x0000018f94782d74: feff 1f00 | 4183 f800 | 0f84 6d09 

  0x0000018f94782d80: ;   {metadata(method data for {method} {0x0000018feb485ee0} 'debug' '(Ljava/lang/Exception;)V' in 'ui/utils/x')}
  0x0000018f94782d80: 0000 48b8 | e061 20ee | 8f01 0000 | 4883 8010 | 0100 0001 

  0x0000018f94782d94: ;   {oop(a 'java/lang/Class'{0x000000070229dfd0} = 'ui/utils/e/c')}
  0x0000018f94782d94: 49b8 d0df | 2902 0700 | 0000 488d | b424 7001 | 0000 4c89 | 4608 498b | 0048 83c8 | 0148 8906 
  0x0000018f94782db4: f049 0fb1 | 300f 8412 | 0000 0048 | 2bc4 4825 | 07f0 ffff | 4889 060f | 8544 0900 | 0049 ff87 
  0x0000018f94782dd4: 5005 0000 

  0x0000018f94782dd8: ;   {metadata(method data for {method} {0x0000018fec0436d0} 'debug' '(Ljava/lang/Exception;)V' in 'ui/utils/e/c')}
  0x0000018f94782dd8: 49b8 70f9 | 80ec 8f01 | 0000 418b | b0cc 0000 | 0083 c602 | 4189 b0cc | 0000 0081 | e6fe ff1f 
  0x0000018f94782df8: 0083 fe00 | 0f84 2609 

  0x0000018f94782e00: ;   {metadata(method data for {method} {0x0000018fec0436d0} 'debug' '(Ljava/lang/Exception;)V' in 'ui/utils/e/c')}
  0x0000018f94782e00: 0000 49b8 | 70f9 80ec | 8f01 0000 | 4983 8010 | 0100 0001 | 41b8 0100 | 0000 0f1f 

  0x0000018f94782e1c: ;   {static_call}
  0x0000018f94782e1c: 4400 00e8 

  0x0000018f94782e20: ; ImmutableOopMap {[360]=Oop [376]=Oop }
                      ;*invokestatic c {reexecute=0 rethrow=0 return_oop=0}
                      ; - ui.utils.e.c::debug@2 (line 232)
                      ; - ui.utils.x::debug@1 (line 259)
                      ; - ui.data.place.PlaceApi::a@346 (line 457)
  0x0000018f94782e20: 5cc2 1d06 

  0x0000018f94782e24: ;   {other}
  0x0000018f94782e24: 0f1f 8400 | 1432 0029 | 488d 8424 | 7001 0000 | 488b 1048 | 85d2 0f84 | 0f00 0000 | 488b 7008 
  0x0000018f94782e44: f048 0fb1 | 160f 85fa | 0800 0049 | ff8f 5005 | 0000 488d | 8424 6001 | 0000 488b | 1048 85d2 
  0x0000018f94782e64: 0f84 0f00 | 0000 488b | 7008 f048 | 0fb1 160f | 85e6 0800 | 0049 ff8f | 5005 0000 

  0x0000018f94782e80: ;   {oop(nullptr)}
  0x0000018f94782e80: 48b8 0000 | 0000 0000 | 0000 4881 | c490 0100 

  0x0000018f94782e90: ;   {poll_return}
  0x0000018f94782e90: 005d 493b | a750 0400 | 000f 87d6 | 0800 00c3 | 488b 9c24 | 2801 0000 

  0x0000018f94782ea8: ;   {metadata(method data for {method} {0x000001900cd49d30} 'eHg' '()Lui/data/place/a/a$g;' in 'ui/data/place/a/a$g$a')}
  0x0000018f94782ea8: 48be a09a | 610d 9001 | 0000 4883 | 86a0 0100 

  0x0000018f94782eb8: ;   {metadata(method data for {method} {0x0000018fee99ad40} 'newUninitializedMessageException' '(Lcom/google/protobuf/Message;)Lcom/google/protobuf/UninitializedMessageException;' in 'com/google/protobuf/AbstractMessage$Builder')}
  0x0000018f94782eb8: 0001 48be | 5832 fc0c | 9001 0000 | 8bbe cc00 | 0000 83c7 | 0289 becc | 0000 0081 | e7fe ff1f 
  0x0000018f94782ed8: 0083 ff00 | 0f84 a908 | 0000 660f | 1f44 0000 

  0x0000018f94782ee8: ;   {no_reloc}
  0x0000018f94782ee8: e9ce 0800 | 0000 0000 | 0000 80ba | 2001 0000 | 050f 85cb | 0800 0049 | 8b87 b801 | 0000 488d 
  0x0000018f94782f08: 7828 493b | bfc8 0100 | 000f 87b3 | 0800 0049 | 89bf b801 | 0000 48c7 | 0001 0000 | 0048 8bca 
  0x0000018f94782f28: 49ba 0000 | 00aa 8f01 | 0000 492b | ca89 4808 | 4833 c989 | 480c 4833 | c948 8948 | 1048 8948 
  0x0000018f94782f48: 1848 8948 | 2048 8bd3 | 4889 8424 | 5001 0000 | 0f1f 8000 

  0x0000018f94782f5c: ;   {static_call}
  0x0000018f94782f5c: 0000 00e8 

  0x0000018f94782f60: ; ImmutableOopMap {[192]=Oop [336]=Oop }
                      ;*invokestatic findMissingFields {reexecute=0 rethrow=0 return_oop=0}
                      ; - com.google.protobuf.AbstractMessage$Builder::newUninitializedMessageException@5 (line 470)
                      ; - ui.data.place.a.a$g$a::eHg@13 (line 8121)
                      ; - ui.data.place.PlaceApi::a@240 (line 439)
  0x0000018f94782f60: 1cc1 1d06 

  0x0000018f94782f64: ;   {other}
  0x0000018f94782f64: 0f1f 8400 | 5433 002a | 4c8b 8424 | 5001 0000 

  0x0000018f94782f74: ;   {metadata(method data for {method} {0x0000018fee99ad40} 'newUninitializedMessageException' '(Lcom/google/protobuf/Message;)Lcom/google/protobuf/UninitializedMessageException;' in 'com/google/protobuf/AbstractMessage$Builder')}
  0x0000018f94782f74: 48ba 5832 | fc0c 9001 | 0000 4883 | 8220 0100 | 0001 4c8b | c048 8b94 | 2450 0100 | 0066 0f1f 
  0x0000018f94782f94: ;   {optimized virtual_call}
  0x0000018f94782f94: 4400 00e8 

  0x0000018f94782f98: ; ImmutableOopMap {[192]=Oop [336]=Oop }
                      ;*invokespecial <init> {reexecute=0 rethrow=0 return_oop=0}
                      ; - com.google.protobuf.AbstractMessage$Builder::newUninitializedMessageException@8 (line 470)
                      ; - ui.data.place.a.a$g$a::eHg@13 (line 8121)
                      ; - ui.data.place.PlaceApi::a@240 (line 439)
  0x0000018f94782f98: e4ba 1d06 

  0x0000018f94782f9c: ;   {other}
  0x0000018f94782f9c: 0f1f 8400 | 8c33 002b | 488b 8424 | 5001 0000 | e9bb 0800 | 0048 8b9c | 2420 0100 

  0x0000018f94782fb8: ;   {metadata(method data for {method} {0x000001900cd49d30} 'eHg' '()Lui/data/place/a/a$g;' in 'ui/data/place/a/a$g$a')}
  0x0000018f94782fb8: 0048 bfa0 | 9a61 0d90 | 0100 0048 | 8387 a001 

  0x0000018f94782fc8: ;   {metadata(method data for {method} {0x0000018fee99ad40} 'newUninitializedMessageException' '(Lcom/google/protobuf/Message;)Lcom/google/protobuf/UninitializedMessageException;' in 'com/google/protobuf/AbstractMessage$Builder')}
  0x0000018f94782fc8: 0000 0148 | bf58 32fc | 0c90 0100 | 008b 87cc | 0000 0083 | c002 8987 | cc00 0000 | 25fe ff1f 
  0x0000018f94782fe8: 0083 f800 | 0f84 e507 | 0000 660f | 1f44 0000 

  0x0000018f94782ff8: ;   {no_reloc}
  0x0000018f94782ff8: e90a 0800 | 0000 0000 | 0000 80ba | 2001 0000 | 050f 8507 | 0800 0049 | 8b87 b801 | 0000 488d 
  0x0000018f94783018: 7828 493b | bfc8 0100 | 000f 87ef | 0700 0049 | 89bf b801 | 0000 48c7 | 0001 0000 | 0048 8bca 
  0x0000018f94783038: 49ba 0000 | 00aa 8f01 | 0000 492b | ca89 4808 | 4833 c989 | 480c 4833 | c948 8948 | 1048 8948 
  0x0000018f94783058: 1848 8948 | 2048 8bd3 | 4889 8424 | 5801 0000 | 0f1f 8000 

  0x0000018f9478306c: ;   {static_call}
  0x0000018f9478306c: 0000 00e8 

  0x0000018f94783070: ; ImmutableOopMap {[192]=Oop [344]=Oop }
                      ;*invokestatic findMissingFields {reexecute=0 rethrow=0 return_oop=0}
                      ; - com.google.protobuf.AbstractMessage$Builder::newUninitializedMessageException@5 (line 470)
                      ; - ui.data.place.a.a$g$a::eHg@13 (line 8121)
                      ; - ui.data.place.PlaceApi::a@223 (line 435)
  0x0000018f94783070: 0cc0 1d06 

  0x0000018f94783074: ;   {other}
  0x0000018f94783074: 0f1f 8400 | 6434 002c | 4c8b 8424 | 5801 0000 

  0x0000018f94783084: ;   {metadata(method data for {method} {0x0000018fee99ad40} 'newUninitializedMessageException' '(Lcom/google/protobuf/Message;)Lcom/google/protobuf/UninitializedMessageException;' in 'com/google/protobuf/AbstractMessage$Builder')}
  0x0000018f94783084: 48ba 5832 | fc0c 9001 | 0000 4883 | 8220 0100 | 0001 4c8b | c048 8b94 | 2458 0100 | 0066 0f1f 
  0x0000018f947830a4: ;   {optimized virtual_call}
  0x0000018f947830a4: 4400 00e8 

  0x0000018f947830a8: ; ImmutableOopMap {[192]=Oop [344]=Oop }
                      ;*invokespecial <init> {reexecute=0 rethrow=0 return_oop=0}
                      ; - com.google.protobuf.AbstractMessage$Builder::newUninitializedMessageException@8 (line 470)
                      ; - ui.data.place.a.a$g$a::eHg@13 (line 8121)
                      ; - ui.data.place.PlaceApi::a@223 (line 435)
  0x0000018f947830a8: d4b9 1d06 

  0x0000018f947830ac: ;   {other}
  0x0000018f947830ac: 0f1f 8400 | 9c34 002d | 488b 8424 | 5801 0000 | e9ab 0700 | 0049 8b87 | 0005 0000 | 4d33 d24d 
  0x0000018f947830cc: 8997 0005 | 0000 4d33 | d24d 8997 | 0805 0000 

  0x0000018f947830dc: ;   {oop(a 'java/lang/Class'{0x000000070229dfd0} = 'ui/utils/e/c')}
  0x0000018f947830dc: 488b d048 | b8d0 df29 | 0207 0000 | 0048 8d84 | 2470 0100 | 0048 8b30 | 4885 f60f | 840f 0000 
  0x0000018f947830fc: 0048 8b78 | 08f0 480f | b137 0f85 | 1707 0000 | 49ff 8f50 | 0500 0048 

  0x0000018f94783114: ; ImmutableOopMap {rax=Oop [360]=Oop }
                      ;*invokestatic debug {reexecute=0 rethrow=0 return_oop=0}
                      ; - ui.utils.x::debug@1 (line 259)
                      ; - ui.data.place.PlaceApi::a@346 (line 457)
                      ;   {section_word}
  0x0000018f94783114: 8bc2 48ba | 1631 7894 | 8f01 0000 

  0x0000018f94783120: ;   {runtime_call handle_exception_nofpu Runtime1 stub}
  0x0000018f94783120: e85b 702a | 0690 498b | 8700 0500 | 004d 33d2 | 4d89 9700 | 0500 004d | 33d2 4d89 | 9708 0500 
  0x0000018f94783140: 0048 8bf0 

  0x0000018f94783144: ;   {oop(a 'java/lang/Class'{0x0000000701fa3fa0} = 'ui/utils/x')}
  0x0000018f94783144: 48b8 a03f | fa01 0700 | 0000 488d | 8424 6001 | 0000 488b | 3848 85ff | 0f84 0f00 | 0000 488b 
  0x0000018f94783164: 5808 f048 | 0fb1 3b0f | 85c8 0600 | 0049 ff8f | 5005 0000 | 488b c6e9 | ec06 0000 

  0x0000018f94783180: ;   {metadata({method} {0x000001900c58bc18} 'a' '(Ljava/util/Collection;Ljava/util/Collection;Ljava/util/ArrayList;ZZ)Lui/data/place/a/a$g;' in 'ui/data/place/PlaceApi')}
  0x0000018f94783180: 49ba 10bc | 580c 9001 | 0000 4c89 | 5424 0848 | c704 24ff 

  0x0000018f94783194: ;   {runtime_call counter_overflow Runtime1 stub}
  0x0000018f94783194: ffff ffe8 

  0x0000018f94783198: ; ImmutableOopMap {rdx=Oop r8=Oop r9=Oop rdi=Oop [160]=Oop [176]=Oop [184]=Oop [192]=Oop }
                      ;*synchronization entry
                      ; - ui.data.place.PlaceApi::a@-1 (line 411)
  0x0000018f94783198: e4a8 2a06 | e994 d1ff 

  0x0000018f947831a0: ;   {metadata({method} {0x000001900cd44a00} 'eHa' '()Lui/data/place/a/a$g$a;' in 'ui/data/place/a/a$g')}
  0x0000018f947831a0: ff49 baf8 | 49d4 0c90 | 0100 004c | 8954 2408 | 48c7 0424 | ffff ffff 

  0x0000018f947831b8: ;   {runtime_call counter_overflow Runtime1 stub}
  0x0000018f947831b8: e8c3 a82a 

  0x0000018f947831bc: ; ImmutableOopMap {rdx=Oop r8=Oop r9=Oop rdi=Oop [160]=Oop [176]=Oop [184]=Oop [192]=Oop }
                      ;*synchronization entry
                      ; - ui.data.place.a.a$g::eHa@-1 (line 8007)
                      ; - ui.data.place.PlaceApi::a@11 (line 413)
  0x0000018f947831bc: 06e9 30d2 

  0x0000018f947831c0: ;   {metadata({method} {0x000001900cd44b60} 'eHb' '()Lui/data/place/a/a$g$a;' in 'ui/data/place/a/a$g')}
  0x0000018f947831c0: ffff 49ba | 584b d40c | 9001 0000 | 4c89 5424 | 0848 c704 | 24ff ffff 

  0x0000018f947831d8: ;   {runtime_call counter_overflow Runtime1 stub}
  0x0000018f947831d8: ffe8 a2a8 

  0x0000018f947831dc: ; ImmutableOopMap {rdx=Oop r8=Oop r9=Oop rdi=Oop [160]=Oop [176]=Oop [184]=Oop [192]=Oop }
                      ;*synchronization entry
                      ; - ui.data.place.a.a$g::eHb@-1 (line 8015)
                      ; - ui.data.place.a.a$g::eHa@3 (line 8007)
                      ; - ui.data.place.PlaceApi::a@11 (line 413)
  0x0000018f947831dc: 2a06 e953 | d2ff ff48 

  0x0000018f947831e4: ;   {runtime_call fast_new_instance Runtime1 stub}
  0x0000018f947831e4: 8bd2 e895 

  0x0000018f947831e8: ; ImmutableOopMap {[160]=Oop [176]=Oop [184]=Oop [192]=Oop }
                      ;*new {reexecute=0 rethrow=0 return_oop=0}
                      ; - ui.data.place.a.a$g::eHb@7 (line 8016)
                      ; - ui.data.place.a.a$g::eHa@3 (line 8007)
                      ; - ui.data.place.PlaceApi::a@11 (line 413)
  0x0000018f947831e8: 602a 06e9 | b6d2 ffff 

  0x0000018f947831f0: ;   {metadata({method} {0x000001900cd4aab0} 'dR' '(Ljava/lang/Iterable;)Lui/data/place/a/a$g$a;' in 'ui/data/place/a/a$g$a')}
  0x0000018f947831f0: 49ba a8aa | d40c 9001 | 0000 4c89 | 5424 0848 | c704 24ff 

  0x0000018f94783204: ;   {runtime_call counter_overflow Runtime1 stub}
  0x0000018f94783204: ffff ffe8 

  0x0000018f94783208: ; ImmutableOopMap {rax=Oop [160]=Oop [168]=Oop [176]=Oop [184]=Oop [192]=Oop }
                      ;*synchronization entry
                      ; - ui.data.place.a.a$g$a::dR@-1 (line 8520)
                      ; - ui.data.place.PlaceApi::a@23 (line 415)
  0x0000018f94783208: 74a8 2a06 | e95a d3ff 

  0x0000018f94783210: ;   {metadata({method} {0x0000018fee997bd0} 'onChanged' '()V' in 'com/google/protobuf/GeneratedMessageV3$Builder')}
  0x0000018f94783210: ff49 bac8 | 7b99 ee8f | 0100 004c | 8954 2408 | 48c7 0424 | ffff ffff 

  0x0000018f94783228: ;   {runtime_call counter_overflow Runtime1 stub}
  0x0000018f94783228: e853 a82a 

  0x0000018f9478322c: ; ImmutableOopMap {[168]=Oop [176]=Oop [184]=Oop [192]=Oop }
                      ;*synchronization entry
                      ; - com.google.protobuf.GeneratedMessageV3$Builder::onChanged@-1 (line 920)
                      ; - ui.data.place.a.a$g$a::dR@13 (line 8523)
                      ; - ui.data.place.PlaceApi::a@23 (line 415)
  0x0000018f9478322c: 06e9 dcd3 

  0x0000018f94783230: ;   {runtime_call throw_null_pointer_exception Runtime1 stub}
  0x0000018f94783230: ffff e849 

  0x0000018f94783234: ; ImmutableOopMap {rdx=Oop [168]=Oop [176]=Oop [184]=Oop [192]=Oop }
                      ;*invokeinterface markDirty {reexecute=0 rethrow=0 return_oop=0}
                      ; - com.google.protobuf.GeneratedMessageV3$Builder::onChanged@18 (line 921)
                      ; - ui.data.place.a.a$g$a::dR@13 (line 8523)
                      ; - ui.data.place.PlaceApi::a@23 (line 415)
  0x0000018f94783234: 572a 0648 

  0x0000018f94783238: ;   {runtime_call fast_new_instance Runtime1 stub}
  0x0000018f94783238: 8bd2 e841 

  0x0000018f9478323c: ; ImmutableOopMap {r9=Oop [168]=Oop [176]=Oop [192]=Oop }
                      ;*new {reexecute=0 rethrow=0 return_oop=0}
                      ; - ui.data.place.PlaceApi::a@35 (line 418)
  0x0000018f9478323c: 602a 06e9 | e0d5 ffff 

  0x0000018f94783244: ;   {runtime_call throw_null_pointer_exception Runtime1 stub}
  0x0000018f94783244: e837 572a 

  0x0000018f94783248: ; ImmutableOopMap {r9=Oop rax=Oop [168]=Oop [176]=Oop [192]=Oop [208]=Oop }
                      ;*invokeinterface size {reexecute=0 rethrow=0 return_oop=0}
                      ; - ui.data.place.PlaceApi::a@40 (line 418)
                      ;   {runtime_call throw_null_pointer_exception Runtime1 stub}
  0x0000018f94783248: 06e8 3257 

  0x0000018f9478324c: ; ImmutableOopMap {rax=Oop [168]=Oop [192]=Oop [208]=Oop [216]=Oop }
                      ;*invokeinterface hasNext {reexecute=0 rethrow=0 return_oop=0}
                      ; - ui.data.place.PlaceApi::a@60 (line 419)
  0x0000018f9478324c: 2a06 4889 

  0x0000018f94783250: ;   {runtime_call throw_class_cast_exception Runtime1 stub}
  0x0000018f94783250: 0424 e829 

  0x0000018f94783254: ; ImmutableOopMap {[168]=Oop [192]=Oop [208]=Oop [216]=Oop }
                      ;*checkcast {reexecute=0 rethrow=0 return_oop=0}
                      ; - ui.data.place.PlaceApi::a@75 (line 419)
  0x0000018f94783254: 7b2a 0648 

  0x0000018f94783258: ;   {runtime_call throw_class_cast_exception Runtime1 stub}
  0x0000018f94783258: 8914 24e8 

  0x0000018f9478325c: ; ImmutableOopMap {[168]=Oop [192]=Oop [208]=Oop [216]=Oop }
                      ;*checkcast {reexecute=0 rethrow=0 return_oop=0}
                      ; - ui.data.place.PlaceApi::a@84 (line 420)
  0x0000018f9478325c: 207b 2a06 

  0x0000018f94783260: ;   {runtime_call throw_null_pointer_exception Runtime1 stub}
  0x0000018f94783260: e81b 572a 

  0x0000018f94783264: ; ImmutableOopMap {rdx=Oop [168]=Oop [192]=Oop [208]=Oop [216]=Oop }
                      ;*invokevirtual bnz {reexecute=0 rethrow=0 return_oop=0}
                      ; - ui.data.place.PlaceApi::a@87 (line 420)
                      ;   {metadata({method} {0x0000018faa0bc578} 'add' '(Ljava/lang/Object;)Z' in 'java/util/ArrayList')}
  0x0000018f94783264: 0649 ba70 | c50b aa8f | 0100 004c | 8954 2408 | 48c7 0424 | ffff ffff 

  0x0000018f9478327c: ;   {runtime_call counter_overflow Runtime1 stub}
  0x0000018f9478327c: e8ff a72a 

  0x0000018f94783280: ; ImmutableOopMap {rax=Oop [168]=Oop [192]=Oop [208]=Oop [216]=Oop }
                      ;*synchronization entry
                      ; - java.util.ArrayList::add@-1 (line 495)
                      ; - ui.data.place.PlaceApi::a@93 (line 420)
  0x0000018f94783280: 06e9 e9db 

  0x0000018f94783284: ;   {metadata({method} {0x0000018faa0bd498} 'add' '(Ljava/lang/Object;[Ljava/lang/Object;I)V' in 'java/util/ArrayList')}
  0x0000018f94783284: ffff 49ba | 90d4 0baa | 8f01 0000 | 4c89 5424 | 0848 c704 | 24ff ffff 

  0x0000018f9478329c: ;   {runtime_call counter_overflow Runtime1 stub}
  0x0000018f9478329c: ffe8 dea7 

  0x0000018f947832a0: ; ImmutableOopMap {rax=Oop rsi=Oop r8=Oop [168]=Oop [192]=Oop [208]=Oop [216]=Oop }
                      ;*synchronization entry
                      ; - java.util.ArrayList::add@-1 (line 482)
                      ; - java.util.ArrayList::add@20 (line 496)
                      ; - ui.data.place.PlaceApi::a@93 (line 420)
  0x0000018f947832a0: 2a06 e923 

  0x0000018f947832a4: ;   {runtime_call throw_null_pointer_exception Runtime1 stub}
  0x0000018f947832a4: dcff ffe8 

  0x0000018f947832a8: ; ImmutableOopMap {rax=Oop rsi=Oop r8=Oop [168]=Oop [192]=Oop [208]=Oop [216]=Oop }
                      ;*arraylength {reexecute=0 rethrow=0 return_oop=0}
                      ; - java.util.ArrayList::add@2 (line 482)
                      ; - java.util.ArrayList::add@20 (line 496)
                      ; - ui.data.place.PlaceApi::a@93 (line 420)
  0x0000018f947832a8: d456 2a06 

  0x0000018f947832ac: ;   {metadata({method} {0x0000018faa0bd5a0} 'grow' '()[Ljava/lang/Object;' in 'java/util/ArrayList')}
  0x0000018f947832ac: 49ba 98d5 | 0baa 8f01 | 0000 4c89 | 5424 0848 | c704 24ff 

  0x0000018f947832c0: ;   {runtime_call counter_overflow Runtime1 stub}
  0x0000018f947832c0: ffff ffe8 

  0x0000018f947832c4: ; ImmutableOopMap {rsi=Oop [168]=Oop [192]=Oop [208]=Oop [216]=Oop [232]=Oop }
                      ;*synchronization entry
                      ; - java.util.ArrayList::grow@-1 (line 244)
                      ; - java.util.ArrayList::add@7 (line 483)
                      ; - java.util.ArrayList::add@20 (line 496)
                      ; - ui.data.place.PlaceApi::a@93 (line 420)
  0x0000018f947832c4: b8a7 2a06 | e980 dcff 

  0x0000018f947832cc: ;   {runtime_call throw_null_pointer_exception Runtime1 stub}
  0x0000018f947832cc: ffe8 ae56 

  0x0000018f947832d0: ; ImmutableOopMap {r8=Oop rsi=Oop rax=Oop [168]=Oop [192]=Oop [208]=Oop [216]=Oop }
                      ;*aastore {reexecute=1 rethrow=0 return_oop=0}
                      ; - (reexecute) java.util.ArrayList::add@14 (line 484)
                      ; - java.util.ArrayList::add@20 (line 496)
                      ; - ui.data.place.PlaceApi::a@93 (line 420)
                      ;   {runtime_call throw_null_pointer_exception Runtime1 stub}
  0x0000018f947832d0: 2a06 e8a9 

  0x0000018f947832d4: ; ImmutableOopMap {r8=Oop rsi=Oop rax=Oop [168]=Oop [192]=Oop [208]=Oop [216]=Oop }
                      ;*aastore {reexecute=1 rethrow=0 return_oop=0}
                      ; - (reexecute) java.util.ArrayList::add@14 (line 484)
                      ; - java.util.ArrayList::add@20 (line 496)
                      ; - ui.data.place.PlaceApi::a@93 (line 420)
  0x0000018f947832d4: 562a 0648 | 893c 244c | 8944 2408 

  0x0000018f947832e0: ;   {runtime_call throw_range_check_failed Runtime1 stub}
  0x0000018f947832e0: e89b 4d2a 

  0x0000018f947832e4: ; ImmutableOopMap {r8=Oop rsi=Oop rax=Oop [168]=Oop [192]=Oop [208]=Oop [216]=Oop }
                      ;*aastore {reexecute=1 rethrow=0 return_oop=0}
                      ; - (reexecute) java.util.ArrayList::add@14 (line 484)
                      ; - java.util.ArrayList::add@20 (line 496)
                      ; - ui.data.place.PlaceApi::a@93 (line 420)
                      ;   {runtime_call throw_null_pointer_exception Runtime1 stub}
  0x0000018f947832e4: 06e8 9656 

  0x0000018f947832e8: ; ImmutableOopMap {r8=Oop rsi=Oop rax=Oop [168]=Oop [192]=Oop [208]=Oop [216]=Oop }
                      ;*aastore {reexecute=1 rethrow=0 return_oop=0}
                      ; - (reexecute) java.util.ArrayList::add@14 (line 484)
                      ; - java.util.ArrayList::add@20 (line 496)
                      ; - ui.data.place.PlaceApi::a@93 (line 420)
  0x0000018f947832e8: 2a06 4889 

  0x0000018f947832ec: ;   {runtime_call throw_array_store_exception Runtime1 stub}
  0x0000018f947832ec: 0424 e88d 

  0x0000018f947832f0: ; ImmutableOopMap {r8=Oop rsi=Oop rax=Oop [168]=Oop [192]=Oop [208]=Oop [216]=Oop }
                      ;*aastore {reexecute=1 rethrow=0 return_oop=0}
                      ; - (reexecute) java.util.ArrayList::add@14 (line 484)
                      ; - java.util.ArrayList::add@20 (line 496)
                      ; - ui.data.place.PlaceApi::a@93 (line 420)
  0x0000018f947832f0: 772a 068b | 1a48 c1e3 | 0348 83fb | 000f 84d1 | ddff ff48 

  0x0000018f94783304: ;   {runtime_call g1_pre_barrier_slow}
  0x0000018f94783304: 891c 24e8 | 74ad 2a06 | e9c3 ddff | ff48 83f8 | 000f 84d7 | ddff ff48 

  0x0000018f9478331c: ;   {runtime_call g1_post_barrier_slow}
  0x0000018f9478331c: 8914 24e8 | 5cb0 2a06 | e9c9 ddff 

  0x0000018f94783328: ;   {metadata({method} {0x000001900c58bc18} 'a' '(Ljava/util/Collection;Ljava/util/Collection;Ljava/util/ArrayList;ZZ)Lui/data/place/a/a$g;' in 'ui/data/place/PlaceApi')}
  0x0000018f94783328: ff49 ba10 | bc58 0c90 | 0100 004c | 8954 2408 | 48c7 0424 | 6100 0000 

  0x0000018f94783340: ;   {runtime_call counter_overflow Runtime1 stub}
  0x0000018f94783340: e83b a72a 

  0x0000018f94783344: ; ImmutableOopMap {rsi=Oop [168]=Oop [192]=Oop [208]=Oop [216]=Oop }
                      ;*goto {reexecute=1 rethrow=0 return_oop=0}
                      ; - (reexecute) ui.data.place.PlaceApi::a@97 (line 421)
  0x0000018f94783344: 06e9 d5dd 

  0x0000018f94783348: ;   {metadata({method} {0x000001900cd4b040} 'dS' '(Ljava/lang/Iterable;)Lui/data/place/a/a$g$a;' in 'ui/data/place/a/a$g$a')}
  0x0000018f94783348: ffff 49ba | 38b0 d40c | 9001 0000 | 4c89 5424 | 0848 c704 | 24ff ffff 

  0x0000018f94783360: ;   {runtime_call counter_overflow Runtime1 stub}
  0x0000018f94783360: ffe8 1aa7 

  0x0000018f94783364: ; ImmutableOopMap {rax=Oop [168]=Oop [192]=Oop [208]=Oop }
                      ;*synchronization entry
                      ; - ui.data.place.a.a$g$a::dS@-1 (line 8622)
                      ; - ui.data.place.PlaceApi::a@104 (line 422)
  0x0000018f94783364: 2a06 e920 

  0x0000018f94783368: ;   {metadata({method} {0x0000018fee997bd0} 'onChanged' '()V' in 'com/google/protobuf/GeneratedMessageV3$Builder')}
  0x0000018f94783368: deff ff49 | bac8 7b99 | ee8f 0100 | 004c 8954 | 2408 48c7 | 0424 ffff 

  0x0000018f94783380: ;   {runtime_call counter_overflow Runtime1 stub}
  0x0000018f94783380: ffff e8f9 

  0x0000018f94783384: ; ImmutableOopMap {[168]=Oop [192]=Oop }
                      ;*synchronization entry
                      ; - com.google.protobuf.GeneratedMessageV3$Builder::onChanged@-1 (line 920)
                      ; - ui.data.place.a.a$g$a::dS@13 (line 8625)
                      ; - ui.data.place.PlaceApi::a@104 (line 422)
  0x0000018f94783384: a62a 06e9 | a2de ffff 

  0x0000018f9478338c: ;   {runtime_call throw_null_pointer_exception Runtime1 stub}
  0x0000018f9478338c: e8ef 552a 

  0x0000018f94783390: ; ImmutableOopMap {rdx=Oop [168]=Oop [192]=Oop }
                      ;*invokeinterface markDirty {reexecute=0 rethrow=0 return_oop=0}
                      ; - com.google.protobuf.GeneratedMessageV3$Builder::onChanged@18 (line 921)
                      ; - ui.data.place.a.a$g$a::dS@13 (line 8625)
                      ; - ui.data.place.PlaceApi::a@104 (line 422)
  0x0000018f94783390: 0648 8bd2 

  0x0000018f94783394: ;   {runtime_call fast_new_instance Runtime1 stub}
  0x0000018f94783394: e8e7 5e2a 

  0x0000018f94783398: ; ImmutableOopMap {r9=Oop [168]=Oop [176]=Oop [184]=Oop [192]=Oop }
                      ;*new {reexecute=0 rethrow=0 return_oop=0}
                      ; - ui.data.place.PlaceApi::a@111 (line 425)
  0x0000018f94783398: 06e9 37e0 

  0x0000018f9478339c: ;   {runtime_call throw_null_pointer_exception Runtime1 stub}
  0x0000018f9478339c: ffff e8dd 

  0x0000018f947833a0: ; ImmutableOopMap {r9=Oop rax=Oop [168]=Oop [176]=Oop [184]=Oop [192]=Oop [240]=Oop }
                      ;*invokeinterface size {reexecute=0 rethrow=0 return_oop=0}
                      ; - ui.data.place.PlaceApi::a@116 (line 425)
                      ;   {runtime_call throw_null_pointer_exception Runtime1 stub}
  0x0000018f947833a0: 552a 06e8 

  0x0000018f947833a4: ; ImmutableOopMap {rax=Oop [168]=Oop [184]=Oop [192]=Oop [240]=Oop [248]=Oop }
                      ;*invokeinterface hasNext {reexecute=0 rethrow=0 return_oop=0}
                      ; - ui.data.place.PlaceApi::a@139 (line 427)
  0x0000018f947833a4: d855 2a06 | 4889 0424 

  0x0000018f947833ac: ;   {runtime_call throw_class_cast_exception Runtime1 stub}
  0x0000018f947833ac: e8cf 792a 

  0x0000018f947833b0: ; ImmutableOopMap {[168]=Oop [184]=Oop [192]=Oop [240]=Oop [248]=Oop }
                      ;*checkcast {reexecute=0 rethrow=0 return_oop=0}
                      ; - ui.data.place.PlaceApi::a@154 (line 427)
  0x0000018f947833b0: 0648 8934 

  0x0000018f947833b4: ;   {runtime_call throw_class_cast_exception Runtime1 stub}
  0x0000018f947833b4: 24e8 c679 

  0x0000018f947833b8: ; ImmutableOopMap {rax=Oop [168]=Oop [184]=Oop [192]=Oop [240]=Oop [248]=Oop }
                      ;*checkcast {reexecute=0 rethrow=0 return_oop=0}
                      ; - ui.data.place.PlaceApi::a@168 (line 429)
                      ;   {runtime_call throw_null_pointer_exception Runtime1 stub}
  0x0000018f947833b8: 2a06 e8c1 

  0x0000018f947833bc: ; ImmutableOopMap {rax=Oop r8=Oop [168]=Oop [184]=Oop [192]=Oop [240]=Oop [248]=Oop }
                      ;*invokevirtual bnz {reexecute=0 rethrow=0 return_oop=0}
                      ; - ui.data.place.PlaceApi::a@171 (line 429)
                      ;   {runtime_call throw_null_pointer_exception Runtime1 stub}
  0x0000018f947833bc: 552a 06e8 

  0x0000018f947833c0: ; ImmutableOopMap {rdi=Oop [168]=Oop [184]=Oop [192]=Oop [240]=Oop [248]=Oop [264]=Oop }
                      ;*invokevirtual get {reexecute=0 rethrow=0 return_oop=0}
                      ; - ui.data.place.PlaceApi::a@186 (line 430)
  0x0000018f947833c0: bc55 2a06 

  0x0000018f947833c4: ;   {metadata({method} {0x0000018faa0bc998} 'get' '(I)Ljava/lang/Object;' in 'java/util/ArrayList')}
  0x0000018f947833c4: 49ba 90c9 | 0baa 8f01 | 0000 4c89 | 5424 0848 | c704 24ff 

  0x0000018f947833d8: ;   {runtime_call counter_overflow Runtime1 stub}
  0x0000018f947833d8: ffff ffe8 

  0x0000018f947833dc: ; ImmutableOopMap {rdi=Oop [168]=Oop [184]=Oop [192]=Oop [240]=Oop [248]=Oop [264]=Oop }
                      ;*synchronization entry
                      ; - java.util.ArrayList::get@-1 (line 427)
                      ; - ui.data.place.PlaceApi::a@186 (line 430)
  0x0000018f947833dc: a0a6 2a06 | e981 e6ff 

  0x0000018f947833e4: ;   {metadata({method} {0x0000018faa056628} 'checkIndex' '(II)I' in 'java/util/Objects')}
  0x0000018f947833e4: ff49 ba20 | 6605 aa8f | 0100 004c | 8954 2408 | 48c7 0424 | ffff ffff 

  0x0000018f947833fc: ;   {runtime_call counter_overflow Runtime1 stub}
  0x0000018f947833fc: e87f a62a 

  0x0000018f94783400: ; ImmutableOopMap {rdi=Oop [168]=Oop [184]=Oop [192]=Oop [240]=Oop [248]=Oop [264]=Oop }
                      ;*synchronization entry
                      ; - java.util.Objects::checkIndex@-1 (line 385)
                      ; - java.util.ArrayList::get@5 (line 427)
                      ; - ui.data.place.PlaceApi::a@186 (line 430)
  0x0000018f94783400: 06e9 9ee6 | ffff 48c7 | 0424 e4ff 

  0x0000018f9478340c: ;   {runtime_call deoptimize Runtime1 stub}
  0x0000018f9478340c: ffff e86d 

  0x0000018f94783410: ; ImmutableOopMap {rdi=Oop [168]=Oop [184]=Oop [192]=Oop [240]=Oop [248]=Oop [264]=Oop }
                      ;*invokestatic checkIndex {reexecute=0 rethrow=0 return_oop=0}
                      ; - java.util.Objects::checkIndex@3 (line 385)
                      ; - java.util.ArrayList::get@5 (line 427)
                      ; - ui.data.place.PlaceApi::a@186 (line 430)
  0x0000018f94783410: 8e2a 0648 | c704 24e4 

  0x0000018f94783418: ;   {runtime_call deoptimize Runtime1 stub}
  0x0000018f94783418: ffff ffe8 

  0x0000018f9478341c: ; ImmutableOopMap {rdi=Oop [168]=Oop [184]=Oop [192]=Oop [240]=Oop [248]=Oop [264]=Oop }
                      ;*invokestatic checkIndex {reexecute=0 rethrow=0 return_oop=0}
                      ; - java.util.Objects::checkIndex@3 (line 385)
                      ; - java.util.ArrayList::get@5 (line 427)
                      ; - ui.data.place.PlaceApi::a@186 (line 430)
  0x0000018f9478341c: 608e 2a06 

  0x0000018f94783420: ;   {metadata({method} {0x0000018faa0bd078} 'elementData' '(I)Ljava/lang/Object;' in 'java/util/ArrayList')}
  0x0000018f94783420: 49ba 70d0 | 0baa 8f01 | 0000 4c89 | 5424 0848 | c704 24ff 

  0x0000018f94783434: ;   {runtime_call counter_overflow Runtime1 stub}
  0x0000018f94783434: ffff ffe8 

  0x0000018f94783438: ; ImmutableOopMap {rdi=Oop [168]=Oop [184]=Oop [192]=Oop [240]=Oop [248]=Oop [264]=Oop }
                      ;*synchronization entry
                      ; - java.util.ArrayList::elementData@-1 (line 411)
                      ; - java.util.ArrayList::get@11 (line 428)
                      ; - ui.data.place.PlaceApi::a@186 (line 430)
  0x0000018f94783438: 44a6 2a06 | e95d e7ff 

  0x0000018f94783440: ;   {runtime_call throw_null_pointer_exception Runtime1 stub}
  0x0000018f94783440: ffe8 3a55 

  0x0000018f94783444: ; ImmutableOopMap {rdi=Oop r8=Oop [168]=Oop [184]=Oop [192]=Oop [240]=Oop [248]=Oop [264]=Oop }
                      ;*aaload {reexecute=0 rethrow=0 return_oop=0}
                      ; - java.util.ArrayList::elementData@5 (line 411)
                      ; - java.util.ArrayList::get@11 (line 428)
                      ; - ui.data.place.PlaceApi::a@186 (line 430)
                      ;   {runtime_call throw_null_pointer_exception Runtime1 stub}
  0x0000018f94783444: 2a06 e835 

  0x0000018f94783448: ; ImmutableOopMap {rdi=Oop r8=Oop [168]=Oop [184]=Oop [192]=Oop [240]=Oop [248]=Oop [264]=Oop }
                      ;*aaload {reexecute=0 rethrow=0 return_oop=0}
                      ; - java.util.ArrayList::elementData@5 (line 411)
                      ; - java.util.ArrayList::get@11 (line 428)
                      ; - ui.data.place.PlaceApi::a@186 (line 430)
  0x0000018f94783448: 552a 0648 | 891c 244c | 8944 2408 

  0x0000018f94783454: ;   {runtime_call throw_range_check_failed Runtime1 stub}
  0x0000018f94783454: e827 4c2a 

  0x0000018f94783458: ; ImmutableOopMap {rdi=Oop r8=Oop [168]=Oop [184]=Oop [192]=Oop [240]=Oop [248]=Oop [264]=Oop }
                      ;*aaload {reexecute=0 rethrow=0 return_oop=0}
                      ; - java.util.ArrayList::elementData@5 (line 411)
                      ; - java.util.ArrayList::get@11 (line 428)
                      ; - ui.data.place.PlaceApi::a@186 (line 430)
  0x0000018f94783458: 064c 8904 

  0x0000018f9478345c: ;   {runtime_call throw_class_cast_exception Runtime1 stub}
  0x0000018f9478345c: 24e8 1e79 

  0x0000018f94783460: ; ImmutableOopMap {rdi=Oop [168]=Oop [184]=Oop [192]=Oop [240]=Oop [248]=Oop [264]=Oop }
                      ;*checkcast {reexecute=0 rethrow=0 return_oop=0}
                      ; - ui.data.place.PlaceApi::a@189 (line 430)
                      ;   {runtime_call throw_null_pointer_exception Runtime1 stub}
  0x0000018f94783460: 2a06 e819 

  0x0000018f94783464: ; ImmutableOopMap {rdi=Oop r8=Oop [168]=Oop [184]=Oop [192]=Oop [240]=Oop [248]=Oop [264]=Oop }
                      ;*invokevirtual intValue {reexecute=0 rethrow=0 return_oop=0}
                      ; - ui.data.place.PlaceApi::a@192 (line 430)
                      ;   {metadata({method} {0x0000018faa0bc578} 'add' '(Ljava/lang/Object;)Z' in 'java/util/ArrayList')}
  0x0000018f94783464: 552a 0649 | ba70 c50b | aa8f 0100 | 004c 8954 | 2408 48c7 | 0424 ffff 

  0x0000018f9478347c: ;   {runtime_call counter_overflow Runtime1 stub}
  0x0000018f9478347c: ffff e8fd 

  0x0000018f94783480: ; ImmutableOopMap {rax=Oop [168]=Oop [184]=Oop [192]=Oop [240]=Oop [248]=Oop }
                      ;*synchronization entry
                      ; - java.util.ArrayList::add@-1 (line 495)
                      ; - ui.data.place.PlaceApi::a@206 (line 431)
  0x0000018f94783480: a52a 06e9 | 47e9 ffff 

  0x0000018f94783488: ;   {metadata({method} {0x0000018faa0bd498} 'add' '(Ljava/lang/Object;[Ljava/lang/Object;I)V' in 'java/util/ArrayList')}
  0x0000018f94783488: 49ba 90d4 | 0baa 8f01 | 0000 4c89 | 5424 0848 | c704 24ff 

  0x0000018f9478349c: ;   {runtime_call counter_overflow Runtime1 stub}
  0x0000018f9478349c: ffff ffe8 

  0x0000018f947834a0: ; ImmutableOopMap {rax=Oop rsi=Oop r8=Oop [168]=Oop [184]=Oop [192]=Oop [240]=Oop [248]=Oop }
                      ;*synchronization entry
                      ; - java.util.ArrayList::add@-1 (line 482)
                      ; - java.util.ArrayList::add@20 (line 496)
                      ; - ui.data.place.PlaceApi::a@206 (line 431)
  0x0000018f947834a0: dca5 2a06 | e981 e9ff 

  0x0000018f947834a8: ;   {runtime_call throw_null_pointer_exception Runtime1 stub}
  0x0000018f947834a8: ffe8 d254 

  0x0000018f947834ac: ; ImmutableOopMap {rax=Oop rsi=Oop r8=Oop [168]=Oop [184]=Oop [192]=Oop [240]=Oop [248]=Oop }
                      ;*arraylength {reexecute=0 rethrow=0 return_oop=0}
                      ; - java.util.ArrayList::add@2 (line 482)
                      ; - java.util.ArrayList::add@20 (line 496)
                      ; - ui.data.place.PlaceApi::a@206 (line 431)
                      ;   {metadata({method} {0x0000018faa0bd5a0} 'grow' '()[Ljava/lang/Object;' in 'java/util/ArrayList')}
  0x0000018f947834ac: 2a06 49ba | 98d5 0baa | 8f01 0000 | 4c89 5424 | 0848 c704 | 24ff ffff 

  0x0000018f947834c4: ;   {runtime_call counter_overflow Runtime1 stub}
  0x0000018f947834c4: ffe8 b6a5 

  0x0000018f947834c8: ; ImmutableOopMap {rsi=Oop [168]=Oop [184]=Oop [192]=Oop [240]=Oop [248]=Oop [280]=Oop }
                      ;*synchronization entry
                      ; - java.util.ArrayList::grow@-1 (line 244)
                      ; - java.util.ArrayList::add@7 (line 483)
                      ; - java.util.ArrayList::add@20 (line 496)
                      ; - ui.data.place.PlaceApi::a@206 (line 431)
  0x0000018f947834c8: 2a06 e9e6 

  0x0000018f947834cc: ;   {runtime_call throw_null_pointer_exception Runtime1 stub}
  0x0000018f947834cc: e9ff ffe8 

  0x0000018f947834d0: ; ImmutableOopMap {r8=Oop rdx=Oop rax=Oop [168]=Oop [184]=Oop [192]=Oop [240]=Oop [248]=Oop }
                      ;*aastore {reexecute=1 rethrow=0 return_oop=0}
                      ; - (reexecute) java.util.ArrayList::add@14 (line 484)
                      ; - java.util.ArrayList::add@20 (line 496)
                      ; - ui.data.place.PlaceApi::a@206 (line 431)
  0x0000018f947834d0: ac54 2a06 

  0x0000018f947834d4: ;   {runtime_call throw_null_pointer_exception Runtime1 stub}
  0x0000018f947834d4: e8a7 542a 

  0x0000018f947834d8: ; ImmutableOopMap {r8=Oop rdx=Oop rax=Oop [168]=Oop [184]=Oop [192]=Oop [240]=Oop [248]=Oop }
                      ;*aastore {reexecute=1 rethrow=0 return_oop=0}
                      ; - (reexecute) java.util.ArrayList::add@14 (line 484)
                      ; - java.util.ArrayList::add@20 (line 496)
                      ; - ui.data.place.PlaceApi::a@206 (line 431)
  0x0000018f947834d8: 0648 893c | 244c 8944 

  0x0000018f947834e0: ;   {runtime_call throw_range_check_failed Runtime1 stub}
  0x0000018f947834e0: 2408 e899 

  0x0000018f947834e4: ; ImmutableOopMap {r8=Oop rdx=Oop rax=Oop [168]=Oop [184]=Oop [192]=Oop [240]=Oop [248]=Oop }
                      ;*aastore {reexecute=1 rethrow=0 return_oop=0}
                      ; - (reexecute) java.util.ArrayList::add@14 (line 484)
                      ; - java.util.ArrayList::add@20 (line 496)
                      ; - ui.data.place.PlaceApi::a@206 (line 431)
                      ;   {runtime_call throw_null_pointer_exception Runtime1 stub}
  0x0000018f947834e4: 4b2a 06e8 

  0x0000018f947834e8: ; ImmutableOopMap {r8=Oop rdx=Oop rax=Oop [168]=Oop [184]=Oop [192]=Oop [240]=Oop [248]=Oop }
                      ;*aastore {reexecute=1 rethrow=0 return_oop=0}
                      ; - (reexecute) java.util.ArrayList::add@14 (line 484)
                      ; - java.util.ArrayList::add@20 (line 496)
                      ; - ui.data.place.PlaceApi::a@206 (line 431)
  0x0000018f947834e8: 9454 2a06 | 4889 0424 

  0x0000018f947834f0: ;   {runtime_call throw_array_store_exception Runtime1 stub}
  0x0000018f947834f0: e88b 752a 

  0x0000018f947834f4: ; ImmutableOopMap {r8=Oop rdx=Oop rax=Oop [168]=Oop [184]=Oop [192]=Oop [240]=Oop [248]=Oop }
                      ;*aastore {reexecute=1 rethrow=0 return_oop=0}
                      ; - (reexecute) java.util.ArrayList::add@14 (line 484)
                      ; - java.util.ArrayList::add@20 (line 496)
                      ; - ui.data.place.PlaceApi::a@206 (line 431)
  0x0000018f947834f4: 0641 8b30 | 48c1 e603 | 4883 fe00 | 0f84 36eb | ffff 4889 

  0x0000018f94783508: ;   {runtime_call g1_pre_barrier_slow}
  0x0000018f94783508: 3424 e871 | ab2a 06e9 | 28eb ffff | 4883 f800 | 0f84 3ceb | ffff 4c89 

  0x0000018f94783520: ;   {runtime_call g1_post_barrier_slow}
  0x0000018f94783520: 0424 e859 | ae2a 06e9 | 2eeb ffff 

  0x0000018f9478352c: ;   {metadata({method} {0x000001900c58bc18} 'a' '(Ljava/util/Collection;Ljava/util/Collection;Ljava/util/ArrayList;ZZ)Lui/data/place/a/a$g;' in 'ui/data/place/PlaceApi')}
  0x0000018f9478352c: 49ba 10bc | 580c 9001 | 0000 4c89 | 5424 0848 | c704 24d2 

  0x0000018f94783540: ;   {runtime_call counter_overflow Runtime1 stub}
  0x0000018f94783540: 0000 00e8 

  0x0000018f94783544: ; ImmutableOopMap {rdx=Oop [168]=Oop [184]=Oop [192]=Oop [240]=Oop [248]=Oop }
                      ;*goto {reexecute=1 rethrow=0 return_oop=0}
                      ; - (reexecute) ui.data.place.PlaceApi::a@210 (line 432)
  0x0000018f94783544: 38a5 2a06 | e943 ebff 

  0x0000018f9478354c: ;   {metadata({method} {0x000001900cd49d30} 'eHg' '()Lui/data/place/a/a$g;' in 'ui/data/place/a/a$g$a')}
  0x0000018f9478354c: ff49 ba28 | 9dd4 0c90 | 0100 004c | 8954 2408 | 48c7 0424 | ffff ffff 

  0x0000018f94783564: ;   {runtime_call counter_overflow Runtime1 stub}
  0x0000018f94783564: e817 a52a 

  0x0000018f94783568: ; ImmutableOopMap {[168]=Oop [192]=Oop }
                      ;*synchronization entry
                      ; - ui.data.place.a.a$g$a::eHg@-1 (line 8119)
                      ; - ui.data.place.PlaceApi::a@223 (line 435)
  0x0000018f94783568: 06e9 d0eb 

  0x0000018f9478356c: ;   {runtime_call throw_null_pointer_exception Runtime1 stub}
  0x0000018f9478356c: ffff e80d 

  0x0000018f94783570: ; ImmutableOopMap {rax=Oop [192]=Oop }
                      ;*invokevirtual isInitialized {reexecute=0 rethrow=0 return_oop=0}
                      ; - ui.data.place.a.a$g$a::eHg@6 (line 8120)
                      ; - ui.data.place.PlaceApi::a@223 (line 435)
                      ;   {metadata({method} {0x000001900cd49d30} 'eHg' '()Lui/data/place/a/a$g;' in 'ui/data/place/a/a$g$a')}
  0x0000018f94783570: 542a 0649 | ba28 9dd4 | 0c90 0100 | 004c 8954 | 2408 48c7 | 0424 ffff 

  0x0000018f94783588: ;   {runtime_call counter_overflow Runtime1 stub}
  0x0000018f94783588: ffff e8f1 

  0x0000018f9478358c: ; ImmutableOopMap {rax=Oop [168]=Oop [192]=Oop }
                      ;*synchronization entry
                      ; - ui.data.place.a.a$g$a::eHg@-1 (line 8119)
                      ; - ui.data.place.PlaceApi::a@240 (line 439)
  0x0000018f9478358c: a42a 06e9 | 55ed ffff 

  0x0000018f94783594: ;   {runtime_call throw_null_pointer_exception Runtime1 stub}
  0x0000018f94783594: e8e7 532a 

  0x0000018f94783598: ; ImmutableOopMap {rax=Oop [192]=Oop }
                      ;*invokevirtual isInitialized {reexecute=0 rethrow=0 return_oop=0}
                      ; - ui.data.place.a.a$g$a::eHg@6 (line 8120)
                      ; - ui.data.place.PlaceApi::a@240 (line 439)
                      ;   {runtime_call new_type_array Runtime1 stub}
  0x0000018f94783598: 06e8 e262 

  0x0000018f9478359c: ; ImmutableOopMap {r8=Oop [192]=Oop }
                      ;*newarray {reexecute=0 rethrow=0 return_oop=0}
                      ; - ui.data.place.PlaceApi::a@262 (line 444)
  0x0000018f9478359c: 2a06 e963 

  0x0000018f947835a0: ;   {runtime_call throw_null_pointer_exception Runtime1 stub}
  0x0000018f947835a0: efff ffe8 

  0x0000018f947835a4: ; ImmutableOopMap {rax=Oop [192]=Oop }
                      ;*arraylength {reexecute=0 rethrow=0 return_oop=0}
                      ; - ui.data.place.PlaceApi::a@280 (line 445)
  0x0000018f947835a4: d853 2a06 

  0x0000018f947835a8: ;   {runtime_call new_type_array Runtime1 stub}
  0x0000018f947835a8: e8d3 622a 

  0x0000018f947835ac: ; ImmutableOopMap {r8=Oop [192]=Oop }
                      ;*newarray {reexecute=0 rethrow=0 return_oop=0}
                      ; - ui.data.place.PlaceApi::a@302 (line 449)
  0x0000018f947835ac: 06e9 dbf0 

  0x0000018f947835b0: ;   {metadata({method} {0x000001900cd44a00} 'eHa' '()Lui/data/place/a/a$g$a;' in 'ui/data/place/a/a$g')}
  0x0000018f947835b0: ffff 49ba | f849 d40c | 9001 0000 | 4c89 5424 | 0848 c704 | 24ff ffff 

  0x0000018f947835c8: ;   {runtime_call counter_overflow Runtime1 stub}
  0x0000018f947835c8: ffe8 b2a4 

  0x0000018f947835cc: ; ImmutableOopMap {[304]=Oop }
                      ;*synchronization entry
                      ; - ui.data.place.a.a$g::eHa@-1 (line 8007)
                      ; - ui.data.place.PlaceApi::a@317 (line 453)
  0x0000018f947835cc: 2a06 e923 

  0x0000018f947835d0: ;   {metadata({method} {0x000001900cd44b60} 'eHb' '()Lui/data/place/a/a$g$a;' in 'ui/data/place/a/a$g')}
  0x0000018f947835d0: f1ff ff49 | ba58 4bd4 | 0c90 0100 | 004c 8954 | 2408 48c7 | 0424 ffff 

  0x0000018f947835e8: ;   {runtime_call counter_overflow Runtime1 stub}
  0x0000018f947835e8: ffff e891 

  0x0000018f947835ec: ; ImmutableOopMap {[304]=Oop }
                      ;*synchronization entry
                      ; - ui.data.place.a.a$g::eHb@-1 (line 8015)
                      ; - ui.data.place.a.a$g::eHa@3 (line 8007)
                      ; - ui.data.place.PlaceApi::a@317 (line 453)
  0x0000018f947835ec: a42a 06e9 | 46f1 ffff 

  0x0000018f947835f4: ;   {runtime_call fast_new_instance Runtime1 stub}
  0x0000018f947835f4: 488b d2e8 

  0x0000018f947835f8: ; ImmutableOopMap {[304]=Oop }
                      ;*new {reexecute=0 rethrow=0 return_oop=0}
                      ; - ui.data.place.a.a$g::eHb@7 (line 8016)
                      ; - ui.data.place.a.a$g::eHa@3 (line 8007)
                      ; - ui.data.place.PlaceApi::a@317 (line 453)
  0x0000018f947835f8: 845c 2a06 | e9a9 f1ff 

  0x0000018f94783600: ;   {metadata({method} {0x0000018fee99b1c8} 'mergeFrom' '([BII)Lcom/google/protobuf/AbstractMessage$Builder;' in 'com/google/protobuf/AbstractMessage$Builder')}
  0x0000018f94783600: ff49 bac0 | b199 ee8f | 0100 004c | 8954 2408 | 48c7 0424 | ffff ffff 

  0x0000018f94783618: ;   {runtime_call counter_overflow Runtime1 stub}
  0x0000018f94783618: e863 a42a 

  0x0000018f9478361c: ; ImmutableOopMap {rax=Oop rdx=Oop }
                      ;*synchronization entry
                      ; - com.google.protobuf.AbstractMessage$Builder::mergeFrom@-1 (line 535)
                      ; - ui.data.place.PlaceApi::a@332 (line 454)
  0x0000018f9478361c: 06e9 a5f2 | ffff 4889 

  0x0000018f94783624: ;   {runtime_call throw_class_cast_exception Runtime1 stub}
  0x0000018f94783624: 0424 e855 

  0x0000018f94783628: ; ImmutableOopMap {}
                      ;*checkcast {reexecute=0 rethrow=0 return_oop=0}
                      ; - com.google.protobuf.AbstractMessage$Builder::mergeFrom@7 (line 535)
                      ; - ui.data.place.PlaceApi::a@332 (line 454)
  0x0000018f94783628: 772a 0648 

  0x0000018f9478362c: ;   {runtime_call throw_class_cast_exception Runtime1 stub}
  0x0000018f9478362c: 8914 24e8 

  0x0000018f94783630: ; ImmutableOopMap {}
                      ;*checkcast {reexecute=0 rethrow=0 return_oop=0}
                      ; - ui.data.place.PlaceApi::a@335 (line 454)
  0x0000018f94783630: 4c77 2a06 

  0x0000018f94783634: ;   {runtime_call throw_null_pointer_exception Runtime1 stub}
  0x0000018f94783634: e847 532a 

  0x0000018f94783638: ; ImmutableOopMap {rdx=Oop }
                      ;*invokevirtual eHg {reexecute=0 rethrow=0 return_oop=0}
                      ; - ui.data.place.PlaceApi::a@338 (line 454)
                      ;   {metadata({method} {0x000001900cd49d30} 'eHg' '()Lui/data/place/a/a$g;' in 'ui/data/place/a/a$g$a')}
  0x0000018f94783638: 0649 ba28 | 9dd4 0c90 | 0100 004c | 8954 2408 | 48c7 0424 | ffff ffff 

  0x0000018f94783650: ;   {runtime_call counter_overflow Runtime1 stub}
  0x0000018f94783650: e82b a42a 

  0x0000018f94783654: ; ImmutableOopMap {rdx=Oop }
                      ;*synchronization entry
                      ; - ui.data.place.a.a$g$a::eHg@-1 (line 8119)
                      ; - ui.data.place.PlaceApi::a@338 (line 454)
  0x0000018f94783654: 06e9 aef4 

  0x0000018f94783658: ;   {runtime_call throw_null_pointer_exception Runtime1 stub}
  0x0000018f94783658: ffff e821 

  0x0000018f9478365c: ; ImmutableOopMap {rax=Oop }
                      ;*invokevirtual isInitialized {reexecute=0 rethrow=0 return_oop=0}
                      ; - ui.data.place.a.a$g$a::eHg@6 (line 8120)
                      ; - ui.data.place.PlaceApi::a@338 (line 454)
                      ;   {internal_word}
  0x0000018f9478365c: 532a 0649 | baa5 2b78 | 948f 0100 | 004d 8997 | 6804 0000 

  0x0000018f94783670: ;   {runtime_call SafepointBlob}
  0x0000018f94783670: e98b 201e 

  0x0000018f94783674: ;   {internal_word}
  0x0000018f94783674: 0649 bac5 | 2b78 948f | 0100 004d | 8997 6804 

  0x0000018f94783684: ;   {runtime_call SafepointBlob}
  0x0000018f94783684: 0000 e975 

  0x0000018f94783688: ;   {metadata({method} {0x0000018fee99ad40} 'newUninitializedMessageException' '(Lcom/google/protobuf/Message;)Lcom/google/protobuf/UninitializedMessageException;' in 'com/google/protobuf/AbstractMessage$Builder')}
  0x0000018f94783688: 201e 0649 | ba38 ad99 | ee8f 0100 | 004c 8954 | 2408 48c7 | 0424 ffff 

  0x0000018f947836a0: ;   {runtime_call counter_overflow Runtime1 stub}
  0x0000018f947836a0: ffff e8d9 

  0x0000018f947836a4: ; ImmutableOopMap {rbx=Oop }
                      ;*synchronization entry
                      ; - com.google.protobuf.AbstractMessage$Builder::newUninitializedMessageException@-1 (line 470)
                      ; - ui.data.place.a.a$g$a::eHg@13 (line 8121)
                      ; - ui.data.place.PlaceApi::a@338 (line 454)
  0x0000018f947836a4: a32a 06e9 | 69f5 ffff 

  0x0000018f947836ac: ;   {metadata(nullptr)}
  0x0000018f947836ac: 48ba 0000 | 0000 0000 | 0000 b800 

  0x0000018f947836b8: ;   {runtime_call load_klass_patching Runtime1 stub}
  0x0000018f947836b8: 0f05 0ae8 

  0x0000018f947836bc: ; ImmutableOopMap {rbx=Oop }
                      ;*new {reexecute=1 rethrow=0 return_oop=0}
                      ; - (reexecute) com.google.protobuf.AbstractMessage$Builder::newUninitializedMessageException@0 (line 470)
                      ; - ui.data.place.a.a$g$a::eHg@13 (line 8121)
                      ; - ui.data.place.PlaceApi::a@338 (line 454)
  0x0000018f947836bc: 4093 2a06 | e953 f5ff 

  0x0000018f947836c4: ;   {runtime_call throw_null_pointer_exception Runtime1 stub}
  0x0000018f947836c4: ffe8 b652 

  0x0000018f947836c8: ; ImmutableOopMap {rbx=Oop }
                      ;*new {reexecute=0 rethrow=0 return_oop=0}
                      ; - com.google.protobuf.AbstractMessage$Builder::newUninitializedMessageException@0 (line 470)
                      ; - ui.data.place.a.a$g$a::eHg@13 (line 8121)
                      ; - ui.data.place.PlaceApi::a@338 (line 454)
  0x0000018f947836c8: 2a06 488b 

  0x0000018f947836cc: ;   {runtime_call fast_new_instance_init_check Runtime1 stub}
  0x0000018f947836cc: d2e8 ae5e 

  0x0000018f947836d0: ; ImmutableOopMap {rbx=Oop }
                      ;*new {reexecute=0 rethrow=0 return_oop=0}
                      ; - com.google.protobuf.AbstractMessage$Builder::newUninitializedMessageException@0 (line 470)
                      ; - ui.data.place.a.a$g$a::eHg@13 (line 8121)
                      ; - ui.data.place.PlaceApi::a@338 (line 454)
  0x0000018f947836d0: 2a06 e9a6 

  0x0000018f947836d4: ;   {runtime_call throw_null_pointer_exception Runtime1 stub}
  0x0000018f947836d4: f5ff ffe8 

  0x0000018f947836d8: ; ImmutableOopMap {rdx=Oop r8=Oop }
                      ;*synchronization entry
                      ; - ui.utils.x::debug@-1 (line 259)
                      ; - ui.data.place.PlaceApi::a@346 (line 457)
  0x0000018f947836d8: a452 2a06 | 4c89 4424 | 0848 8934 

  0x0000018f947836e4: ;   {runtime_call monitorenter_nofpu Runtime1 stub}
  0x0000018f947836e4: 24e8 9682 

  0x0000018f947836e8: ; ImmutableOopMap {rdx=Oop r8=Oop [360]=Oop }
                      ;*synchronization entry
                      ; - ui.utils.x::debug@-1 (line 259)
                      ; - ui.data.place.PlaceApi::a@346 (line 457)
  0x0000018f947836e8: 2a06 e966 

  0x0000018f947836ec: ;   {metadata({method} {0x0000018feb485ee0} 'debug' '(Ljava/lang/Exception;)V' in 'ui/utils/x')}
  0x0000018f947836ec: f6ff ff49 | bad8 5e48 | eb8f 0100 | 004c 8954 | 2408 48c7 | 0424 ffff 

  0x0000018f94783704: ;   {runtime_call counter_overflow Runtime1 stub}
  0x0000018f94783704: ffff e875 

  0x0000018f94783708: ; ImmutableOopMap {rdx=Oop [360]=Oop }
                      ;*synchronization entry
                      ; - ui.utils.x::debug@-1 (line 259)
                      ; - ui.data.place.PlaceApi::a@346 (line 457)
  0x0000018f94783708: a32a 06e9 | 72f6 ffff 

  0x0000018f94783710: ;   {runtime_call throw_null_pointer_exception Runtime1 stub}
  0x0000018f94783710: e86b 522a 

  0x0000018f94783714: ; ImmutableOopMap {rdx=Oop r8=Oop [360]=Oop }
                      ;*synchronization entry
                      ; - ui.utils.e.c::debug@-1 (line 232)
                      ; - ui.utils.x::debug@1 (line 259)
                      ; - ui.data.place.PlaceApi::a@346 (line 457)
  0x0000018f94783714: 064c 8944 | 2408 4889 

  0x0000018f9478371c: ;   {runtime_call monitorenter_nofpu Runtime1 stub}
  0x0000018f9478371c: 3424 e85d 

  0x0000018f94783720: ; ImmutableOopMap {rdx=Oop r8=Oop [360]=Oop [376]=Oop }
                      ;*synchronization entry
                      ; - ui.utils.e.c::debug@-1 (line 232)
                      ; - ui.utils.x::debug@1 (line 259)
                      ; - ui.data.place.PlaceApi::a@346 (line 457)
  0x0000018f94783720: 822a 06e9 | b0f6 ffff 

  0x0000018f94783728: ;   {metadata({method} {0x0000018fec0436d0} 'debug' '(Ljava/lang/Exception;)V' in 'ui/utils/e/c')}
  0x0000018f94783728: 49ba c836 | 04ec 8f01 | 0000 4c89 | 5424 0848 | c704 24ff 

  0x0000018f9478373c: ;   {runtime_call counter_overflow Runtime1 stub}
  0x0000018f9478373c: ffff ffe8 

  0x0000018f94783740: ; ImmutableOopMap {rdx=Oop [360]=Oop [376]=Oop }
                      ;*synchronization entry
                      ; - ui.utils.e.c::debug@-1 (line 232)
                      ; - ui.utils.x::debug@1 (line 259)
                      ; - ui.data.place.PlaceApi::a@346 (line 457)
  0x0000018f94783740: 3ca3 2a06 | e9b9 f6ff | ff48 8d84 | 2470 0100 | 0048 8904 

  0x0000018f94783754: ;   {runtime_call monitorexit_nofpu Runtime1 stub}
  0x0000018f94783754: 24e8 2688 | 2a06 e9f7 | f6ff ff48 | 8d84 2460 | 0100 0048 

  0x0000018f94783768: ;   {runtime_call monitorexit_nofpu Runtime1 stub}
  0x0000018f94783768: 8904 24e8 | 1088 2a06 | e90b f7ff 

  0x0000018f94783774: ;   {internal_word}
  0x0000018f94783774: ff49 ba92 | 2e78 948f | 0100 004d | 8997 6804 

  0x0000018f94783784: ;   {runtime_call SafepointBlob}
  0x0000018f94783784: 0000 e975 

  0x0000018f94783788: ;   {metadata({method} {0x0000018fee99ad40} 'newUninitializedMessageException' '(Lcom/google/protobuf/Message;)Lcom/google/protobuf/UninitializedMessageException;' in 'com/google/protobuf/AbstractMessage$Builder')}
  0x0000018f94783788: 1f1e 0649 | ba38 ad99 | ee8f 0100 | 004c 8954 | 2408 48c7 | 0424 ffff 

  0x0000018f947837a0: ;   {runtime_call counter_overflow Runtime1 stub}
  0x0000018f947837a0: ffff e8d9 

  0x0000018f947837a4: ; ImmutableOopMap {rbx=Oop [192]=Oop }
                      ;*synchronization entry
                      ; - com.google.protobuf.AbstractMessage$Builder::newUninitializedMessageException@-1 (line 470)
                      ; - ui.data.place.a.a$g$a::eHg@13 (line 8121)
                      ; - ui.data.place.PlaceApi::a@240 (line 439)
  0x0000018f947837a4: a22a 06e9 | 36f7 ffff 

  0x0000018f947837ac: ;   {metadata(nullptr)}
  0x0000018f947837ac: 48ba 0000 | 0000 0000 | 0000 b800 

  0x0000018f947837b8: ;   {runtime_call load_klass_patching Runtime1 stub}
  0x0000018f947837b8: 0f05 0ae8 

  0x0000018f947837bc: ; ImmutableOopMap {rbx=Oop [192]=Oop }
                      ;*new {reexecute=1 rethrow=0 return_oop=0}
                      ; - (reexecute) com.google.protobuf.AbstractMessage$Builder::newUninitializedMessageException@0 (line 470)
                      ; - ui.data.place.a.a$g$a::eHg@13 (line 8121)
                      ; - ui.data.place.PlaceApi::a@240 (line 439)
  0x0000018f947837bc: 4092 2a06 | e923 f7ff 

  0x0000018f947837c4: ;   {runtime_call throw_null_pointer_exception Runtime1 stub}
  0x0000018f947837c4: ffe8 b651 

  0x0000018f947837c8: ; ImmutableOopMap {rbx=Oop [192]=Oop }
                      ;*new {reexecute=0 rethrow=0 return_oop=0}
                      ; - com.google.protobuf.AbstractMessage$Builder::newUninitializedMessageException@0 (line 470)
                      ; - ui.data.place.a.a$g$a::eHg@13 (line 8121)
                      ; - ui.data.place.PlaceApi::a@240 (line 439)
  0x0000018f947837c8: 2a06 488b 

  0x0000018f947837cc: ;   {runtime_call fast_new_instance_init_check Runtime1 stub}
  0x0000018f947837cc: d2e8 ae5d 

  0x0000018f947837d0: ; ImmutableOopMap {rbx=Oop [192]=Oop }
                      ;*new {reexecute=0 rethrow=0 return_oop=0}
                      ; - com.google.protobuf.AbstractMessage$Builder::newUninitializedMessageException@0 (line 470)
                      ; - ui.data.place.a.a$g$a::eHg@13 (line 8121)
                      ; - ui.data.place.PlaceApi::a@240 (line 439)
  0x0000018f947837d0: 2a06 e976 

  0x0000018f947837d4: ;   {metadata({method} {0x0000018fee99ad40} 'newUninitializedMessageException' '(Lcom/google/protobuf/Message;)Lcom/google/protobuf/UninitializedMessageException;' in 'com/google/protobuf/AbstractMessage$Builder')}
  0x0000018f947837d4: f7ff ff49 | ba38 ad99 | ee8f 0100 | 004c 8954 | 2408 48c7 | 0424 ffff 

  0x0000018f947837ec: ;   {runtime_call counter_overflow Runtime1 stub}
  0x0000018f947837ec: ffff e88d 

  0x0000018f947837f0: ; ImmutableOopMap {rbx=Oop [192]=Oop }
                      ;*synchronization entry
                      ; - com.google.protobuf.AbstractMessage$Builder::newUninitializedMessageException@-1 (line 470)
                      ; - ui.data.place.a.a$g$a::eHg@13 (line 8121)
                      ; - ui.data.place.PlaceApi::a@223 (line 435)
  0x0000018f947837f0: a22a 06e9 | faf7 ffff 

  0x0000018f947837f8: ;   {metadata(nullptr)}
  0x0000018f947837f8: 48ba 0000 | 0000 0000 | 0000 b800 

  0x0000018f94783804: ;   {runtime_call load_klass_patching Runtime1 stub}
  0x0000018f94783804: 0f05 0ae8 

  0x0000018f94783808: ; ImmutableOopMap {rbx=Oop [192]=Oop }
                      ;*new {reexecute=1 rethrow=0 return_oop=0}
                      ; - (reexecute) com.google.protobuf.AbstractMessage$Builder::newUninitializedMessageException@0 (line 470)
                      ; - ui.data.place.a.a$g$a::eHg@13 (line 8121)
                      ; - ui.data.place.PlaceApi::a@223 (line 435)
  0x0000018f94783808: f491 2a06 | e9e7 f7ff 

  0x0000018f94783810: ;   {runtime_call throw_null_pointer_exception Runtime1 stub}
  0x0000018f94783810: ffe8 6a51 

  0x0000018f94783814: ; ImmutableOopMap {rbx=Oop [192]=Oop }
                      ;*new {reexecute=0 rethrow=0 return_oop=0}
                      ; - com.google.protobuf.AbstractMessage$Builder::newUninitializedMessageException@0 (line 470)
                      ; - ui.data.place.a.a$g$a::eHg@13 (line 8121)
                      ; - ui.data.place.PlaceApi::a@223 (line 435)
  0x0000018f94783814: 2a06 488b 

  0x0000018f94783818: ;   {runtime_call fast_new_instance_init_check Runtime1 stub}
  0x0000018f94783818: d2e8 625d 

  0x0000018f9478381c: ; ImmutableOopMap {rbx=Oop [192]=Oop }
                      ;*new {reexecute=0 rethrow=0 return_oop=0}
                      ; - com.google.protobuf.AbstractMessage$Builder::newUninitializedMessageException@0 (line 470)
                      ; - ui.data.place.a.a$g$a::eHg@13 (line 8121)
                      ; - ui.data.place.PlaceApi::a@223 (line 435)
  0x0000018f9478381c: 2a06 e93a | f8ff ff48 | 8d84 2470 | 0100 0048 

  0x0000018f9478382c: ;   {runtime_call monitorexit_nofpu Runtime1 stub}
  0x0000018f9478382c: 8904 24e8 | 4c87 2a06 | e9da f8ff | ff48 8d84 | 2460 0100 | 0048 8904 

  0x0000018f94783844: ;   {runtime_call monitorexit_nofpu Runtime1 stub}
  0x0000018f94783844: 24e8 3687 | 2a06 e929 | f9ff ff49 | 8b87 0005 | 0000 49c7 | 8700 0500 | 0000 0000 | 0049 c787 
  0x0000018f94783864: 0805 0000 | 0000 0000 | 4881 c490 | 0100 005d 

  0x0000018f94783874: ;   {runtime_call unwind_exception Runtime1 stub}
  0x0000018f94783874: e907 422a | 06f4 f4f4 | f4f4 f4f4 
[Stub Code]
  0x0000018f94783880: ;   {no_reloc}
  0x0000018f94783880: 0f1f 4400 

  0x0000018f94783884: ;   {static_stub}
  0x0000018f94783884: 0048 bb00 | 0000 0000 

  0x0000018f9478388c: ;   {runtime_call}
  0x0000018f9478388c: 0000 00e9 | fbff ffff 

  0x0000018f94783894: ;   {static_stub}
  0x0000018f94783894: 9048 bb00 | 0000 0000 

  0x0000018f9478389c: ;   {runtime_call}
  0x0000018f9478389c: 0000 00e9 | fbff ffff 

  0x0000018f947838a4: ;   {static_stub}
  0x0000018f947838a4: 9048 bb00 | 0000 0000 

  0x0000018f947838ac: ;   {runtime_call}
  0x0000018f947838ac: 0000 00e9 | fbff ffff 

  0x0000018f947838b4: ;   {static_stub}
  0x0000018f947838b4: 9048 bb00 | 0000 0000 

  0x0000018f947838bc: ;   {runtime_call}
  0x0000018f947838bc: 0000 00e9 | fbff ffff 

  0x0000018f947838c4: ;   {static_stub}
  0x0000018f947838c4: 9048 bb00 | 0000 0000 

  0x0000018f947838cc: ;   {runtime_call}
  0x0000018f947838cc: 0000 00e9 | fbff ffff 

  0x0000018f947838d4: ;   {static_stub}
  0x0000018f947838d4: 9048 bb00 | 0000 0000 

  0x0000018f947838dc: ;   {runtime_call}
  0x0000018f947838dc: 0000 00e9 | fbff ffff 

  0x0000018f947838e4: ;   {static_stub}
  0x0000018f947838e4: 9048 bb00 | 0000 0000 

  0x0000018f947838ec: ;   {runtime_call}
  0x0000018f947838ec: 0000 00e9 | fbff ffff 

  0x0000018f947838f4: ;   {static_stub}
  0x0000018f947838f4: 9048 bb00 | 0000 0000 

  0x0000018f947838fc: ;   {runtime_call}
  0x0000018f947838fc: 0000 00e9 | fbff ffff 

  0x0000018f94783904: ;   {static_stub}
  0x0000018f94783904: 9048 bb00 | 0000 0000 

  0x0000018f9478390c: ;   {runtime_call}
  0x0000018f9478390c: 0000 00e9 | fbff ffff 

  0x0000018f94783914: ;   {static_stub}
  0x0000018f94783914: 9048 bb00 | 0000 0000 

  0x0000018f9478391c: ;   {runtime_call}
  0x0000018f9478391c: 0000 00e9 | fbff ffff 

  0x0000018f94783924: ;   {static_stub}
  0x0000018f94783924: 9048 bb00 | 0000 0000 

  0x0000018f9478392c: ;   {runtime_call}
  0x0000018f9478392c: 0000 00e9 | fbff ffff 

  0x0000018f94783934: ;   {static_stub}
  0x0000018f94783934: 9048 bb00 | 0000 0000 

  0x0000018f9478393c: ;   {runtime_call}
  0x0000018f9478393c: 0000 00e9 | fbff ffff 

  0x0000018f94783944: ;   {static_stub}
  0x0000018f94783944: 9048 bb00 | 0000 0000 

  0x0000018f9478394c: ;   {runtime_call}
  0x0000018f9478394c: 0000 00e9 | fbff ffff 

  0x0000018f94783954: ;   {static_stub}
  0x0000018f94783954: 9048 bb00 | 0000 0000 

  0x0000018f9478395c: ;   {runtime_call}
  0x0000018f9478395c: 0000 00e9 | fbff ffff 

  0x0000018f94783964: ;   {static_stub}
  0x0000018f94783964: 9048 bb00 | 0000 0000 

  0x0000018f9478396c: ;   {runtime_call}
  0x0000018f9478396c: 0000 00e9 | fbff ffff 

  0x0000018f94783974: ;   {static_stub}
  0x0000018f94783974: 9048 bb00 | 0000 0000 

  0x0000018f9478397c: ;   {runtime_call}
  0x0000018f9478397c: 0000 00e9 | fbff ffff 

  0x0000018f94783984: ;   {static_stub}
  0x0000018f94783984: 9048 bb00 | 0000 0000 

  0x0000018f9478398c: ;   {runtime_call}
  0x0000018f9478398c: 0000 00e9 | fbff ffff 

  0x0000018f94783994: ;   {static_stub}
  0x0000018f94783994: 9048 bb00 | 0000 0000 

  0x0000018f9478399c: ;   {runtime_call}
  0x0000018f9478399c: 0000 00e9 | fbff ffff 

  0x0000018f947839a4: ;   {static_stub}
  0x0000018f947839a4: 9048 bb00 | 0000 0000 

  0x0000018f947839ac: ;   {runtime_call}
  0x0000018f947839ac: 0000 00e9 | fbff ffff 

  0x0000018f947839b4: ;   {static_stub}
  0x0000018f947839b4: 9048 bb00 | 0000 0000 

  0x0000018f947839bc: ;   {runtime_call}
  0x0000018f947839bc: 0000 00e9 | fbff ffff 

  0x0000018f947839c4: ;   {static_stub}
  0x0000018f947839c4: 9048 bb00 | 0000 0000 

  0x0000018f947839cc: ;   {runtime_call}
  0x0000018f947839cc: 0000 00e9 | fbff ffff 

  0x0000018f947839d4: ;   {static_stub}
  0x0000018f947839d4: 9048 bb00 | 0000 0000 

  0x0000018f947839dc: ;   {runtime_call}
  0x0000018f947839dc: 0000 00e9 | fbff ffff 

  0x0000018f947839e4: ;   {static_stub}
  0x0000018f947839e4: 9048 bb00 | 0000 0000 

  0x0000018f947839ec: ;   {runtime_call}
  0x0000018f947839ec: 0000 00e9 | fbff ffff 

  0x0000018f947839f4: ;   {static_stub}
  0x0000018f947839f4: 48bb 0000 | 0000 0000 

  0x0000018f947839fc: ;   {runtime_call}
  0x0000018f947839fc: 0000 e9fb 

  0x0000018f94783a00: ;   {static_stub}
  0x0000018f94783a00: ffff ff48 | bb00 0000 | 0000 0000 

  0x0000018f94783a0c: ;   {runtime_call}
  0x0000018f94783a0c: 00e9 fbff 

  0x0000018f94783a10: ;   {static_stub}
  0x0000018f94783a10: ffff 48bb | 90a6 d40c | 9001 0000 

  0x0000018f94783a1c: ;   {runtime_call I2C/C2I adapters}
  0x0000018f94783a1c: e942 fa1d 

  0x0000018f94783a20: ;   {static_stub}
  0x0000018f94783a20: 0648 bb80 | f399 ee8f 

  0x0000018f94783a28: ;   {runtime_call I2C/C2I adapters}
  0x0000018f94783a28: 0100 00e9 | b707 1e06 

  0x0000018f94783a30: ;   {static_stub}
  0x0000018f94783a30: 48bb 0000 | 0000 0000 

  0x0000018f94783a38: ;   {runtime_call}
  0x0000018f94783a38: 0000 e9fb 

  0x0000018f94783a3c: ;   {static_stub}
  0x0000018f94783a3c: ffff ff48 | bb00 0000 | 0000 0000 

  0x0000018f94783a48: ;   {runtime_call}
  0x0000018f94783a48: 00e9 fbff 

  0x0000018f94783a4c: ;   {static_stub}
  0x0000018f94783a4c: ffff 48bb | 0000 0000 | 0000 0000 

  0x0000018f94783a58: ;   {runtime_call}
  0x0000018f94783a58: e9fb ffff 

  0x0000018f94783a5c: ;   {static_stub}
  0x0000018f94783a5c: ff48 bb00 | 0000 0000 

  0x0000018f94783a64: ;   {runtime_call}
  0x0000018f94783a64: 0000 00e9 | fbff ffff 

  0x0000018f94783a6c: ;   {static_stub}
  0x0000018f94783a6c: 48bb 0000 | 0000 0000 

  0x0000018f94783a74: ;   {runtime_call}
  0x0000018f94783a74: 0000 e9fb 

  0x0000018f94783a78: ;   {static_stub}
  0x0000018f94783a78: ffff ff48 | bb00 0000 | 0000 0000 

  0x0000018f94783a84: ;   {runtime_call}
  0x0000018f94783a84: 00e9 fbff 

  0x0000018f94783a88: ;   {static_stub}
  0x0000018f94783a88: ffff 48bb | 0000 0000 | 0000 0000 

  0x0000018f94783a94: ;   {runtime_call}
  0x0000018f94783a94: e9fb ffff 

  0x0000018f94783a98: ;   {static_stub}
  0x0000018f94783a98: ff48 bb00 | 0000 0000 

  0x0000018f94783aa0: ;   {runtime_call}
  0x0000018f94783aa0: 0000 00e9 | fbff ffff 

  0x0000018f94783aa8: ;   {static_stub}
  0x0000018f94783aa8: 48bb 0000 | 0000 0000 

  0x0000018f94783ab0: ;   {runtime_call}
  0x0000018f94783ab0: 0000 e9fb 

  0x0000018f94783ab4: ;   {runtime_call handle_exception_from_callee Runtime1 stub}
  0x0000018f94783ab4: ffff ffe8 | c46c 2a06 

  0x0000018f94783abc: ;   {external_word}
  0x0000018f94783abc: 48b9 50e0 | e46e fb7f | 0000 4883 

  0x0000018f94783ac8: ;   {runtime_call}
  0x0000018f94783ac8: e4f0 48b8 | 50ef a76e | fb7f 0000 

  0x0000018f94783ad4: ;   {section_word}
  0x0000018f94783ad4: ffd0 f449 | bad7 3a78 | 948f 0100 

  0x0000018f94783ae0: ;   {runtime_call DeoptimizationBlob}
  0x0000018f94783ae0: 0041 52e9 | b80e 1e06 
[/MachCode]


Compiled method (c1)  490753 33640       3       ui.views.j.a.a.g.b::construct (95 bytes)
 total in heap  [0x0000018f936bdc10,0x0000018f936bfc40] = 8240
 relocation     [0x0000018f936bdd70,0x0000018f936bdf80] = 528
 constants      [0x0000018f936bdf80,0x0000018f936bdfa0] = 32
 main code      [0x0000018f936bdfa0,0x0000018f936bf470] = 5328
 stub code      [0x0000018f936bf470,0x0000018f936bf550] = 224
 oops           [0x0000018f936bf550,0x0000018f936bf560] = 16
 metadata       [0x0000018f936bf560,0x0000018f936bf620] = 192
 scopes data    [0x0000018f936bf620,0x0000018f936bf8b0] = 656
 scopes pcs     [0x0000018f936bf8b0,0x0000018f936bfbc0] = 784
 dependencies   [0x0000018f936bfbc0,0x0000018f936bfbd8] = 24
 nul chk table  [0x0000018f936bfbd8,0x0000018f936bfc40] = 104


[Constant Pool]
             Address          hex4                    hex8      
  0x0000018f936bdf80:   0x447a0000      0x3f000000447a0000      
  0x0000018f936bdf84:   0x3f000000                              
  0x0000018f936bdf88:   0x447a0000      0xf4f4f4f4447a0000      
  0x0000018f936bdf8c:   0xf4f4f4f4                              
  0x0000018f936bdf90:   0xf4f4f4f4      0xf4f4f4f4f4f4f4f4      
  0x0000018f936bdf94:   0xf4f4f4f4                              
  0x0000018f936bdf98:   0xf4f4f4f4      0xf4f4f4f4f4f4f4f4      
  0x0000018f936bdf9c:   0xf4f4f4f4                              

[MachCode]
[Entry Point]
  # {method} {0x000001900ce60918} 'construct' '()Ljava/lang/Object;' in 'ui/views/j/a/a/g/b'
  #           [sp+0x140]  (sp of caller)
  0x0000018f936bdfa0: ;   {no_reloc}
  0x0000018f936bdfa0: 448b 5208 | 49bb 0000 | 00aa 8f01 | 0000 4d03 | d34c 3bd0 

  0x0000018f936bdfb4: ;   {runtime_call ic_miss_stub}
  0x0000018f936bdfb4: 0f85 c607 | 2a07 660f | 1f44 0000 
[Verified Entry Point]
  0x0000018f936bdfc0: 8984 2400 | 80ff ff55 | 4881 ec30 | 0100 0090 | 4181 7f20 | 7200 0000 

  0x0000018f936bdfd8: ;   {runtime_call StubRoutines (final stubs)}
  0x0000018f936bdfd8: 7405 e881 | 6d28 0748 | 8994 24d8 

  0x0000018f936bdfe4: ;   {metadata(method data for {method} {0x000001900ce60918} 'construct' '()Ljava/lang/Object;' in 'ui/views/j/a/a/g/b')}
  0x0000018f936bdfe4: 0000 0048 | be00 f764 | 0d90 0100 | 008b becc | 0000 0083 | c702 89be | cc00 0000 | 81e7 fe07 
  0x0000018f936be004: 0000 83ff | 000f 847d | 1000 008b | 721c 48c1 | e603 483b | 0648 8bfe 

  0x0000018f936be01c: ;   {metadata(method data for {method} {0x000001900ce60918} 'construct' '()Ljava/lang/Object;' in 'ui/views/j/a/a/g/b')}
  0x0000018f936be01c: 48bb 00f7 | 640d 9001 | 0000 4883 | 8310 0100 | 0001 488b | d666 0f1f 

  0x0000018f936be034: ;   {optimized virtual_call}
  0x0000018f936be034: 4400 00e8 

  0x0000018f936be038: ; ImmutableOopMap {[216]=Oop }
                      ;*invokevirtual kYS {reexecute=0 rethrow=0 return_oop=0}
                      ; - ui.views.j.a.a.g.b::construct@4 (line 110)
  0x0000018f936be038: 249e d501 

  0x0000018f936be03c: ;   {other}
  0x0000018f936be03c: 0f1f 8400 | 2c04 0000 

  0x0000018f936be044: ;   {metadata(method data for {method} {0x000001900ce60918} 'construct' '()Ljava/lang/Object;' in 'ui/views/j/a/a/g/b')}
  0x0000018f936be044: 48be 00f7 | 640d 9001 | 0000 4883 | 8648 0100 

  0x0000018f936be054: ;   {metadata(method data for {method} {0x0000018fee01f278} 'eg' '(Ljava/util/Collection;)Z' in 'ui/utils/c/a')}
  0x0000018f936be054: 0001 48be | 0000 650d | 9001 0000 | 8bbe cc00 | 0000 83c7 | 0289 becc | 0000 0081 | e7fe ff1f 
  0x0000018f936be074: 0083 ff00 | 0f84 3410 | 0000 4883 

  0x0000018f936be080: ;   {metadata(method data for {method} {0x0000018fee01f278} 'eg' '(Ljava/util/Collection;)Z' in 'ui/utils/c/a')}
  0x0000018f936be080: f800 48be | 0000 650d | 9001 0000 | 48bf 1001 | 0000 0000 | 0000 0f84 | 0a00 0000 | 48bf 2001 
  0x0000018f936be0a0: 0000 0000 | 0000 488b | 1c3e 488d | 5b01 4889 | 1c3e 0f84 | 5501 0000 

  0x0000018f936be0b8: ; implicit exception: dispatches to 0x0000018f936bf0d3
  0x0000018f936be0b8: 483b 0048 

  0x0000018f936be0bc: ;   {metadata(method data for {method} {0x0000018fee01f278} 'eg' '(Ljava/util/Collection;)Z' in 'ui/utils/c/a')}
  0x0000018f936be0bc: 8bf0 48bf | 0000 650d | 9001 0000 | 8b76 0849 | ba00 0000 | aa8f 0100 | 0049 03f2 | 483b b740 
  0x0000018f936be0dc: 0100 0075 | 0d48 8387 | 4801 0000 | 01e9 6000 | 0000 483b | b750 0100 | 0075 0d48 | 8387 5801 
  0x0000018f936be0fc: 0000 01e9 | 4a00 0000 | 4883 bf40 | 0100 0000 | 7517 4889 | b740 0100 | 0048 c787 | 4801 0000 
  0x0000018f936be11c: 0100 0000 | e929 0000 | 0048 83bf | 5001 0000 | 0075 1748 | 89b7 5001 | 0000 48c7 | 8758 0100 
  0x0000018f936be13c: 0001 0000 | 00e9 0800 | 0000 4883 | 8730 0100 

  0x0000018f936be14c: ;   {metadata(method data for {method} {0x0000018faa0bc520} 'isEmpty' '()Z' in 'java/util/ArrayList')}
  0x0000018f936be14c: 0001 48be | 0051 28ec | 8f01 0000 | 8bbe cc00 | 0000 83c7 | 0289 becc | 0000 0081 | e7fe ff1f 
  0x0000018f936be16c: 0083 ff00 | 0f84 620f | 0000 8b70 | 1083 fe00 

  0x0000018f936be17c: ;   {metadata(method data for {method} {0x0000018faa0bc520} 'isEmpty' '()Z' in 'java/util/ArrayList')}
  0x0000018f936be17c: 48be 0051 | 28ec 8f01 | 0000 48bf | 1001 0000 | 0000 0000 | 0f85 0a00 | 0000 48bf | 2001 0000 
  0x0000018f936be19c: 0000 0000 | 488b 1c3e | 488d 5b01 | 4889 1c3e | 0f85 1a00 

  0x0000018f936be1b0: ;   {metadata(method data for {method} {0x0000018faa0bc520} 'isEmpty' '()Z' in 'java/util/ArrayList')}
  0x0000018f936be1b0: 0000 48be | 0051 28ec | 8f01 0000 | ff86 3001 | 0000 be01 | 0000 00e9 | 0500 0000 | be00 0000 
  0x0000018f936be1d0: 0083 e601 

  0x0000018f936be1d4: ;   {metadata(method data for {method} {0x0000018fee01f278} 'eg' '(Ljava/util/Collection;)Z' in 'ui/utils/c/a')}
  0x0000018f936be1d4: 83fe 0048 | be00 0065 | 0d90 0100 | 0048 bf78 | 0100 0000 | 0000 000f | 850a 0000 | 0048 bf68 
  0x0000018f936be1f4: 0100 0000 | 0000 0048 | 8b1c 3e48 | 8d5b 0148 | 891c 3e0f | 850a 0000 | 00be 0000 | 0000 e915 
  0x0000018f936be214: ;   {metadata(method data for {method} {0x0000018fee01f278} 'eg' '(Ljava/util/Collection;)Z' in 'ui/utils/c/a')}
  0x0000018f936be214: 0000 0048 | be00 0065 | 0d90 0100 | 00ff 8688 | 0100 00be | 0100 0000 | 83e6 0183 

  0x0000018f936be230: ;   {metadata(method data for {method} {0x000001900ce60918} 'construct' '()Ljava/lang/Object;' in 'ui/views/j/a/a/g/b')}
  0x0000018f936be230: fe00 48be | 00f7 640d | 9001 0000 | 48bf 6801 | 0000 0000 | 0000 0f85 | 0a00 0000 | 48bf 5801 
  0x0000018f936be250: 0000 0000 | 0000 488b | 1c3e 488d | 5b01 4889 | 1c3e 0f85 | 040e 0000 

  0x0000018f936be268: ;   {metadata(method data for {method} {0x000001900ce60918} 'construct' '()Ljava/lang/Object;' in 'ui/views/j/a/a/g/b')}
  0x0000018f936be268: 48be 00f7 | 640d 9001 | 0000 4883 | 8678 0100 

  0x0000018f936be278: ;   {metadata(method data for {method} {0x0000018febccf450} 'gjA' '()J' in 'ui/data/r/e/f')}
  0x0000018f936be278: 0001 48be | f064 fc0c | 9001 0000 | 8bbe cc00 | 0000 83c7 | 0289 becc | 0000 0081 | e7fe ff1f 
  0x0000018f936be298: 0083 ff00 | 0f84 570e 

  0x0000018f936be2a0: ;   {oop(a 'java/lang/Class'{0x00000007026421c0} = 'ui/data/r/e/f')}
  0x0000018f936be2a0: 0000 48be | c021 6402 | 0700 0000 | 0fbe 7674 

  0x0000018f936be2b0: ;   {metadata(method data for {method} {0x0000018febccf450} 'gjA' '()J' in 'ui/data/r/e/f')}
  0x0000018f936be2b0: 83fe 0048 | bef0 64fc | 0c90 0100 | 0048 bf10 | 0100 0000 | 0000 000f | 840a 0000 | 0048 bf20 
  0x0000018f936be2d0: 0100 0000 | 0000 0048 | 8b1c 3e48 | 8d5b 0148 | 891c 3e48 | 8984 24e0 | 0000 000f | 8475 0000 
  0x0000018f936be2f0: ;   {metadata(method data for {method} {0x0000018febccf450} 'gjA' '()J' in 'ui/data/r/e/f')}
  0x0000018f936be2f0: 0048 bef0 | 64fc 0c90 | 0100 0048 | 8386 3001 

  0x0000018f936be300: ;   {metadata(method data for {method} {0x0000018feb691730} 'gjA' '()J' in 'ui/utils/s/d')}
  0x0000018f936be300: 0000 0148 | be40 c203 | ee8f 0100 | 008b becc | 0000 0083 | c702 89be | cc00 0000 | 81e7 feff 
  0x0000018f936be320: 1f00 83ff | 000f 84ef 

  0x0000018f936be328: ;   {metadata(method data for {method} {0x0000018feb691730} 'gjA' '()J' in 'ui/utils/s/d')}
  0x0000018f936be328: 0d00 0048 | be40 c203 | ee8f 0100 | 0048 8386 | 1001 0000 

  0x0000018f936be33c: ;   {runtime_call}
  0x0000018f936be33c: 0148 b840 | 23b2 6efb | 7f00 00ff 

  0x0000018f936be348: ;   {other}
  0x0000018f936be348: d00f 1f84 | 0000 0000 

  0x0000018f936be350: ;   {metadata(method data for {method} {0x0000018febccf450} 'gjA' '()J' in 'ui/data/r/e/f')}
  0x0000018f936be350: 0048 baf0 | 64fc 0c90 | 0100 00ff | 8240 0100 | 00e9 0a00 | 0000 48b8 | 0000 0000 | 0000 0000 
  0x0000018f936be370: 4889 8424 | f000 0000 | 488b 9424 | d800 0000 | 8b72 1c48 | c1e6 038b | 7610 48c1 | e603 483b 
  0x0000018f936be390: 0648 8bfe 

  0x0000018f936be394: ;   {metadata(method data for {method} {0x000001900ce60918} 'construct' '()Ljava/lang/Object;' in 'ui/views/j/a/a/g/b')}
  0x0000018f936be394: 48bb 00f7 | 640d 9001 | 0000 8b7f | 0849 ba00 | 0000 aa8f | 0100 0049 | 03fa 483b | bb98 0100 
  0x0000018f936be3b4: 0075 0d48 | 8383 a001 | 0000 01e9 | 6000 0000 | 483b bba8 | 0100 0075 | 0d48 8383 | b001 0000 
  0x0000018f936be3d4: 01e9 4a00 | 0000 4883 | bb98 0100 | 0000 7517 | 4889 bb98 | 0100 0048 | c783 a001 | 0000 0100 
  0x0000018f936be3f4: 0000 e929 | 0000 0048 | 83bb a801 | 0000 0075 | 1748 89bb | a801 0000 | 48c7 83b0 | 0100 0001 
  0x0000018f936be414: 0000 00e9 | 0800 0000 | 4883 8388 | 0100 0001 

  0x0000018f936be424: ;   {metadata(method data for {method} {0x000001900ccab2b0} 'kVu' '()Z' in 'ui/views/j/a/a/c/a')}
  0x0000018f936be424: 48bf 682d | 630d 9001 | 0000 8b9f | cc00 0000 | 83c3 0289 | 9fcc 0000 | 0081 e3fe | ff1f 0083 
  0x0000018f936be444: fb00 0f84 | f90c 0000 

  0x0000018f936be44c: ;   {metadata(method data for {method} {0x000001900ccab2b0} 'kVu' '()Z' in 'ui/views/j/a/a/c/a')}
  0x0000018f936be44c: 488b fe48 | bb68 2d63 | 0d90 0100 | 008b 7f08 | 49ba 0000 | 00aa 8f01 | 0000 4903 | fa48 3bbb 
  0x0000018f936be46c: 2001 0000 | 750d 4883 | 8328 0100 | 0001 e960 | 0000 0048 | 3bbb 3001 | 0000 750d | 4883 8338 
  0x0000018f936be48c: 0100 0001 | e94a 0000 | 0048 83bb | 2001 0000 | 0075 1748 | 89bb 2001 | 0000 48c7 | 8328 0100 
  0x0000018f936be4ac: 0001 0000 | 00e9 2900 | 0000 4883 | bb30 0100 | 0000 7517 | 4889 bb30 | 0100 0048 | c783 3801 
  0x0000018f936be4cc: 0000 0100 | 0000 e908 | 0000 0048 | 8383 1001 | 0000 0148 | 8bd6 4889 | b424 e800 | 0000 0f1f 
  0x0000018f936be4ec: ;   {optimized virtual_call}
  0x0000018f936be4ec: 4400 00e8 

  0x0000018f936be4f0: ; ImmutableOopMap {[216]=Oop [224]=Oop [232]=Oop }
                      ;*invokevirtual kVt {reexecute=0 rethrow=0 return_oop=0}
                      ; - ui.views.j.a.a.c.a::kVu@1 (line 686)
                      ; - ui.views.j.a.a.g.b::construct@28 (line 116)
  0x0000018f936be4f0: 8c6c 1800 

  0x0000018f936be4f4: ;   {other}
  0x0000018f936be4f4: 0f1f 8400 | e408 0001 

  0x0000018f936be4fc: ;   {metadata(method data for {method} {0x000001900ccab2b0} 'kVu' '()Z' in 'ui/views/j/a/a/c/a')}
  0x0000018f936be4fc: 83f8 0049 | b868 2d63 | 0d90 0100 | 0049 b948 | 0100 0000 | 0000 000f | 850a 0000 | 0049 b958 
  0x0000018f936be51c: 0100 0000 | 0000 004b | 8b3c 0848 | 8d7f 014b | 893c 080f | 8551 0000 | 0048 8bb4 | 24e8 0000 
  0x0000018f936be53c: 0044 8b86 | 2802 0000 | 49c1 e003 

  0x0000018f936be548: ; implicit exception: dispatches to 0x0000018f936bf166
  0x0000018f936be548: 458b 400c | 4183 f828 

  0x0000018f936be550: ;   {metadata(method data for {method} {0x000001900ccab2b0} 'kVu' '()Z' in 'ui/views/j/a/a/c/a')}
  0x0000018f936be550: 49b8 682d | 630d 9001 | 0000 49b9 | 6801 0000 | 0000 0000 | 0f8d 0a00 | 0000 49b9 | 7801 0000 
  0x0000018f936be570: 0000 0000 | 4b8b 3c08 | 488d 7f01 | 4b89 3c08 | 0f8d 1c00 

  0x0000018f936be584: ;   {metadata(method data for {method} {0x000001900ccab2b0} 'kVu' '()Z' in 'ui/views/j/a/a/c/a')}
  0x0000018f936be584: 0000 49b8 | 682d 630d | 9001 0000 | 41ff 8088 | 0100 0041 | b801 0000 | 00e9 0600 | 0000 41b8 
  0x0000018f936be5a4: 0000 0000 | 4183 e001 | 4183 f800 

  0x0000018f936be5b0: ;   {metadata(method data for {method} {0x000001900ce60918} 'construct' '()Ljava/lang/Object;' in 'ui/views/j/a/a/g/b')}
  0x0000018f936be5b0: 49b8 00f7 | 640d 9001 | 0000 49b9 | c001 0000 | 0000 0000 | 0f84 0a00 | 0000 49b9 | d001 0000 
  0x0000018f936be5d0: 0000 0000 | 4b8b 3c08 | 488d 7f01 | 4b89 3c08 | 0f84 6a01 | 0000 488b | 9424 d800 | 0000 8b5a 
  0x0000018f936be5f0: 1c48 c1e3 | 0344 8b43 | 1049 c1e0 | 0349 3b00 

  0x0000018f936be600: ;   {metadata(method data for {method} {0x000001900ce60918} 'construct' '()Ljava/lang/Object;' in 'ui/views/j/a/a/g/b')}
  0x0000018f936be600: 4d8b c848 | bf00 f764 | 0d90 0100 | 0045 8b49 | 0849 ba00 | 0000 aa8f | 0100 004d | 03ca 4c3b 
  0x0000018f936be620: 8ff0 0100 | 0075 0d48 | 8387 f801 | 0000 01e9 | 6000 0000 | 4c3b 8f00 | 0200 0075 | 0d48 8387 
  0x0000018f936be640: 0802 0000 | 01e9 4a00 | 0000 4883 | bff0 0100 | 0000 7517 | 4c89 8ff0 | 0100 0048 | c787 f801 
  0x0000018f936be660: 0000 0100 | 0000 e929 | 0000 0048 | 83bf 0002 | 0000 0075 | 174c 898f | 0002 0000 | 48c7 8708 
  0x0000018f936be680: 0200 0001 | 0000 00e9 | 0800 0000 | 4883 87e0 | 0100 0001 | 418b 9070 | 0200 0048 | c1e2 0348 
  0x0000018f936be6a0: 3b02 4c8b 

  0x0000018f936be6a4: ;   {metadata(method data for {method} {0x000001900ce60918} 'construct' '()Ljava/lang/Object;' in 'ui/views/j/a/a/g/b')}
  0x0000018f936be6a4: c249 b900 | f764 0d90 

  0x0000018f936be6ac: ;   {metadata('ui/data/place/PlaceApi')}
  0x0000018f936be6ac: 0100 0049 | ba60 55b7 | ab8f 0100 | 004d 8991 | 2802 0000 | 4983 8130 | 0200 0001 | 4c8b 8424 
  0x0000018f936be6cc: e000 0000 

  0x0000018f936be6d0: ;   {oop(nullptr)}
  0x0000018f936be6d0: 49b9 0000 | 0000 0000 

  0x0000018f936be6d8: ;   {oop(nullptr)}
  0x0000018f936be6d8: 0000 48bf | 0000 0000 | 0000 0000 | be00 0000 | 00b9 0000 | 0000 4889 | 9c24 f800 

  0x0000018f936be6f4: ;   {optimized virtual_call}
  0x0000018f936be6f4: 0000 90e8 

  0x0000018f936be6f8: ; ImmutableOopMap {[248]=Oop }
                      ;*invokevirtual a {reexecute=0 rethrow=0 return_oop=0}
                      ; - ui.views.j.a.a.g.b::construct@53 (line 117)
  0x0000018f936be6f8: c41b 0c01 

  0x0000018f936be6fc: ;   {other}
  0x0000018f936be6fc: 0f1f 8400 | ec0a 0002 | 450f be47 | 4041 83f8 | 0048 8b9c | 24f8 0000 | 000f 855f | 0a00 004c 
  0x0000018f936be71c: 8bd0 49c1 | ea03 4489 | 531c 4c8b | c34c 33c0 | 49c1 e815 | 4983 f800 | 0f85 600a 

  0x0000018f936be738: ;   {metadata(method data for {method} {0x000001900ce60918} 'construct' '()Ljava/lang/Object;' in 'ui/views/j/a/a/g/b')}
  0x0000018f936be738: 0000 49b8 | 00f7 640d | 9001 0000 | 41ff 8050 | 0200 00e9 | 4901 0000 | 488b 8424 | e000 0000 
  0x0000018f936be758: 488b 9424 | d800 0000 | 8b72 1c48 | c1e6 0344 | 8b46 1049 | c1e0 0349 | 3b00 4d8b 

  0x0000018f936be774: ;   {metadata(method data for {method} {0x000001900ce60918} 'construct' '()Ljava/lang/Object;' in 'ui/views/j/a/a/g/b')}
  0x0000018f936be774: c848 bf00 | f764 0d90 | 0100 0045 | 8b49 0849 | ba00 0000 | aa8f 0100 | 004d 03ca | 4c3b 8f78 
  0x0000018f936be794: 0200 0075 | 0d48 8387 | 8002 0000 | 01e9 6000 | 0000 4c3b | 8f88 0200 | 0075 0d48 | 8387 9002 
  0x0000018f936be7b4: 0000 01e9 | 4a00 0000 | 4883 bf78 | 0200 0000 | 7517 4c89 | 8f78 0200 | 0048 c787 | 8002 0000 
  0x0000018f936be7d4: 0100 0000 | e929 0000 | 0048 83bf | 8802 0000 | 0075 174c | 898f 8802 | 0000 48c7 | 8790 0200 
  0x0000018f936be7f4: 0001 0000 | 00e9 0800 | 0000 4883 | 8768 0200 | 0001 418b | 9070 0200 | 0048 c1e2 | 0348 3b02 
  0x0000018f936be814: ;   {metadata(method data for {method} {0x000001900ce60918} 'construct' '()Ljava/lang/Object;' in 'ui/views/j/a/a/g/b')}
  0x0000018f936be814: 4c8b c249 | b900 f764 | 0d90 0100 

  0x0000018f936be820: ;   {metadata('ui/data/place/PlaceApi')}
  0x0000018f936be820: 0049 ba60 | 55b7 ab8f | 0100 004d | 8991 b002 | 0000 4983 | 81b8 0200 | 0001 4c8b 

  0x0000018f936be83c: ;   {oop(nullptr)}
  0x0000018f936be83c: c049 b900 | 0000 0000 | 0000 00bf | 0000 0000 | 4889 b424 | 0001 0000 

  0x0000018f936be854: ;   {optimized virtual_call}
  0x0000018f936be854: 6666 90e8 

  0x0000018f936be858: ; ImmutableOopMap {[256]=Oop }
                      ;*invokevirtual a {reexecute=0 rethrow=0 return_oop=0}
                      ; - ui.views.j.a.a.g.b::construct@79 (line 120)
  0x0000018f936be858: 2402 2a07 

  0x0000018f936be85c: ;   {other}
  0x0000018f936be85c: 0f1f 8400 | 4c0c 0003 | 410f be77 | 4083 fe00 | 488b b424 | 0001 0000 | 0f85 4709 | 0000 4c8b 
  0x0000018f936be87c: d049 c1ea | 0344 8956 | 2048 8bfe | 4833 f848 | c1ef 1548 | 83ff 000f | 8547 0900 

  0x0000018f936be898: ;   {metadata(method data for {method} {0x000001900ce60918} 'construct' '()Ljava/lang/Object;' in 'ui/views/j/a/a/g/b')}
  0x0000018f936be898: 0048 be00 | f764 0d90 | 0100 0048 | 8386 d802 

  0x0000018f936be8a8: ;   {metadata(method data for {method} {0x0000018febccf668} 'a' '(Ljava/lang/String;JF)V' in 'ui/data/r/e/f')}
  0x0000018f936be8a8: 0000 0148 | be18 6ffc | 0c90 0100 | 008b becc | 0000 0083 | c702 89be | cc00 0000 | 81e7 feff 
  0x0000018f936be8c8: 1f00 83ff | 000f 8425 

  0x0000018f936be8d0: ;   {oop(a 'java/lang/Class'{0x00000007026421c0} = 'ui/data/r/e/f')}
  0x0000018f936be8d0: 0900 0048 | bec0 2164 | 0207 0000 | 000f be76 | 7483 fe00 

  0x0000018f936be8e4: ;   {metadata(method data for {method} {0x0000018febccf668} 'a' '(Ljava/lang/String;JF)V' in 'ui/data/r/e/f')}
  0x0000018f936be8e4: 48bf 186f | fc0c 9001 | 0000 48bb | 2001 0000 | 0000 0000 | 0f84 0a00 | 0000 48bb | 1001 0000 
  0x0000018f936be904: 0000 0000 | 488b 041f | 488d 4001 | 4889 041f | 0f84 3207 | 0000 89b4 | 2408 0100 

  0x0000018f936be920: ;   {metadata(method data for {method} {0x0000018febccf668} 'a' '(Ljava/lang/String;JF)V' in 'ui/data/r/e/f')}
  0x0000018f936be920: 0048 bf18 | 6ffc 0c90 | 0100 0048 | 8387 3001 

  0x0000018f936be930: ;   {metadata(method data for {method} {0x0000018feb691110} 'eU' '(J)F' in 'ui/utils/s/d')}
  0x0000018f936be930: 0000 0148 | bf30 71fc | 0c90 0100 | 008b 9fcc | 0000 0083 | c302 899f | cc00 0000 | 81e3 feff 
  0x0000018f936be950: 1f00 83fb | 000f 84be 

  0x0000018f936be958: ;   {metadata(method data for {method} {0x0000018feb691110} 'eU' '(J)F' in 'ui/utils/s/d')}
  0x0000018f936be958: 0800 0048 | bf30 71fc | 0c90 0100 | 0048 8387 | 1001 0000 

  0x0000018f936be96c: ;   {metadata(method data for {method} {0x0000018feb691730} 'gjA' '()J' in 'ui/utils/s/d')}
  0x0000018f936be96c: 0148 bf40 | c203 ee8f | 0100 008b | 9fcc 0000 | 0083 c302 | 899f cc00 | 0000 81e3 | feff 1f00 
  0x0000018f936be98c: 83fb 000f | 84a5 0800 

  0x0000018f936be994: ;   {metadata(method data for {method} {0x0000018feb691730} 'gjA' '()J' in 'ui/utils/s/d')}
  0x0000018f936be994: 0048 bf40 | c203 ee8f | 0100 0048 | 8387 1001 

  0x0000018f936be9a4: ;   {runtime_call}
  0x0000018f936be9a4: 0000 0148 | b840 23b2 | 6efb 7f00 

  0x0000018f936be9b0: ;   {other}
  0x0000018f936be9b0: 00ff d00f | 1f84 0000 | 0000 0048 | 8bb4 24f0 | 0000 0048 | 2bc6 c4e1 

  0x0000018f936be9c8: ;   {section_word}
  0x0000018f936be9c8: fa2a c0c5 | fa5e 05ad 

  0x0000018f936be9d0: ;   {section_word}
  0x0000018f936be9d0: f5ff ffc5 | fa10 0da9 | f5ff ffc5 | f82e c1bf | 0100 0000 | 0f8a 1300 | 0000 0f87 | 0d00 0000 
  0x0000018f936be9f0: bf00 0000 | 000f 8402 | 0000 00ff | cf83 ff00 

  0x0000018f936bea00: ;   {metadata(method data for {method} {0x0000018febccf668} 'a' '(Ljava/lang/String;JF)V' in 'ui/data/r/e/f')}
  0x0000018f936bea00: 48bf 186f | fc0c 9001 | 0000 48bb | 5001 0000 | 0000 0000 | 0f8c 0a00 | 0000 48bb | 4001 0000 
  0x0000018f936bea20: 0000 0000 | 488b 041f | 488d 4001 | 4889 041f | 0f8c 1606 | 0000 8bbc | 2408 0100 

  0x0000018f936bea3c: ;   {metadata(method data for {method} {0x0000018febccf668} 'a' '(Ljava/lang/String;JF)V' in 'ui/data/r/e/f')}
  0x0000018f936bea3c: 0048 bb18 | 6ffc 0c90 | 0100 0048 | 8383 6001 

  0x0000018f936bea4c: ;   {metadata(method data for {method} {0x0000018febccfc98} 'dz' '(J)Ljava/lang/String;' in 'ui/data/r/e/f')}
  0x0000018f936bea4c: 0000 0148 | bb98 72fc | 0c90 0100 | 008b 83cc | 0000 0083 | c002 8983 | cc00 0000 | 25fe ff1f 
  0x0000018f936bea6c: 0083 f800 | 0f84 e507 | 0000 83ff 

  0x0000018f936bea78: ;   {metadata(method data for {method} {0x0000018febccfc98} 'dz' '(J)Ljava/lang/String;' in 'ui/data/r/e/f')}
  0x0000018f936bea78: 0048 bf98 | 72fc 0c90 | 0100 0048 | bb10 0100 | 0000 0000 | 000f 840a | 0000 0048 | bb20 0100 
  0x0000018f936bea98: 0000 0000 | 0048 8b04 | 1f48 8d40 | 0148 8904 | 1f0f 8427 | 0500 0048 | 89b4 24f0 

  0x0000018f936beab4: ;   {metadata(method data for {method} {0x0000018febccfc98} 'dz' '(J)Ljava/lang/String;' in 'ui/data/r/e/f')}
  0x0000018f936beab4: 0000 0048 | be98 72fc | 0c90 0100 | 0048 8386 | 3001 0000 

  0x0000018f936beac8: ;   {metadata(method data for {method} {0x0000018feb691110} 'eU' '(J)F' in 'ui/utils/s/d')}
  0x0000018f936beac8: 0148 be30 | 71fc 0c90 | 0100 008b | becc 0000 | 0083 c702 | 89be cc00 | 0000 81e7 | feff 1f00 
  0x0000018f936beae8: 83ff 000f | 848b 0700 

  0x0000018f936beaf0: ;   {metadata(method data for {method} {0x0000018feb691110} 'eU' '(J)F' in 'ui/utils/s/d')}
  0x0000018f936beaf0: 0048 be30 | 71fc 0c90 | 0100 0048 | 8386 1001 

  0x0000018f936beb00: ;   {metadata(method data for {method} {0x0000018feb691730} 'gjA' '()J' in 'ui/utils/s/d')}
  0x0000018f936beb00: 0000 0148 | be40 c203 | ee8f 0100 | 008b becc | 0000 0083 | c702 89be | cc00 0000 | 81e7 feff 
  0x0000018f936beb20: 1f00 83ff | 000f 8472 

  0x0000018f936beb28: ;   {metadata(method data for {method} {0x0000018feb691730} 'gjA' '()J' in 'ui/utils/s/d')}
  0x0000018f936beb28: 0700 0048 | be40 c203 | ee8f 0100 | 0048 8386 | 1001 0000 

  0x0000018f936beb3c: ;   {runtime_call}
  0x0000018f936beb3c: 0148 b840 | 23b2 6efb | 7f00 00ff 

  0x0000018f936beb48: ;   {other}
  0x0000018f936beb48: d00f 1f84 | 0000 0000 

  0x0000018f936beb50: ;   {metadata(method data for {method} {0x0000018febccfc98} 'dz' '(J)Ljava/lang/String;' in 'ui/data/r/e/f')}
  0x0000018f936beb50: 0048 ba98 | 72fc 0c90 | 0100 0048 | 8382 4001 | 0000 0148 | 8b94 24f0 | 0000 0048 | 2bc2 c4e1 
  0x0000018f936beb70: ;   {section_word}
  0x0000018f936beb70: fa2a c0c5 | fa5e 050d 

  0x0000018f936beb78: ;   {metadata(method data for {method} {0x0000018febf04000} 'F' '(F)F' in 'ui/utils/s')}
  0x0000018f936beb78: f4ff ff48 | ba68 74fc | 0c90 0100 | 008b b2cc | 0000 0083 | c602 89b2 | cc00 0000 | 81e6 feff 
  0x0000018f936beb98: 1f00 83fe | 000f 841b 

  0x0000018f936beba0: ;   {metadata(method data for {method} {0x0000018febf04000} 'F' '(F)F' in 'ui/utils/s')}
  0x0000018f936beba0: 0700 0048 | ba68 74fc | 0c90 0100 | 0048 8382 | 1001 0000 

  0x0000018f936bebb4: ;   {metadata(method data for {method} {0x0000018febf04150} 'G' '(F)Ljava/lang/String;' in 'ui/utils/s')}
  0x0000018f936bebb4: 0148 ba10 | 76fc 0c90 | 0100 008b | b2cc 0000 | 0083 c602 | 89b2 cc00 | 0000 81e6 | feff 1f00 
  0x0000018f936bebd4: 83fe 000f | 8402 0700 

  0x0000018f936bebdc: ;   {metadata('java/text/DecimalFormat')}
  0x0000018f936bebdc: 0048 ba48 | e228 aa8f | 0100 0049 | 8b87 b801 | 0000 488d | b890 0000 | 0049 3bbf | c801 0000 
  0x0000018f936bebfc: 0f87 fe06 | 0000 4989 | bfb8 0100 | 0048 c700 | 0100 0000 | 488b ca49 | ba00 0000 | aa8f 0100 
  0x0000018f936bec1c: 0049 2bca | 8948 0848 | 33c9 8948 | 0c48 33c9 | 48bf 1000 | 0000 0000 | 0000 4889 | 4cf8 0848 
  0x0000018f936bec3c: ffcf 75f6 

  0x0000018f936bec40: ;   {metadata(method data for {method} {0x0000018febf04150} 'G' '(F)Ljava/lang/String;' in 'ui/utils/s')}
  0x0000018f936bec40: 4c8b c048 | ba10 76fc | 0c90 0100 | 0048 8382 | 1001 0000 

  0x0000018f936bec54: ;   {oop("#.#"{0x00000007056d0740})}
  0x0000018f936bec54: 0149 b840 | 076d 0507 | 0000 0048 | 8bd0 4889 | 8424 1001 | 0000 c5fa | 1184 240c | 0100 000f 
  0x0000018f936bec74: ;   {optimized virtual_call}
  0x0000018f936bec74: 1f40 00e8 

  0x0000018f936bec78: ; ImmutableOopMap {[272]=Oop }
                      ;*invokespecial <init> {reexecute=0 rethrow=0 return_oop=0}
                      ; - ui.utils.s::G@6 (line 367)
                      ; - ui.utils.s::F@1 (line 358)
                      ; - ui.data.r.e.f::dz@10 (line 281)
                      ; - ui.data.r.e.f::a@19 (line 217)
                      ; - ui.views.j.a.a.g.b::construct@90 (line 122)
  0x0000018f936bec78: 04fe 2907 

  0x0000018f936bec7c: ;   {other}
  0x0000018f936bec7c: 0f1f 8400 | 6c10 0004 | 488b 8424 | 1001 0000 

  0x0000018f936bec8c: ;   {metadata(method data for {method} {0x0000018febf04150} 'G' '(F)Ljava/lang/String;' in 'ui/utils/s')}
  0x0000018f936bec8c: 48ba 1076 | fc0c 9001 | 0000 4883 | 8220 0100 | 0001 c5fa | 1084 240c | 0100 00c5 | fa5a c048 
  0x0000018f936becac: 8b94 2410 | 0100 000f 

  0x0000018f936becb4: ;   {optimized virtual_call}
  0x0000018f936becb4: 1f40 00e8 

  0x0000018f936becb8: ; ImmutableOopMap {}
                      ;*invokevirtual format {reexecute=0 rethrow=0 return_oop=0}
                      ; - ui.utils.s::G@13 (line 368)
                      ; - ui.utils.s::F@1 (line 358)
                      ; - ui.data.r.e.f::dz@10 (line 281)
                      ; - ui.data.r.e.f::a@19 (line 217)
                      ; - ui.views.j.a.a.g.b::construct@90 (line 122)
  0x0000018f936becb8: c4fd 2907 

  0x0000018f936becbc: ;   {other}
  0x0000018f936becbc: 0f1f 8400 | ac10 0005 

  0x0000018f936becc4: ;   {metadata(method data for {method} {0x0000018febf04000} 'F' '(F)F' in 'ui/utils/s')}
  0x0000018f936becc4: 488b d848 | ba68 74fc | 0c90 0100 | 0048 8382 | 2001 0000 

  0x0000018f936becd8: ;   {metadata(method data for {method} {0x0000018faa032108} 'valueOf' '(Ljava/lang/String;)Ljava/lang/Float;' in 'java/lang/Float')}
  0x0000018f936becd8: 0148 ba98 | efe2 eb8f | 0100 008b | b2cc 0000 | 0083 c602 | 89b2 cc00 | 0000 81e6 | feff 1f00 
  0x0000018f936becf8: 83fe 000f | 840c 0600 

  0x0000018f936bed00: ;   {metadata('java/lang/Float')}
  0x0000018f936bed00: 0048 bad8 | 0e03 aa8f | 0100 0049 | 8b87 b801 | 0000 488d | 7810 493b | bfc8 0100 | 000f 870b 
  0x0000018f936bed20: 0600 0049 | 89bf b801 | 0000 48c7 | 0001 0000 | 0048 8bca | 49ba 0000 | 00aa 8f01 | 0000 492b 
  0x0000018f936bed40: ca89 4808 | 4833 c989 | 480c 4833 

  0x0000018f936bed4c: ;   {metadata(method data for {method} {0x0000018faa032108} 'valueOf' '(Ljava/lang/String;)Ljava/lang/Float;' in 'java/lang/Float')}
  0x0000018f936bed4c: c948 ba98 | efe2 eb8f | 0100 0048 | 8382 1001 

  0x0000018f936bed5c: ;   {metadata(method data for {method} {0x0000018faa0323c8} 'parseFloat' '(Ljava/lang/String;)F' in 'java/lang/Float')}
  0x0000018f936bed5c: 0000 0148 | ba88 c5e2 | eb8f 0100 | 008b b2cc | 0000 0083 | c602 89b2 | cc00 0000 | 81e6 feff 
  0x0000018f936bed7c: 1f00 83fe | 000f 84b4 

  0x0000018f936bed84: ;   {metadata(method data for {method} {0x0000018faa0323c8} 'parseFloat' '(Ljava/lang/String;)F' in 'java/lang/Float')}
  0x0000018f936bed84: 0500 0048 | ba88 c5e2 | eb8f 0100 | 0048 8382 | 1001 0000 

  0x0000018f936bed98: ;   {metadata(method data for {method} {0x0000018feb36de50} 'parseFloat' '(Ljava/lang/String;)F' in 'jdk/internal/math/FloatingDecimal')}
  0x0000018f936bed98: 0148 baf0 | c3e2 eb8f | 0100 008b | b2cc 0000 | 0083 c602 | 89b2 cc00 | 0000 81e6 | feff 1f00 
  0x0000018f936bedb8: 83fe 000f | 849b 0500 

  0x0000018f936bedc0: ;   {metadata(method data for {method} {0x0000018feb36de50} 'parseFloat' '(Ljava/lang/String;)F' in 'jdk/internal/math/FloatingDecimal')}
  0x0000018f936bedc0: 0048 baf0 | c3e2 eb8f | 0100 0048 | 8382 1001 | 0000 0148 | 8bd3 4889 | 8424 1801 

  0x0000018f936beddc: ;   {static_call}
  0x0000018f936beddc: 0000 90e8 

  0x0000018f936bede0: ; ImmutableOopMap {[280]=Oop }
                      ;*invokestatic readJavaFormatString {reexecute=0 rethrow=0 return_oop=0}
                      ; - jdk.internal.math.FloatingDecimal::parseFloat@1 (line 122)
                      ; - java.lang.Float::parseFloat@1 (line 556)
                      ; - java.lang.Float::valueOf@5 (line 520)
                      ; - ui.utils.s::F@4 (line 358)
                      ; - ui.data.r.e.f::dz@10 (line 281)
                      ; - ui.data.r.e.f::a@19 (line 217)
                      ; - ui.views.j.a.a.g.b::construct@90 (line 122)
  0x0000018f936bede0: 9c02 2a07 

  0x0000018f936bede4: ;   {other}
  0x0000018f936bede4: 0f1f 8400 | d411 0006 

  0x0000018f936bedec: ; implicit exception: dispatches to 0x0000018f936bf37d
  0x0000018f936bedec: 483b 0048 

  0x0000018f936bedf0: ;   {metadata(method data for {method} {0x0000018feb36de50} 'parseFloat' '(Ljava/lang/String;)F' in 'jdk/internal/math/FloatingDecimal')}
  0x0000018f936bedf0: 8bd0 48be | f0c3 e2eb | 8f01 0000 | 8b52 0849 | ba00 0000 | aa8f 0100 | 0049 03d2 | 483b 9630 
  0x0000018f936bee10: 0100 0075 | 0d48 8386 | 3801 0000 | 01e9 6000 | 0000 483b | 9640 0100 | 0075 0d48 | 8386 4801 
  0x0000018f936bee30: 0000 01e9 | 4a00 0000 | 4883 be30 | 0100 0000 | 7517 4889 | 9630 0100 | 0048 c786 | 3801 0000 
  0x0000018f936bee50: 0100 0000 | e929 0000 | 0048 83be | 4001 0000 | 0075 1748 | 8996 4001 | 0000 48c7 | 8648 0100 
  0x0000018f936bee70: 0001 0000 | 00e9 0800 | 0000 4883 | 8620 0100 | 0001 488b | d048 b8ff | ffff ffff 

  0x0000018f936bee8c: ;   {virtual_call}
  0x0000018f936bee8c: ffff ffe8 

  0x0000018f936bee90: ; ImmutableOopMap {[280]=Oop }
                      ;*invokeinterface floatValue {reexecute=0 rethrow=0 return_oop=0}
                      ; - jdk.internal.math.FloatingDecimal::parseFloat@4 (line 122)
                      ; - java.lang.Float::parseFloat@1 (line 556)
                      ; - java.lang.Float::valueOf@5 (line 520)
                      ; - ui.utils.s::F@4 (line 358)
                      ; - ui.data.r.e.f::dz@10 (line 281)
                      ; - ui.data.r.e.f::a@19 (line 217)
                      ; - ui.views.j.a.a.g.b::construct@90 (line 122)
  0x0000018f936bee90: ecfe 2907 

  0x0000018f936bee94: ;   {other}
  0x0000018f936bee94: 0f1f 8400 | 8412 0007 | 488b 8424 | 1801 0000 

  0x0000018f936beea4: ;   {metadata(method data for {method} {0x0000018faa032108} 'valueOf' '(Ljava/lang/String;)Ljava/lang/Float;' in 'java/lang/Float')}
  0x0000018f936beea4: 48ba 98ef | e2eb 8f01 | 0000 4883 | 8220 0100 

  0x0000018f936beeb4: ;   {metadata(method data for {method} {0x0000018faa031ab8} '<init>' '(F)V' in 'java/lang/Float')}
  0x0000018f936beeb4: 0001 48ba | d04d 98eb | 8f01 0000 | 8bb2 cc00 | 0000 83c6 | 0289 b2cc | 0000 0081 | e6fe ff1f 
  0x0000018f936beed4: 0083 fe00 | 0f84 a404 | 0000 488b | 8424 1801 

  0x0000018f936beee4: ;   {metadata(method data for {method} {0x0000018faa031ab8} '<init>' '(F)V' in 'java/lang/Float')}
  0x0000018f936beee4: 0000 48ba | d04d 98eb | 8f01 0000 | 4883 8210 | 0100 0001 

  0x0000018f936beef8: ;   {metadata(method data for {method} {0x0000018faa41cf90} '<init>' '()V' in 'java/lang/Number')}
  0x0000018f936beef8: 48ba b042 | 04eb 8f01 | 0000 8bb2 | cc00 0000 | 83c6 0289 | b2cc 0000 | 0081 e6fe | ff1f 0083 
  0x0000018f936bef18: fe00 0f84 | 8304 0000 | 488b 8424 | 1801 0000 

  0x0000018f936bef28: ;   {metadata(method data for {method} {0x0000018faa41cf90} '<init>' '()V' in 'java/lang/Number')}
  0x0000018f936bef28: 48ba b042 | 04eb 8f01 | 0000 4883 | 8210 0100 

  0x0000018f936bef38: ;   {metadata(method data for {method} {0x0000018faa479fd0} '<init>' '()V' in 'java/lang/Object')}
  0x0000018f936bef38: 0001 48ba | 5075 00eb | 8f01 0000 | 8bb2 cc00 | 0000 83c6 | 0289 b2cc | 0000 0081 | e6fe ff1f 
  0x0000018f936bef58: 0083 fe00 | 0f84 6204 | 0000 488b | 8424 1801 | 0000 c5fa 

  0x0000018f936bef6c: ;   {metadata(method data for {method} {0x0000018febf04000} 'F' '(F)F' in 'ui/utils/s')}
  0x0000018f936bef6c: 1140 0c48 | ba68 74fc | 0c90 0100 | 0048 8382 | 3001 0000 | 010f 1f80 | 0000 0000 

  0x0000018f936bef88: ;   {no_reloc}
  0x0000018f936bef88: e967 0400 | 0090 9090 | 9090 0f1f 

  0x0000018f936bef94: ;   {static_call}
  0x0000018f936bef94: 4400 00e8 

  0x0000018f936bef98: ; ImmutableOopMap {}
                      ;*invokedynamic {reexecute=0 rethrow=0 return_oop=0}
                      ; - ui.data.r.e.f::dz@13 (line 281)
                      ; - ui.data.r.e.f::a@19 (line 217)
                      ; - ui.views.j.a.a.g.b::construct@90 (line 122)
  0x0000018f936bef98: e400 2a07 

  0x0000018f936bef9c: ;   {other}
  0x0000018f936bef9c: 0f1f 8400 | 8c13 0008 

  0x0000018f936befa4: ;   {metadata(method data for {method} {0x0000018febccfc98} 'dz' '(J)Ljava/lang/String;' in 'ui/data/r/e/f')}
  0x0000018f936befa4: 48ba 9872 | fc0c 9001 | 0000 488d | 9260 0100 | 004c 8bc0 | 4d85 c075 | 0448 830a 

  0x0000018f936befc0: ;   {metadata(method data for {method} {0x0000018febccfc98} 'dz' '(J)Ljava/lang/String;' in 'ui/data/r/e/f')}
  0x0000018f936befc0: 0148 ba98 | 72fc 0c90 | 0100 00ff | 8270 0100 | 00e9 0a00 

  0x0000018f936befd4: ;   {oop(""{0x0000000701f7b1b8})}
  0x0000018f936befd4: 0000 48b8 | b8b1 f701 | 0700 0000 

  0x0000018f936befe0: ;   {no_reloc}
  0x0000018f936befe0: e928 0400 | 0090 9090 

  0x0000018f936befe8: ;   {oop("GUI.FedAbstractViewPainter.prepareDraw:"{0x000000070683d558})}
  0x0000018f936befe8: 9090 48ba | 58d5 8306 | 0700 0000 

  0x0000018f936beff4: ;   {static_call}
  0x0000018f936beff4: 4c8b c0e8 

  0x0000018f936beff8: ; ImmutableOopMap {}
                      ;*invokedynamic {reexecute=0 rethrow=0 return_oop=0}
                      ; - ui.data.r.e.f::a@22 (line 217)
                      ; - ui.views.j.a.a.g.b::construct@90 (line 122)
  0x0000018f936beff8: 8400 2a07 

  0x0000018f936beffc: ;   {other}
  0x0000018f936beffc: 0f1f 8400 | ec13 0009 

  0x0000018f936bf004: ;   {metadata(method data for {method} {0x0000018febccf668} 'a' '(Ljava/lang/String;JF)V' in 'ui/data/r/e/f')}
  0x0000018f936bf004: 48ba 186f | fc0c 9001 | 0000 488d | 92a0 0100 | 004c 8bc0 | 4d85 c075 | 0448 830a 

  0x0000018f936bf020: ;   {metadata(method data for {method} {0x0000018febccf668} 'a' '(Ljava/lang/String;JF)V' in 'ui/data/r/e/f')}
  0x0000018f936bf020: 0148 ba18 | 6ffc 0c90 | 0100 0048 | 8382 b001 | 0000 0148 | 8bd0 41b8 | 0000 0000 

  0x0000018f936bf03c: ;   {static_call}
  0x0000018f936bf03c: 6666 90e8 

  0x0000018f936bf040: ; ImmutableOopMap {}
                      ;*invokestatic ao {reexecute=0 rethrow=0 return_oop=0}
                      ; - ui.data.r.e.f::a@28 (line 217)
                      ; - ui.views.j.a.a.g.b::construct@90 (line 122)
  0x0000018f936bf040: 3c00 2a07 

  0x0000018f936bf044: ;   {other}
  0x0000018f936bf044: 0f1f 8400 | 3414 000a 

  0x0000018f936bf04c: ;   {oop(nullptr)}
  0x0000018f936bf04c: 48b8 0000 | 0000 0000 | 0000 4881 | c430 0100 

  0x0000018f936bf05c: ;   {poll_return}
  0x0000018f936bf05c: 005d 493b | a750 0400 | 000f 87ac | 0300 00c3 

  0x0000018f936bf06c: ;   {oop(nullptr)}
  0x0000018f936bf06c: 48b8 0000 | 0000 0000 | 0000 4881 | c430 0100 

  0x0000018f936bf07c: ;   {poll_return}
  0x0000018f936bf07c: 005d 493b | a750 0400 | 000f 87a2 | 0300 00c3 

  0x0000018f936bf08c: ;   {metadata({method} {0x000001900ce60918} 'construct' '()Ljava/lang/Object;' in 'ui/views/j/a/a/g/b')}
  0x0000018f936bf08c: 49ba 1009 | e60c 9001 | 0000 4c89 | 5424 0848 | c704 24ff 

  0x0000018f936bf0a0: ;   {runtime_call counter_overflow Runtime1 stub}
  0x0000018f936bf0a0: ffff ffe8 

  0x0000018f936bf0a4: ; ImmutableOopMap {rdx=Oop [216]=Oop }
                      ;*synchronization entry
                      ; - ui.views.j.a.a.g.b::construct@-1 (line 110)
  0x0000018f936bf0a4: d8e9 3607 | e962 efff 

  0x0000018f936bf0ac: ;   {runtime_call throw_null_pointer_exception Runtime1 stub}
  0x0000018f936bf0ac: ffe8 ce98 

  0x0000018f936bf0b0: ; ImmutableOopMap {rdx=Oop rsi=Oop [216]=Oop }
                      ;*invokevirtual kYS {reexecute=0 rethrow=0 return_oop=0}
                      ; - ui.views.j.a.a.g.b::construct@4 (line 110)
                      ;   {metadata({method} {0x0000018fee01f278} 'eg' '(Ljava/util/Collection;)Z' in 'ui/utils/c/a')}
  0x0000018f936bf0b0: 3607 49ba | 70f2 01ee | 8f01 0000 | 4c89 5424 | 0848 c704 | 24ff ffff 

  0x0000018f936bf0c8: ;   {runtime_call counter_overflow Runtime1 stub}
  0x0000018f936bf0c8: ffe8 b2e9 

  0x0000018f936bf0cc: ; ImmutableOopMap {rax=Oop [216]=Oop }
                      ;*synchronization entry
                      ; - ui.utils.c.a::eg@-1 (line 802)
                      ; - ui.views.j.a.a.g.b::construct@9 (line 111)
  0x0000018f936bf0cc: 3607 e9ab 

  0x0000018f936bf0d0: ;   {runtime_call throw_null_pointer_exception Runtime1 stub}
  0x0000018f936bf0d0: efff ffe8 

  0x0000018f936bf0d4: ; ImmutableOopMap {rax=Oop [216]=Oop }
                      ;*invokeinterface isEmpty {reexecute=0 rethrow=0 return_oop=0}
                      ; - ui.utils.c.a::eg@5 (line 802)
                      ; - ui.views.j.a.a.g.b::construct@9 (line 111)
  0x0000018f936bf0d4: a898 3607 

  0x0000018f936bf0d8: ;   {metadata({method} {0x0000018faa0bc520} 'isEmpty' '()Z' in 'java/util/ArrayList')}
  0x0000018f936bf0d8: 49ba 18c5 | 0baa 8f01 | 0000 4c89 | 5424 0848 | c704 24ff 

  0x0000018f936bf0ec: ;   {runtime_call counter_overflow Runtime1 stub}
  0x0000018f936bf0ec: ffff ffe8 

  0x0000018f936bf0f0: ; ImmutableOopMap {rax=Oop [216]=Oop }
                      ;*synchronization entry
                      ; - java.util.ArrayList::isEmpty@-1 (line 262)
                      ; - ui.utils.c.a::eg@5 (line 802)
                      ; - ui.views.j.a.a.g.b::construct@9 (line 111)
  0x0000018f936bf0f0: 8ce9 3607 | e97d f0ff 

  0x0000018f936bf0f8: ;   {metadata({method} {0x0000018febccf450} 'gjA' '()J' in 'ui/data/r/e/f')}
  0x0000018f936bf0f8: ff49 ba48 | f4cc eb8f | 0100 004c | 8954 2408 | 48c7 0424 | ffff ffff 

  0x0000018f936bf110: ;   {runtime_call counter_overflow Runtime1 stub}
  0x0000018f936bf110: e86b e936 

  0x0000018f936bf114: ; ImmutableOopMap {rax=Oop [216]=Oop }
                      ;*synchronization entry
                      ; - ui.data.r.e.f::gjA@-1 (line 199)
                      ; - ui.views.j.a.a.g.b::construct@17 (line 114)
  0x0000018f936bf114: 07e9 88f1 

  0x0000018f936bf118: ;   {metadata({method} {0x0000018feb691730} 'gjA' '()J' in 'ui/utils/s/d')}
  0x0000018f936bf118: ffff 49ba | 2817 69eb | 8f01 0000 | 4c89 5424 | 0848 c704 | 24ff ffff 

  0x0000018f936bf130: ;   {runtime_call counter_overflow Runtime1 stub}
  0x0000018f936bf130: ffe8 4ae9 

  0x0000018f936bf134: ; ImmutableOopMap {[216]=Oop [224]=Oop }
                      ;*synchronization entry
                      ; - ui.utils.s.d::gjA@-1 (line 380)
                      ; - ui.data.r.e.f::gjA@6 (line 199)
                      ; - ui.views.j.a.a.g.b::construct@17 (line 114)
  0x0000018f936bf134: 3607 e9f0 

  0x0000018f936bf138: ;   {runtime_call throw_null_pointer_exception Runtime1 stub}
  0x0000018f936bf138: f1ff ffe8 

  0x0000018f936bf13c: ; ImmutableOopMap {rdx=Oop [216]=Oop [224]=Oop }
                      ;*getfield vIF {reexecute=1 rethrow=0 return_oop=0}
                      ; - (reexecute) ui.views.j.a.a.g.b::construct@25 (line 116)
  0x0000018f936bf13c: 4098 3607 

  0x0000018f936bf140: ;   {runtime_call throw_null_pointer_exception Runtime1 stub}
  0x0000018f936bf140: e83b 9836 

  0x0000018f936bf144: ; ImmutableOopMap {rdx=Oop rsi=Oop [216]=Oop [224]=Oop }
                      ;*invokevirtual kVu {reexecute=0 rethrow=0 return_oop=0}
                      ; - ui.views.j.a.a.g.b::construct@28 (line 116)
                      ;   {metadata({method} {0x000001900ccab2b0} 'kVu' '()Z' in 'ui/views/j/a/a/c/a')}
  0x0000018f936bf144: 0749 baa8 | b2ca 0c90 | 0100 004c | 8954 2408 | 48c7 0424 | ffff ffff 

  0x0000018f936bf15c: ;   {runtime_call counter_overflow Runtime1 stub}
  0x0000018f936bf15c: e81f e936 

  0x0000018f936bf160: ; ImmutableOopMap {rdx=Oop rsi=Oop [216]=Oop [224]=Oop }
                      ;*synchronization entry
                      ; - ui.views.j.a.a.c.a::kVu@-1 (line 686)
                      ; - ui.views.j.a.a.g.b::construct@28 (line 116)
  0x0000018f936bf160: 07e9 e6f2 

  0x0000018f936bf164: ;   {runtime_call throw_null_pointer_exception Runtime1 stub}
  0x0000018f936bf164: ffff e815 

  0x0000018f936bf168: ; ImmutableOopMap {[216]=Oop [224]=Oop }
                      ;*getfield hpt {reexecute=1 rethrow=0 return_oop=0}
                      ; - (reexecute) ui.views.j.a.a.c.a::kVu@11 (line 686)
                      ; - ui.views.j.a.a.g.b::construct@28 (line 116)
                      ;   {runtime_call throw_null_pointer_exception Runtime1 stub}
  0x0000018f936bf168: 9836 07e8 

  0x0000018f936bf16c: ; ImmutableOopMap {rbx=Oop [224]=Oop }
                      ;*getfield vIF {reexecute=1 rethrow=0 return_oop=0}
                      ; - (reexecute) ui.views.j.a.a.g.b::construct@42 (line 117)
  0x0000018f936bf16c: 1098 3607 

  0x0000018f936bf170: ;   {runtime_call throw_null_pointer_exception Runtime1 stub}
  0x0000018f936bf170: e80b 9836 

  0x0000018f936bf174: ; ImmutableOopMap {rbx=Oop r8=Oop [224]=Oop }
                      ;*invokevirtual bho {reexecute=0 rethrow=0 return_oop=0}
                      ; - ui.views.j.a.a.g.b::construct@45 (line 117)
                      ;   {runtime_call throw_null_pointer_exception Runtime1 stub}
  0x0000018f936bf174: 07e8 0698 

  0x0000018f936bf178: ; ImmutableOopMap {rbx=Oop rdx=Oop [224]=Oop }
                      ;*invokevirtual a {reexecute=0 rethrow=0 return_oop=0}
                      ; - ui.views.j.a.a.g.b::construct@53 (line 117)
  0x0000018f936bf178: 3607 448b | 431c 49c1 | e003 4983 | f800 0f84 | 8ff5 ffff | 4c89 0424 

  0x0000018f936bf190: ;   {runtime_call g1_pre_barrier_slow}
  0x0000018f936bf190: e8eb ee36 | 07e9 81f5 | ffff 4883 | f800 0f84 | 96f5 ffff | 4889 1c24 

  0x0000018f936bf1a8: ;   {runtime_call g1_post_barrier_slow}
  0x0000018f936bf1a8: e8d3 f136 | 07e9 88f5 

  0x0000018f936bf1b0: ;   {runtime_call throw_null_pointer_exception Runtime1 stub}
  0x0000018f936bf1b0: ffff e8c9 

  0x0000018f936bf1b4: ; ImmutableOopMap {rax=Oop rsi=Oop }
                      ;*getfield vIF {reexecute=1 rethrow=0 return_oop=0}
                      ; - (reexecute) ui.views.j.a.a.g.b::construct@70 (line 120)
                      ;   {runtime_call throw_null_pointer_exception Runtime1 stub}
  0x0000018f936bf1b4: 9736 07e8 

  0x0000018f936bf1b8: ; ImmutableOopMap {rax=Oop rsi=Oop r8=Oop }
                      ;*invokevirtual bho {reexecute=0 rethrow=0 return_oop=0}
                      ; - ui.views.j.a.a.g.b::construct@73 (line 120)
  0x0000018f936bf1b8: c497 3607 

  0x0000018f936bf1bc: ;   {runtime_call throw_null_pointer_exception Runtime1 stub}
  0x0000018f936bf1bc: e8bf 9736 

  0x0000018f936bf1c0: ; ImmutableOopMap {rax=Oop rsi=Oop rdx=Oop }
                      ;*invokevirtual a {reexecute=0 rethrow=0 return_oop=0}
                      ; - ui.views.j.a.a.g.b::construct@79 (line 120)
  0x0000018f936bf1c0: 078b 7e20 | 48c1 e703 | 4883 ff00 | 0f84 a8f6 | ffff 4889 

  0x0000018f936bf1d4: ;   {runtime_call g1_pre_barrier_slow}
  0x0000018f936bf1d4: 3c24 e8a5 | ee36 07e9 | 9af6 ffff | 4883 f800 | 0f84 aff6 | ffff 4889 

  0x0000018f936bf1ec: ;   {runtime_call g1_post_barrier_slow}
  0x0000018f936bf1ec: 3424 e88d | f136 07e9 | a1f6 ffff 

  0x0000018f936bf1f8: ;   {metadata({method} {0x0000018febccf668} 'a' '(Ljava/lang/String;JF)V' in 'ui/data/r/e/f')}
  0x0000018f936bf1f8: 49ba 60f6 | cceb 8f01 | 0000 4c89 | 5424 0848 | c704 24ff 

  0x0000018f936bf20c: ;   {runtime_call counter_overflow Runtime1 stub}
  0x0000018f936bf20c: ffff ffe8 

  0x0000018f936bf210: ; ImmutableOopMap {}
                      ;*synchronization entry
                      ; - ui.data.r.e.f::a@-1 (line 211)
                      ; - ui.views.j.a.a.g.b::construct@90 (line 122)
  0x0000018f936bf210: 6ce8 3607 | e9ba f6ff 

  0x0000018f936bf218: ;   {metadata({method} {0x0000018feb691110} 'eU' '(J)F' in 'ui/utils/s/d')}
  0x0000018f936bf218: ff49 ba08 | 1169 eb8f | 0100 004c | 8954 2408 | 48c7 0424 | ffff ffff 

  0x0000018f936bf230: ;   {runtime_call counter_overflow Runtime1 stub}
  0x0000018f936bf230: e84b e836 

  0x0000018f936bf234: ; ImmutableOopMap {}
                      ;*synchronization entry
                      ; - ui.utils.s.d::eU@-1 (line 334)
                      ; - ui.data.r.e.f::a@8 (line 214)
                      ; - ui.views.j.a.a.g.b::construct@90 (line 122)
  0x0000018f936bf234: 07e9 21f7 

  0x0000018f936bf238: ;   {metadata({method} {0x0000018feb691730} 'gjA' '()J' in 'ui/utils/s/d')}
  0x0000018f936bf238: ffff 49ba | 2817 69eb | 8f01 0000 | 4c89 5424 | 0848 c704 | 24ff ffff 

  0x0000018f936bf250: ;   {runtime_call counter_overflow Runtime1 stub}
  0x0000018f936bf250: ffe8 2ae8 

  0x0000018f936bf254: ; ImmutableOopMap {}
                      ;*synchronization entry
                      ; - ui.utils.s.d::gjA@-1 (line 380)
                      ; - ui.utils.s.d::eU@0 (line 334)
                      ; - ui.data.r.e.f::a@8 (line 214)
                      ; - ui.views.j.a.a.g.b::construct@90 (line 122)
  0x0000018f936bf254: 3607 e93a 

  0x0000018f936bf258: ;   {metadata({method} {0x0000018febccfc98} 'dz' '(J)Ljava/lang/String;' in 'ui/data/r/e/f')}
  0x0000018f936bf258: f7ff ff49 | ba90 fccc | eb8f 0100 | 004c 8954 | 2408 48c7 | 0424 ffff 

  0x0000018f936bf270: ;   {runtime_call counter_overflow Runtime1 stub}
  0x0000018f936bf270: ffff e809 

  0x0000018f936bf274: ; ImmutableOopMap {}
                      ;*synchronization entry
                      ; - ui.data.r.e.f::dz@-1 (line 281)
                      ; - ui.data.r.e.f::a@19 (line 217)
                      ; - ui.views.j.a.a.g.b::construct@90 (line 122)
  0x0000018f936bf274: e836 07e9 | faf7 ffff 

  0x0000018f936bf27c: ;   {metadata({method} {0x0000018feb691110} 'eU' '(J)F' in 'ui/utils/s/d')}
  0x0000018f936bf27c: 49ba 0811 | 69eb 8f01 | 0000 4c89 | 5424 0848 | c704 24ff 

  0x0000018f936bf290: ;   {runtime_call counter_overflow Runtime1 stub}
  0x0000018f936bf290: ffff ffe8 

  0x0000018f936bf294: ; ImmutableOopMap {}
                      ;*synchronization entry
                      ; - ui.utils.s.d::eU@-1 (line 334)
                      ; - ui.data.r.e.f::dz@7 (line 281)
                      ; - ui.data.r.e.f::a@19 (line 217)
                      ; - ui.views.j.a.a.g.b::construct@90 (line 122)
  0x0000018f936bf294: e8e7 3607 | e954 f8ff 

  0x0000018f936bf29c: ;   {metadata({method} {0x0000018feb691730} 'gjA' '()J' in 'ui/utils/s/d')}
  0x0000018f936bf29c: ff49 ba28 | 1769 eb8f | 0100 004c | 8954 2408 | 48c7 0424 | ffff ffff 

  0x0000018f936bf2b4: ;   {runtime_call counter_overflow Runtime1 stub}
  0x0000018f936bf2b4: e8c7 e736 

  0x0000018f936bf2b8: ; ImmutableOopMap {}
                      ;*synchronization entry
                      ; - ui.utils.s.d::gjA@-1 (line 380)
                      ; - ui.utils.s.d::eU@0 (line 334)
                      ; - ui.data.r.e.f::dz@7 (line 281)
                      ; - ui.data.r.e.f::a@19 (line 217)
                      ; - ui.views.j.a.a.g.b::construct@90 (line 122)
  0x0000018f936bf2b8: 07e9 6df8 

  0x0000018f936bf2bc: ;   {metadata({method} {0x0000018febf04000} 'F' '(F)F' in 'ui/utils/s')}
  0x0000018f936bf2bc: ffff 49ba | f83f f0eb | 8f01 0000 | 4c89 5424 | 0848 c704 | 24ff ffff 

  0x0000018f936bf2d4: ;   {runtime_call counter_overflow Runtime1 stub}
  0x0000018f936bf2d4: ffe8 a6e7 

  0x0000018f936bf2d8: ; ImmutableOopMap {}
                      ;*synchronization entry
                      ; - ui.utils.s::F@-1 (line 358)
                      ; - ui.data.r.e.f::dz@10 (line 281)
                      ; - ui.data.r.e.f::a@19 (line 217)
                      ; - ui.views.j.a.a.g.b::construct@90 (line 122)
  0x0000018f936bf2d8: 3607 e9c4 

  0x0000018f936bf2dc: ;   {metadata({method} {0x0000018febf04150} 'G' '(F)Ljava/lang/String;' in 'ui/utils/s')}
  0x0000018f936bf2dc: f8ff ff49 | ba48 41f0 | eb8f 0100 | 004c 8954 | 2408 48c7 | 0424 ffff 

  0x0000018f936bf2f4: ;   {runtime_call counter_overflow Runtime1 stub}
  0x0000018f936bf2f4: ffff e885 

  0x0000018f936bf2f8: ; ImmutableOopMap {}
                      ;*synchronization entry
                      ; - ui.utils.s::G@-1 (line 367)
                      ; - ui.utils.s::F@1 (line 358)
                      ; - ui.data.r.e.f::dz@10 (line 281)
                      ; - ui.data.r.e.f::a@19 (line 217)
                      ; - ui.views.j.a.a.g.b::construct@90 (line 122)
  0x0000018f936bf2f8: e736 07e9 | ddf8 ffff 

  0x0000018f936bf300: ;   {runtime_call fast_new_instance Runtime1 stub}
  0x0000018f936bf300: 488b d2e8 

  0x0000018f936bf304: ; ImmutableOopMap {}
                      ;*new {reexecute=0 rethrow=0 return_oop=0}
                      ; - ui.utils.s::G@0 (line 367)
                      ; - ui.utils.s::F@1 (line 358)
                      ; - ui.data.r.e.f::dz@10 (line 281)
                      ; - ui.data.r.e.f::a@19 (line 217)
                      ; - ui.views.j.a.a.g.b::construct@90 (line 122)
  0x0000018f936bf304: 789f 3607 | e933 f9ff 

  0x0000018f936bf30c: ;   {metadata({method} {0x0000018faa032108} 'valueOf' '(Ljava/lang/String;)Ljava/lang/Float;' in 'java/lang/Float')}
  0x0000018f936bf30c: ff49 ba00 | 2103 aa8f | 0100 004c | 8954 2408 | 48c7 0424 | ffff ffff 

  0x0000018f936bf324: ;   {runtime_call counter_overflow Runtime1 stub}
  0x0000018f936bf324: e857 e736 

  0x0000018f936bf328: ; ImmutableOopMap {rbx=Oop }
                      ;*synchronization entry
                      ; - java.lang.Float::valueOf@-1 (line 520)
                      ; - ui.utils.s::F@4 (line 358)
                      ; - ui.data.r.e.f::dz@10 (line 281)
                      ; - ui.data.r.e.f::a@19 (line 217)
                      ; - ui.views.j.a.a.g.b::construct@90 (line 122)
  0x0000018f936bf328: 07e9 d3f9 | ffff 488b 

  0x0000018f936bf330: ;   {runtime_call fast_new_instance Runtime1 stub}
  0x0000018f936bf330: d2e8 4a9f 

  0x0000018f936bf334: ; ImmutableOopMap {rbx=Oop }
                      ;*new {reexecute=0 rethrow=0 return_oop=0}
                      ; - java.lang.Float::valueOf@0 (line 520)
                      ; - ui.utils.s::F@4 (line 358)
                      ; - ui.data.r.e.f::dz@10 (line 281)
                      ; - ui.data.r.e.f::a@19 (line 217)
                      ; - ui.views.j.a.a.g.b::construct@90 (line 122)
  0x0000018f936bf334: 3607 e912 

  0x0000018f936bf338: ;   {metadata({method} {0x0000018faa0323c8} 'parseFloat' '(Ljava/lang/String;)F' in 'java/lang/Float')}
  0x0000018f936bf338: faff ff49 | bac0 2303 | aa8f 0100 | 004c 8954 | 2408 48c7 | 0424 ffff 

  0x0000018f936bf350: ;   {runtime_call counter_overflow Runtime1 stub}
  0x0000018f936bf350: ffff e829 

  0x0000018f936bf354: ; ImmutableOopMap {rbx=Oop rax=Oop }
                      ;*synchronization entry
                      ; - java.lang.Float::parseFloat@-1 (line 556)
                      ; - java.lang.Float::valueOf@5 (line 520)
                      ; - ui.utils.s::F@4 (line 358)
                      ; - ui.data.r.e.f::dz@10 (line 281)
                      ; - ui.data.r.e.f::a@19 (line 217)
                      ; - ui.views.j.a.a.g.b::construct@90 (line 122)
  0x0000018f936bf354: e736 07e9 | 2bfa ffff 

  0x0000018f936bf35c: ;   {metadata({method} {0x0000018feb36de50} 'parseFloat' '(Ljava/lang/String;)F' in 'jdk/internal/math/FloatingDecimal')}
  0x0000018f936bf35c: 49ba 48de | 36eb 8f01 | 0000 4c89 | 5424 0848 | c704 24ff 

  0x0000018f936bf370: ;   {runtime_call counter_overflow Runtime1 stub}
  0x0000018f936bf370: ffff ffe8 

  0x0000018f936bf374: ; ImmutableOopMap {rbx=Oop rax=Oop }
                      ;*synchronization entry
                      ; - jdk.internal.math.FloatingDecimal::parseFloat@-1 (line 122)
                      ; - java.lang.Float::parseFloat@1 (line 556)
                      ; - java.lang.Float::valueOf@5 (line 520)
                      ; - ui.utils.s::F@4 (line 358)
                      ; - ui.data.r.e.f::dz@10 (line 281)
                      ; - ui.data.r.e.f::a@19 (line 217)
                      ; - ui.views.j.a.a.g.b::construct@90 (line 122)
  0x0000018f936bf374: 08e7 3607 | e944 faff 

  0x0000018f936bf37c: ;   {runtime_call throw_null_pointer_exception Runtime1 stub}
  0x0000018f936bf37c: ffe8 fe95 

  0x0000018f936bf380: ; ImmutableOopMap {rax=Oop [280]=Oop }
                      ;*invokeinterface floatValue {reexecute=0 rethrow=0 return_oop=0}
                      ; - jdk.internal.math.FloatingDecimal::parseFloat@4 (line 122)
                      ; - java.lang.Float::parseFloat@1 (line 556)
                      ; - java.lang.Float::valueOf@5 (line 520)
                      ; - ui.utils.s::F@4 (line 358)
                      ; - ui.data.r.e.f::dz@10 (line 281)
                      ; - ui.data.r.e.f::a@19 (line 217)
                      ; - ui.views.j.a.a.g.b::construct@90 (line 122)
                      ;   {metadata({method} {0x0000018faa031ab8} '<init>' '(F)V' in 'java/lang/Float')}
  0x0000018f936bf380: 3607 49ba | b01a 03aa | 8f01 0000 | 4c89 5424 | 0848 c704 | 24ff ffff 

  0x0000018f936bf398: ;   {runtime_call counter_overflow Runtime1 stub}
  0x0000018f936bf398: ffe8 e2e6 

  0x0000018f936bf39c: ; ImmutableOopMap {[280]=Oop }
                      ;*synchronization entry
                      ; - java.lang.Float::<init>@-1 (line 631)
                      ; - java.lang.Float::valueOf@8 (line 520)
                      ; - ui.utils.s::F@4 (line 358)
                      ; - ui.data.r.e.f::dz@10 (line 281)
                      ; - ui.data.r.e.f::a@19 (line 217)
                      ; - ui.views.j.a.a.g.b::construct@90 (line 122)
  0x0000018f936bf39c: 3607 e93b 

  0x0000018f936bf3a0: ;   {metadata({method} {0x0000018faa41cf90} '<init>' '()V' in 'java/lang/Number')}
  0x0000018f936bf3a0: fbff ff49 | ba88 cf41 | aa8f 0100 | 004c 8954 | 2408 48c7 | 0424 ffff 

  0x0000018f936bf3b8: ;   {runtime_call counter_overflow Runtime1 stub}
  0x0000018f936bf3b8: ffff e8c1 

  0x0000018f936bf3bc: ; ImmutableOopMap {[280]=Oop }
                      ;*synchronization entry
                      ; - java.lang.Number::<init>@-1 (line 59)
                      ; - java.lang.Float::<init>@1 (line 631)
                      ; - java.lang.Float::valueOf@8 (line 520)
                      ; - ui.utils.s::F@4 (line 358)
                      ; - ui.data.r.e.f::dz@10 (line 281)
                      ; - ui.data.r.e.f::a@19 (line 217)
                      ; - ui.views.j.a.a.g.b::construct@90 (line 122)
  0x0000018f936bf3bc: e636 07e9 | 5cfb ffff 

  0x0000018f936bf3c4: ;   {metadata({method} {0x0000018faa479fd0} '<init>' '()V' in 'java/lang/Object')}
  0x0000018f936bf3c4: 49ba c89f | 47aa 8f01 | 0000 4c89 | 5424 0848 | c704 24ff 

  0x0000018f936bf3d8: ;   {runtime_call counter_overflow Runtime1 stub}
  0x0000018f936bf3d8: ffff ffe8 

  0x0000018f936bf3dc: ; ImmutableOopMap {[280]=Oop }
                      ;*synchronization entry
                      ; - java.lang.Object::<init>@-1 (line 45)
                      ; - java.lang.Number::<init>@1 (line 59)
                      ; - java.lang.Float::<init>@1 (line 631)
                      ; - java.lang.Float::valueOf@8 (line 520)
                      ; - ui.utils.s::F@4 (line 358)
                      ; - ui.data.r.e.f::dz@10 (line 281)
                      ; - ui.data.r.e.f::a@19 (line 217)
                      ; - ui.views.j.a.a.g.b::construct@90 (line 122)
  0x0000018f936bf3dc: a0e6 3607 | e97d fbff | ff48 ba00 | 0000 0000 | 0000 00b8 | 000f 050a 

  0x0000018f936bf3f4: ;   {runtime_call load_appendix_patching Runtime1 stub}
  0x0000018f936bf3f4: e807 df36 

  0x0000018f936bf3f8: ; ImmutableOopMap {}
                      ;*invokedynamic {reexecute=1 rethrow=0 return_oop=0}
                      ; - (reexecute) ui.data.r.e.f::dz@13 (line 281)
                      ; - ui.data.r.e.f::a@19 (line 217)
                      ; - ui.views.j.a.a.g.b::construct@90 (line 122)
  0x0000018f936bf3f8: 07e9 8afb | ffff 49b9 | 0000 0000 | 0000 0000 | b800 0f05 

  0x0000018f936bf40c: ;   {runtime_call load_appendix_patching Runtime1 stub}
  0x0000018f936bf40c: 0ae8 eede 

  0x0000018f936bf410: ; ImmutableOopMap {rax=Oop }
                      ;*invokedynamic {reexecute=1 rethrow=0 return_oop=0}
                      ; - (reexecute) ui.data.r.e.f::a@22 (line 217)
                      ; - ui.views.j.a.a.g.b::construct@90 (line 122)
  0x0000018f936bf410: 3607 e9c9 

  0x0000018f936bf414: ;   {internal_word}
  0x0000018f936bf414: fbff ff49 | ba5e f06b | 938f 0100 | 004d 8997 | 6804 0000 

  0x0000018f936bf428: ;   {runtime_call SafepointBlob}
  0x0000018f936bf428: e9d3 622a 

  0x0000018f936bf42c: ;   {internal_word}
  0x0000018f936bf42c: 0749 ba7e | f06b 938f | 0100 004d | 8997 6804 

  0x0000018f936bf43c: ;   {runtime_call SafepointBlob}
  0x0000018f936bf43c: 0000 e9bd | 622a 0749 | 8b87 0005 | 0000 49c7 | 8700 0500 | 0000 0000 | 0049 c787 | 0805 0000 
  0x0000018f936bf45c: 0000 0000 | 4881 c430 | 0100 005d 

  0x0000018f936bf468: ;   {runtime_call unwind_exception Runtime1 stub}
  0x0000018f936bf468: e913 8636 | 07f4 f4f4 
[Stub Code]
  0x0000018f936bf470: ;   {no_reloc}
  0x0000018f936bf470: 0f1f 4400 

  0x0000018f936bf474: ;   {static_stub}
  0x0000018f936bf474: 0048 bb00 | 0000 0000 

  0x0000018f936bf47c: ;   {runtime_call}
  0x0000018f936bf47c: 0000 00e9 | fbff ffff 

  0x0000018f936bf484: ;   {static_stub}
  0x0000018f936bf484: 9048 bb00 | 0000 0000 

  0x0000018f936bf48c: ;   {runtime_call}
  0x0000018f936bf48c: 0000 00e9 | fbff ffff 

  0x0000018f936bf494: ;   {static_stub}
  0x0000018f936bf494: 9048 bb00 | 0000 0000 

  0x0000018f936bf49c: ;   {runtime_call}
  0x0000018f936bf49c: 0000 00e9 | fbff ffff 

  0x0000018f936bf4a4: ;   {static_stub}
  0x0000018f936bf4a4: 9048 bb00 | 0000 0000 

  0x0000018f936bf4ac: ;   {runtime_call}
  0x0000018f936bf4ac: 0000 00e9 | fbff ffff 

  0x0000018f936bf4b4: ;   {static_stub}
  0x0000018f936bf4b4: 9048 bb00 | 0000 0000 

  0x0000018f936bf4bc: ;   {runtime_call}
  0x0000018f936bf4bc: 0000 00e9 | fbff ffff 

  0x0000018f936bf4c4: ;   {static_stub}
  0x0000018f936bf4c4: 9048 bb00 | 0000 0000 

  0x0000018f936bf4cc: ;   {runtime_call}
  0x0000018f936bf4cc: 0000 00e9 | fbff ffff 

  0x0000018f936bf4d4: ;   {static_stub}
  0x0000018f936bf4d4: 48bb 0000 | 0000 0000 

  0x0000018f936bf4dc: ;   {runtime_call}
  0x0000018f936bf4dc: 0000 e9fb 

  0x0000018f936bf4e0: ;   {static_stub}
  0x0000018f936bf4e0: ffff ff48 | bb00 0000 | 0000 0000 

  0x0000018f936bf4ec: ;   {runtime_call}
  0x0000018f936bf4ec: 00e9 fbff 

  0x0000018f936bf4f0: ;   {static_stub}
  0x0000018f936bf4f0: ffff 48bb | 0000 0000 | 0000 0000 

  0x0000018f936bf4fc: ;   {runtime_call}
  0x0000018f936bf4fc: e9fb ffff 

  0x0000018f936bf500: ;   {static_stub}
  0x0000018f936bf500: ff48 bb00 | 0000 0000 

  0x0000018f936bf508: ;   {runtime_call}
  0x0000018f936bf508: 0000 00e9 | fbff ffff 

  0x0000018f936bf510: ;   {static_stub}
  0x0000018f936bf510: 48bb 0000 | 0000 0000 

  0x0000018f936bf518: ;   {runtime_call}
  0x0000018f936bf518: 0000 e9fb 

  0x0000018f936bf51c: ;   {runtime_call handle_exception_from_callee Runtime1 stub}
  0x0000018f936bf51c: ffff ffe8 | 5cb2 3607 

  0x0000018f936bf524: ;   {external_word}
  0x0000018f936bf524: 48b9 50e0 | e46e fb7f | 0000 4883 

  0x0000018f936bf530: ;   {runtime_call}
  0x0000018f936bf530: e4f0 48b8 | 50ef a76e | fb7f 0000 

  0x0000018f936bf53c: ;   {section_word}
  0x0000018f936bf53c: ffd0 f449 | ba3f f56b | 938f 0100 

  0x0000018f936bf548: ;   {runtime_call DeoptimizationBlob}
  0x0000018f936bf548: 0041 52e9 | 5054 2a07 
[/MachCode]


---------------  P R O C E S S  ---------------

Threads class SMR info:
_java_thread_list=0x00000190563c1a40, length=109, elements={
0x0000018f8913f570, 0x0000018f8aaa3410, 0x0000018f8aaa3e70, 0x0000018f8aabe120,
0x0000018f8aabef90, 0x0000018f8aac3a10, 0x0000018f8aac4470, 0x0000018f8aac4ed0,
0x0000018f8aac5970, 0x0000018f8aad14d0, 0x0000018fef02a8f0, 0x0000018f8ae5e500,
0x0000018f8ad58190, 0x0000018f8acde810, 0x0000018f80280c60, 0x0000018fefdc28e0,
0x0000018fefdc0ea0, 0x0000018fefdc1530, 0x0000018fefdc1bc0, 0x0000018fefdbfaf0,
0x0000018ff23a43c0, 0x0000018ff23a9fa0, 0x0000018ff23aa630, 0x0000018ff57f4fe0,
0x0000018ff57f7740, 0x0000018ff57f70b0, 0x0000018ff57f5d00, 0x0000018ff57fb250,
0x0000018fefdc2250, 0x0000018ff57f8af0, 0x0000018ff57f9180, 0x0000018ff57f9810,
0x0000018ff23a6b20, 0x0000018ff23a6490, 0x0000018fefdc2f70, 0x0000019005607d90,
0x0000019005607700, 0x0000019005608ab0, 0x0000019005608420, 0x0000019005609e60,
0x0000019005607070, 0x000001900560a4f0, 0x000001900560c5c0, 0x000001900560bf30,
0x000001900560ab80, 0x0000019005609140, 0x000001900560b210, 0x000001900560b8a0,
0x000001900560cc50, 0x000001900560e000, 0x000001900560e690, 0x000001900560d970,
0x00000190056d9e90, 0x00000190056dd9a0, 0x00000190056dc5f0, 0x00000190056dbf60,
0x00000190056db240, 0x00000190056da520, 0x00000190056dabb0, 0x00000190056de030,
0x00000190056de6c0, 0x00000190056ded50, 0x00000190056dd310, 0x00000190056db8d0,
0x00000190056df3e0, 0x00000190056dfa70, 0x00000190056e0100, 0x00000190056dcc80,
0x00000190056e14b0, 0x00000190056e0790, 0x00000190056e0e20, 0x00000190061e6c00,
0x00000190061e44a0, 0x00000190061e6570, 0x00000190061e7fb0, 0x00000190061e51c0,
0x00000190061e4b30, 0x00000190061e7290, 0x00000190061e8cd0, 0x00000190061e5850,
0x00000190061e7920, 0x00000190061e8640, 0x00000190061e9360, 0x00000190061e5ee0,
0x00000190061eb430, 0x00000190061e99f0, 0x00000190061ea080, 0x00000190061ea710,
0x00000190061eada0, 0x00000190061ebac0, 0x0000019006aba800, 0x0000019006abc8d0,
0x0000019006abc240, 0x0000019006ac0a70, 0x0000018ff23a71b0, 0x0000018ff57fa530,
0x0000019006ac1100, 0x0000019025197d50, 0x000001902baffd80, 0x000001902bb03890,
0x000001903af26db0, 0x000001903af24ce0, 0x000001903af23fc0, 0x000001903af287f0,
0x0000019057cb7000, 0x0000019057cba680, 0x0000019057cb9210, 0x000001902baff060,
0x000001902bb045b0
}

Java Threads: ( => current thread )
  0x0000018f8913f570 JavaThread "main"                              [_thread_blocked, id=6888, stack(0x0000008ea5100000,0x0000008ea5200000) (1024K)]
  0x0000018f8aaa3410 JavaThread "Reference Handler"          daemon [_thread_blocked, id=2232, stack(0x0000008ea7400000,0x0000008ea7e00000) (10240K)]
  0x0000018f8aaa3e70 JavaThread "Finalizer"                  daemon [_thread_blocked, id=7808, stack(0x0000008ea7e00000,0x0000008ea8800000) (10240K)]
  0x0000018f8aabe120 JavaThread "Signal Dispatcher"          daemon [_thread_blocked, id=20508, stack(0x0000008ea8800000,0x0000008ea9200000) (10240K)]
  0x0000018f8aabef90 JavaThread "Attach Listener"            daemon [_thread_blocked, id=20512, stack(0x0000008ea9200000,0x0000008ea9c00000) (10240K)]
  0x0000018f8aac3a10 JavaThread "Service Thread"             daemon [_thread_blocked, id=11516, stack(0x0000008ea9c00000,0x0000008eaa600000) (10240K)]
  0x0000018f8aac4470 JavaThread "Monitor Deflation Thread"   daemon [_thread_blocked, id=11512, stack(0x0000008eaa600000,0x0000008eab000000) (10240K)]
  0x0000018f8aac4ed0 JavaThread "C2 CompilerThread0"         daemon [_thread_blocked, id=4072, stack(0x0000008eab000000,0x0000008eab100000) (1024K)]
  0x0000018f8aac5970 JavaThread "C1 CompilerThread0"         daemon [_thread_blocked, id=13292, stack(0x0000008eab100000,0x0000008eab200000) (1024K)]
  0x0000018f8aad14d0 JavaThread "StringDedupThread"          daemon [_thread_blocked, id=17604, stack(0x0000008eab200000,0x0000008eabc00000) (10240K)]
  0x0000018fef02a8f0 JavaThread "Common-Cleaner"             daemon [_thread_blocked, id=4628, stack(0x0000008eac100000,0x0000008eacb00000) (10240K)]
  0x0000018f8ae5e500 JavaThread "Notification Thread"        daemon [_thread_blocked, id=4372, stack(0x0000008eacb00000,0x0000008ead500000) (10240K)]
  0x0000018f8ad58190 JavaThread "Java2D Disposer"            daemon [_thread_blocked, id=4612, stack(0x0000008ead500000,0x0000008eadf00000) (10240K)]
  0x0000018f8acde810 JavaThread "AWT-Windows"                daemon [_thread_in_native, id=1948, stack(0x0000008eae900000,0x0000008eaf300000) (10240K)]
  0x0000018f80280c60 JavaThread "TimerQueue"                 daemon [_thread_blocked, id=10128, stack(0x0000008eadf00000,0x0000008eae900000) (10240K)]
  0x0000018fefdc28e0 JavaThread "AWT-Shutdown"                      [_thread_blocked, id=16624, stack(0x0000008eb1800000,0x0000008eb2200000) (10240K)]
  0x0000018fefdc0ea0 JavaThread "AWT-EventQueue-0"                  [_thread_in_native, id=21208, stack(0x0000008eafd00000,0x0000008eb0700000) (10240K)]
  0x0000018fefdc1530 JavaThread "Thread-1"                          [_thread_in_native, id=11820, stack(0x0000008ea5400000,0x0000008ea6800000) (20480K)]
  0x0000018fefdc1bc0 JavaThread "Process Messages Thread"           [_thread_blocked, id=5192, stack(0x0000008eb2200000,0x0000008eb2c00000) (10240K)]
  0x0000018fefdbfaf0 JavaThread "Batik CleanerThread"        daemon [_thread_blocked, id=6284, stack(0x0000008eb0700000,0x0000008eb1100000) (10240K)]
  0x0000018ff23a43c0 JavaThread "SyntheticaCleanerThread"    daemon [_thread_blocked, id=3744, stack(0x0000008eb3600000,0x0000008eb4000000) (10240K)]
  0x0000018ff23a9fa0 JavaThread "Timer-0"                           [_thread_blocked, id=21168, stack(0x0000008eaf300000,0x0000008eafd00000) (10240K)]
  0x0000018ff23aa630 JavaThread "Monitor File Timestamp Swing Worker Thread"        [_thread_blocked, id=21164, stack(0x0000008eb4a00000,0x0000008eb5400000) (10240K)]
  0x0000018ff57f4fe0 JavaThread "Monitor HEventQueue for Sluggish Gui Thread"        [_thread_blocked, id=5900, stack(0x0000008eb5400000,0x0000008eb5e00000) (10240K)]
  0x0000018ff57f7740 JavaThread "SyntheticaAnimation 50"     daemon [_thread_blocked, id=15912, stack(0x0000008eb5e00000,0x0000008eb6800000) (10240K)]
  0x0000018ff57f70b0 JavaThread "SyntheticaAnimation 25"     daemon [_thread_blocked, id=13136, stack(0x0000008eb6900000,0x0000008eb7300000) (10240K)]
  0x0000018ff57f5d00 JavaThread "SyntheticaAnimation 70"     daemon [_thread_blocked, id=13744, stack(0x0000008eb7d00000,0x0000008eb8700000) (10240K)]
  0x0000018ff57fb250 JavaThread "Refresh Filesets Swing Worker Thread"        [_thread_blocked, id=7204, stack(0x0000008eb2c00000,0x0000008eb3600000) (10240K)]
  0x0000018fefdc2250 JavaThread "hw_ila_monitor"                    [_thread_blocked, id=8868, stack(0x0000008eb4000000,0x0000008eb4a00000) (10240K)]
  0x0000018ff57f8af0 JavaThread "pool-2-thread-1"                   [_thread_blocked, id=19984, stack(0x0000008eb9b00000,0x0000008eba500000) (10240K)]
  0x0000018ff57f9180 JavaThread "Timer-1"                           [_thread_blocked, id=9928, stack(0x0000008eba500000,0x0000008ebaf00000) (10240K)]
  0x0000018ff57f9810 JavaThread "pool-3-thread-1"                   [_thread_blocked, id=20284, stack(0x0000008ebaf00000,0x0000008ebb900000) (10240K)]
  0x0000018ff23a6b20 JavaThread "Timer-2"                           [_thread_blocked, id=19896, stack(0x0000008ebb900000,0x0000008ebc300000) (10240K)]
  0x0000018ff23a6490 JavaThread "pool-4-thread-1"                   [_thread_blocked, id=4276, stack(0x0000008ebc300000,0x0000008ebcd00000) (10240K)]
  0x0000018fefdc2f70 JavaThread "Timer-3"                           [_thread_blocked, id=21196, stack(0x0000008ebcd00000,0x0000008ebd700000) (10240K)]
  0x0000019005607d90 JavaThread "pool-5-thread-1"                   [_thread_blocked, id=14172, stack(0x0000008ebd700000,0x0000008ebe100000) (10240K)]
  0x0000019005607700 JavaThread "Timer-4"                           [_thread_blocked, id=17584, stack(0x0000008ebe100000,0x0000008ebeb00000) (10240K)]
  0x0000019005608ab0 JavaThread "pool-6-thread-1"                   [_thread_blocked, id=12704, stack(0x0000008ebeb00000,0x0000008ebf500000) (10240K)]
  0x0000019005608420 JavaThread "Timer-5"                           [_thread_blocked, id=4624, stack(0x0000008ebf500000,0x0000008ebff00000) (10240K)]
  0x0000019005609e60 JavaThread "pool-7-thread-1"                   [_thread_blocked, id=18172, stack(0x0000008ebff00000,0x0000008ec0900000) (10240K)]
  0x0000019005607070 JavaThread "Timer-6"                           [_thread_blocked, id=12700, stack(0x0000008ec0900000,0x0000008ec1300000) (10240K)]
  0x000001900560a4f0 JavaThread "pool-8-thread-1"                   [_thread_blocked, id=4604, stack(0x0000008ec1300000,0x0000008ec1d00000) (10240K)]
  0x000001900560c5c0 JavaThread "Timer-7"                           [_thread_blocked, id=6460, stack(0x0000008ec1d00000,0x0000008ec2700000) (10240K)]
  0x000001900560bf30 JavaThread "pool-9-thread-1"                   [_thread_blocked, id=6184, stack(0x0000008ec2700000,0x0000008ec3100000) (10240K)]
  0x000001900560ab80 JavaThread "Timer-8"                           [_thread_blocked, id=7304, stack(0x0000008ec3100000,0x0000008ec3b00000) (10240K)]
  0x0000019005609140 JavaThread "pool-10-thread-1"                  [_thread_blocked, id=5500, stack(0x0000008ec3b00000,0x0000008ec4500000) (10240K)]
  0x000001900560b210 JavaThread "Timer-9"                           [_thread_blocked, id=4376, stack(0x0000008ec4500000,0x0000008ec4f00000) (10240K)]
  0x000001900560b8a0 JavaThread "pool-11-thread-1"                  [_thread_blocked, id=2920, stack(0x0000008ec4f00000,0x0000008ec5900000) (10240K)]
  0x000001900560cc50 JavaThread "Timer-10"                          [_thread_blocked, id=19864, stack(0x0000008ec5900000,0x0000008ec6300000) (10240K)]
  0x000001900560e000 JavaThread "pool-12-thread-1"                  [_thread_blocked, id=18028, stack(0x0000008ec6300000,0x0000008ec6d00000) (10240K)]
  0x000001900560e690 JavaThread "Timer-11"                          [_thread_blocked, id=18760, stack(0x0000008ec6d00000,0x0000008ec7700000) (10240K)]
  0x000001900560d970 JavaThread "pool-13-thread-1"                  [_thread_blocked, id=18744, stack(0x0000008ec7700000,0x0000008ec8100000) (10240K)]
  0x00000190056d9e90 JavaThread "Timer-12"                          [_thread_blocked, id=15720, stack(0x0000008ec8100000,0x0000008ec8b00000) (10240K)]
  0x00000190056dd9a0 JavaThread "pool-14-thread-1"                  [_thread_blocked, id=18400, stack(0x0000008ec8b00000,0x0000008ec9500000) (10240K)]
  0x00000190056dc5f0 JavaThread "Timer-13"                          [_thread_blocked, id=17676, stack(0x0000008ec9500000,0x0000008ec9f00000) (10240K)]
  0x00000190056dbf60 JavaThread "pool-15-thread-1"                  [_thread_blocked, id=1264, stack(0x0000008ec9f00000,0x0000008eca900000) (10240K)]
  0x00000190056db240 JavaThread "Timer-14"                          [_thread_blocked, id=15540, stack(0x0000008eca900000,0x0000008ecb300000) (10240K)]
  0x00000190056da520 JavaThread "pool-16-thread-1"                  [_thread_blocked, id=17680, stack(0x0000008ecb300000,0x0000008ecbd00000) (10240K)]
  0x00000190056dabb0 JavaThread "Timer-15"                          [_thread_blocked, id=9804, stack(0x0000008ecbd00000,0x0000008ecc700000) (10240K)]
  0x00000190056de030 JavaThread "pool-17-thread-1"                  [_thread_blocked, id=16612, stack(0x0000008ecc700000,0x0000008ecd100000) (10240K)]
  0x00000190056de6c0 JavaThread "Timer-16"                          [_thread_blocked, id=7980, stack(0x0000008ecd100000,0x0000008ecdb00000) (10240K)]
  0x00000190056ded50 JavaThread "pool-18-thread-1"                  [_thread_blocked, id=7164, stack(0x0000008ecdb00000,0x0000008ece500000) (10240K)]
  0x00000190056dd310 JavaThread "Timer-17"                          [_thread_blocked, id=16532, stack(0x0000008ece500000,0x0000008ecef00000) (10240K)]
  0x00000190056db8d0 JavaThread "pool-19-thread-1"                  [_thread_blocked, id=4240, stack(0x0000008ecef00000,0x0000008ecf900000) (10240K)]
  0x00000190056df3e0 JavaThread "Timer-18"                          [_thread_blocked, id=20280, stack(0x0000008ecf900000,0x0000008ed0300000) (10240K)]
  0x00000190056dfa70 JavaThread "pool-20-thread-1"                  [_thread_blocked, id=4220, stack(0x0000008ed0300000,0x0000008ed0d00000) (10240K)]
  0x00000190056e0100 JavaThread "Timer-19"                          [_thread_blocked, id=7160, stack(0x0000008ed0d00000,0x0000008ed1700000) (10240K)]
  0x00000190056dcc80 JavaThread "pool-21-thread-1"                  [_thread_blocked, id=14296, stack(0x0000008ed1700000,0x0000008ed2100000) (10240K)]
  0x00000190056e14b0 JavaThread "Timer-20"                          [_thread_blocked, id=21356, stack(0x0000008ed2100000,0x0000008ed2b00000) (10240K)]
  0x00000190056e0790 JavaThread "pool-22-thread-1"                  [_thread_blocked, id=20220, stack(0x0000008ed2b00000,0x0000008ed3500000) (10240K)]
  0x00000190056e0e20 JavaThread "Timer-21"                          [_thread_blocked, id=4236, stack(0x0000008ed3500000,0x0000008ed3f00000) (10240K)]
  0x00000190061e6c00 JavaThread "pool-23-thread-1"                  [_thread_blocked, id=9428, stack(0x0000008ed3f00000,0x0000008ed4900000) (10240K)]
  0x00000190061e44a0 JavaThread "Timer-22"                          [_thread_blocked, id=20244, stack(0x0000008ed4900000,0x0000008ed5300000) (10240K)]
  0x00000190061e6570 JavaThread "pool-24-thread-1"                  [_thread_blocked, id=21372, stack(0x0000008ed5300000,0x0000008ed5d00000) (10240K)]
  0x00000190061e7fb0 JavaThread "Timer-23"                          [_thread_blocked, id=13796, stack(0x0000008ed5d00000,0x0000008ed6700000) (10240K)]
  0x00000190061e51c0 JavaThread "pool-25-thread-1"                  [_thread_blocked, id=14920, stack(0x0000008ed6700000,0x0000008ed7100000) (10240K)]
  0x00000190061e4b30 JavaThread "Timer-24"                          [_thread_blocked, id=10732, stack(0x0000008ed7100000,0x0000008ed7b00000) (10240K)]
  0x00000190061e7290 JavaThread "pool-26-thread-1"                  [_thread_blocked, id=19012, stack(0x0000008ed7b00000,0x0000008ed8500000) (10240K)]
  0x00000190061e8cd0 JavaThread "Timer-25"                          [_thread_blocked, id=19016, stack(0x0000008ed8500000,0x0000008ed8f00000) (10240K)]
  0x00000190061e5850 JavaThread "pool-27-thread-1"                  [_thread_blocked, id=11104, stack(0x0000008ed8f00000,0x0000008ed9900000) (10240K)]
  0x00000190061e7920 JavaThread "Timer-26"                          [_thread_blocked, id=3624, stack(0x0000008ed9900000,0x0000008eda300000) (10240K)]
  0x00000190061e8640 JavaThread "pool-28-thread-1"                  [_thread_blocked, id=18244, stack(0x0000008eda300000,0x0000008edad00000) (10240K)]
  0x00000190061e9360 JavaThread "Timer-27"                          [_thread_blocked, id=15324, stack(0x0000008edad00000,0x0000008edb700000) (10240K)]
  0x00000190061e5ee0 JavaThread "pool-29-thread-1"                  [_thread_blocked, id=10016, stack(0x0000008edb700000,0x0000008edc100000) (10240K)]
  0x00000190061eb430 JavaThread "Timer-28"                          [_thread_blocked, id=16660, stack(0x0000008edc100000,0x0000008edcb00000) (10240K)]
  0x00000190061e99f0 JavaThread "pool-30-thread-1"                  [_thread_blocked, id=10008, stack(0x0000008edcb00000,0x0000008edd500000) (10240K)]
  0x00000190061ea080 JavaThread "Timer-29"                          [_thread_blocked, id=5844, stack(0x0000008edd500000,0x0000008eddf00000) (10240K)]
  0x00000190061ea710 JavaThread "pool-31-thread-1"                  [_thread_blocked, id=14024, stack(0x0000008eddf00000,0x0000008ede900000) (10240K)]
  0x00000190061eada0 JavaThread "Timer-30"                          [_thread_blocked, id=5908, stack(0x0000008ede900000,0x0000008edf300000) (10240K)]
  0x00000190061ebac0 JavaThread "pool-32-thread-1"                  [_thread_blocked, id=15648, stack(0x0000008edf300000,0x0000008edfd00000) (10240K)]
  0x0000019006aba800 JavaThread "Timer-31"                          [_thread_blocked, id=3400, stack(0x0000008edfd00000,0x0000008ee0700000) (10240K)]
  0x0000019006abc8d0 JavaThread "Update Runs Swing Worker Thread"        [_thread_blocked, id=3828, stack(0x0000008ee1100000,0x0000008ee1b00000) (10240K)]
  0x0000019006abc240 JavaThread "SyntheticaAnimation 50"     daemon [_thread_blocked, id=20252, stack(0x0000008ee1b00000,0x0000008ee2500000) (10240K)]
  0x0000019006ac0a70 JavaThread "pool-33-thread-1"                  [_thread_blocked, id=9592, stack(0x0000008ee3a00000,0x0000008ee4400000) (10240K)]
  0x0000018ff23a71b0 JavaThread "pool-34-thread-1"                  [_thread_blocked, id=19792, stack(0x0000008ee4e00000,0x0000008ee5800000) (10240K)]
  0x0000018ff57fa530 JavaThread "Thread-146"                        [_thread_in_native, id=2740, stack(0x0000008eb1700000,0x0000008eb1800000) (1024K)]
  0x0000019006ac1100 JavaThread "Thread-182"                        [_thread_in_native, id=4868, stack(0x0000008ea6b00000,0x0000008ea6c00000) (1024K)]
  0x0000019025197d50 JavaThread "pool-35-thread-1"                  [_thread_blocked, id=21444, stack(0x0000008ee6c00000,0x0000008ee7600000) (10240K)]
  0x000001902baffd80 JavaThread "pool-36-thread-1"                  [_thread_blocked, id=19268, stack(0x0000008eb8a00000,0x0000008eb9400000) (10240K)]
  0x000001902bb03890 JavaThread "pool-37-thread-1"                  [_thread_blocked, id=5168, stack(0x0000008ee2500000,0x0000008ee2f00000) (10240K)]
  0x000001903af26db0 JavaThread "Timer-37"                          [_thread_blocked, id=5228, stack(0x0000008ee5800000,0x0000008ee6200000) (10240K)]
  0x000001903af24ce0 JavaThread "Monitor File Timestamp Swing Worker Thread"        [_thread_blocked, id=18100, stack(0x0000008ee7600000,0x0000008ee8000000) (10240K)]
  0x000001903af23fc0 JavaThread "Timer-38"                          [_thread_blocked, id=13644, stack(0x0000008ee8000000,0x0000008ee8a00000) (10240K)]
  0x000001903af287f0 JavaThread "Monitor File Timestamp Swing Worker Thread"        [_thread_blocked, id=19040, stack(0x0000008ee8a00000,0x0000008ee9400000) (10240K)]
  0x0000019057cb7000 JavaThread "C1 CompilerThread1"         daemon [_thread_blocked, id=12164, stack(0x0000008ea6b00000,0x0000008ea6c00000) (1024K)]
  0x0000019057cba680 JavaThread "C1 CompilerThread2"         daemon [_thread_blocked, id=7392, stack(0x0000008ea6c00000,0x0000008ea6d00000) (1024K)]
  0x0000019057cb9210 JavaThread "C1 CompilerThread3"         daemon [_thread_blocked, id=5752, stack(0x0000008eac000000,0x0000008eac100000) (1024K)]
  0x000001902baff060 JavaThread "Prepare Draw Abstract View Painter Thread"        [_thread_in_native, id=20872, stack(0x0000008ee9400000,0x0000008ee9e00000) (10240K)]
=>0x000001902bb045b0 JavaThread "Prepare Draw Abstract View Painter Thread"        [_thread_in_native, id=10964, stack(0x0000008ee9e00000,0x0000008eea800000) (10240K)]
Total: 109

Other Threads:
  0x0000018f8aa96530 VMThread "VM Thread"                           [id=716, stack(0x0000008ea7300000,0x0000008ea7400000) (1024K)]
  0x0000018f8aa72d20 WatcherThread "VM Periodic Task Thread"        [id=8548, stack(0x0000008ea7200000,0x0000008ea7300000) (1024K)]
  0x0000018f830b4b50 WorkerThread "GC Thread#0"                     [id=10696, stack(0x0000008ea6d00000,0x0000008ea6e00000) (1024K)]
  0x0000018f8aa95df0 WorkerThread "GC Thread#1"                     [id=6376, stack(0x0000008eabd00000,0x0000008eabe00000) (1024K)]
  0x0000018f8aa94bd0 WorkerThread "GC Thread#2"                     [id=4212, stack(0x0000008eabe00000,0x0000008eabf00000) (1024K)]
  0x0000018f8aa94490 WorkerThread "GC Thread#3"                     [id=21108, stack(0x0000008eabf00000,0x0000008eac000000) (1024K)]
  0x0000018f88b46320 ConcurrentGCThread "G1 Main Marker"            [id=19116, stack(0x0000008ea6e00000,0x0000008ea6f00000) (1024K)]
  0x0000018f830b59d0 WorkerThread "G1 Conc#0"                       [id=12428, stack(0x0000008ea6f00000,0x0000008ea7000000) (1024K)]
  0x0000018f8a9ae4f0 ConcurrentGCThread "G1 Refine#0"               [id=15516, stack(0x0000008ea7000000,0x0000008ea7100000) (1024K)]
  0x0000018f88656600 ConcurrentGCThread "G1 Service"                [id=7328, stack(0x0000008ea7100000,0x0000008ea7200000) (1024K)]
Total: 10

Threads with active compile tasks:
Total: 0

VM state: not at safepoint (normal execution)

VM Mutex/Monitor currently owned by a thread: None

Heap address: 0x0000000701800000, size: 4072 MB, Compressed Oops mode: Zero based, Oop shift amount: 3

CDS archive(s) mapped at: [0x0000018faa000000-0x0000018faac90000-0x0000018faac90000), size 13172736, SharedBaseAddress: 0x0000018faa000000, ArchiveRelocationMode: 1.
Compressed class space mapped at: 0x0000018fab000000-0x0000018feb000000, reserved size: 1073741824
Narrow klass base: 0x0000018faa000000, Narrow klass shift: 0, Narrow klass range: 0x100000000

GC Precious Log:
 CardTable entry size: 512
 Card Set container configuration: InlinePtr #cards 4 size 8 Array Of Cards #cards 16 size 48 Howl #buckets 8 coarsen threshold 3686 Howl Bitmap #cards 512 size 80 coarsen threshold 460 Card regions per heap region 1 cards per card region 4096
 CPUs: 16 total, 16 available
 Memory: 16049M
 Large Page Support: Disabled
 NUMA Support: Disabled
 Compressed Oops: Enabled (Zero based)
 Heap Region Size: 2M
 Heap Min Capacity: 512M
 Heap Initial Capacity: 512M
 Heap Max Capacity: 4072M
 Pre-touch: Disabled
 Parallel Workers: 4
 Concurrent Workers: 1
 Concurrent Refinement Workers: 4
 Periodic GC: Disabled
 String Deduplication is enabled

Heap:
 garbage-first heap   total 524288K, used 144706K [0x0000000701800000, 0x0000000800000000)
  region size 2048K, 2 young (4096K), 0 survivors (0K)
 Metaspace       used 102780K, committed 103552K, reserved 1179648K
  class space    used 14799K, committed 15168K, reserved 1048576K

Heap Regions: E=young(eden), S=young(survivor), O=old, HS=humongous(starts), HC=humongous(continues), CS=collection set, F=free, TAMS=top-at-mark-start, PB=parsable bottom
|   0|0x0000000701800000, 0x0000000701a00000, 0x0000000701a00000|100%|HS|  |TAMS 0x0000000701800000| PB 0x0000000701800000| Untracked 
|   1|0x0000000701a00000, 0x0000000701c00000, 0x0000000701c00000|100%| O|  |TAMS 0x0000000701a00000| PB 0x0000000701a00000| Untracked 
|   2|0x0000000701c00000, 0x0000000701dfffe0, 0x0000000701e00000| 99%| O|  |TAMS 0x0000000701c00000| PB 0x0000000701c00000| Untracked 
|   3|0x0000000701e00000, 0x0000000701ffd810, 0x0000000702000000| 99%| O|  |TAMS 0x0000000701e00000| PB 0x0000000701e00000| Untracked 
|   4|0x0000000702000000, 0x00000007021fffb8, 0x0000000702200000| 99%| O|  |TAMS 0x0000000702000000| PB 0x0000000702000000| Untracked 
|   5|0x0000000702200000, 0x0000000702400000, 0x0000000702400000|100%| O|  |TAMS 0x0000000702200000| PB 0x0000000702200000| Untracked 
|   6|0x0000000702400000, 0x00000007025fffd0, 0x0000000702600000| 99%| O|  |TAMS 0x0000000702400000| PB 0x0000000702400000| Untracked 
|   7|0x0000000702600000, 0x00000007027fffe8, 0x0000000702800000| 99%| O|  |TAMS 0x0000000702600000| PB 0x0000000702600000| Untracked 
|   8|0x0000000702800000, 0x0000000702a00000, 0x0000000702a00000|100%| O|  |TAMS 0x0000000702800000| PB 0x0000000702800000| Untracked 
|   9|0x0000000702a00000, 0x0000000702c00000, 0x0000000702c00000|100%| O|  |TAMS 0x0000000702a00000| PB 0x0000000702a00000| Untracked 
|  10|0x0000000702c00000, 0x0000000702e00000, 0x0000000702e00000|100%| O|  |TAMS 0x0000000702c00000| PB 0x0000000702c00000| Untracked 
|  11|0x0000000702e00000, 0x0000000702fffff0, 0x0000000703000000| 99%| O|  |TAMS 0x0000000702e00000| PB 0x0000000702e00000| Untracked 
|  12|0x0000000703000000, 0x0000000703200000, 0x0000000703200000|100%| O|  |TAMS 0x0000000703000000| PB 0x0000000703000000| Untracked 
|  13|0x0000000703200000, 0x0000000703400000, 0x0000000703400000|100%| O|  |TAMS 0x0000000703200000| PB 0x0000000703200000| Untracked 
|  14|0x0000000703400000, 0x00000007035ffff0, 0x0000000703600000| 99%| O|  |TAMS 0x0000000703400000| PB 0x0000000703400000| Untracked 
|  15|0x0000000703600000, 0x00000007037ffff0, 0x0000000703800000| 99%| O|  |TAMS 0x0000000703600000| PB 0x0000000703600000| Untracked 
|  16|0x0000000703800000, 0x00000007039fffa0, 0x0000000703a00000| 99%| O|  |TAMS 0x0000000703800000| PB 0x0000000703800000| Untracked 
|  17|0x0000000703a00000, 0x0000000703bffff8, 0x0000000703c00000| 99%| O|  |TAMS 0x0000000703a00000| PB 0x0000000703a00000| Untracked 
|  18|0x0000000703c00000, 0x0000000703e00000, 0x0000000703e00000|100%|HS|  |TAMS 0x0000000703c00000| PB 0x0000000703c00000| Untracked 
|  19|0x0000000703e00000, 0x0000000704000000, 0x0000000704000000|100%|HC|  |TAMS 0x0000000703e00000| PB 0x0000000703e00000| Untracked 
|  20|0x0000000704000000, 0x0000000704200000, 0x0000000704200000|100%|HC|  |TAMS 0x0000000704000000| PB 0x0000000704000000| Untracked 
|  21|0x0000000704200000, 0x0000000704400000, 0x0000000704400000|100%|HC|  |TAMS 0x0000000704200000| PB 0x0000000704200000| Untracked 
|  22|0x0000000704400000, 0x0000000704600000, 0x0000000704600000|100%|HC|  |TAMS 0x0000000704400000| PB 0x0000000704400000| Untracked 
|  23|0x0000000704600000, 0x0000000704800000, 0x0000000704800000|100%|HC|  |TAMS 0x0000000704600000| PB 0x0000000704600000| Untracked 
|  24|0x0000000704800000, 0x00000007049fffe8, 0x0000000704a00000| 99%| O|  |TAMS 0x0000000704800000| PB 0x0000000704800000| Untracked 
|  25|0x0000000704a00000, 0x0000000704bfff58, 0x0000000704c00000| 99%| O|  |TAMS 0x0000000704a00000| PB 0x0000000704a00000| Untracked 
|  26|0x0000000704c00000, 0x0000000704dffcc8, 0x0000000704e00000| 99%| O|  |TAMS 0x0000000704c00000| PB 0x0000000704c00000| Untracked 
|  27|0x0000000704e00000, 0x0000000705000000, 0x0000000705000000|100%|HS|  |TAMS 0x0000000704e00000| PB 0x0000000704e00000| Untracked 
|  28|0x0000000705000000, 0x0000000705200000, 0x0000000705200000|100%|HC|  |TAMS 0x0000000705000000| PB 0x0000000705000000| Untracked 
|  29|0x0000000705200000, 0x0000000705400000, 0x0000000705400000|100%|HC|  |TAMS 0x0000000705200000| PB 0x0000000705200000| Untracked 
|  30|0x0000000705400000, 0x0000000705600000, 0x0000000705600000|100%|HC|  |TAMS 0x0000000705400000| PB 0x0000000705400000| Untracked 
|  31|0x0000000705600000, 0x00000007057ffff0, 0x0000000705800000| 99%| O|  |TAMS 0x0000000705600000| PB 0x0000000705600000| Untracked 
|  32|0x0000000705800000, 0x00000007059ffff8, 0x0000000705a00000| 99%| O|  |TAMS 0x0000000705800000| PB 0x0000000705800000| Untracked 
|  33|0x0000000705a00000, 0x0000000705bfffd0, 0x0000000705c00000| 99%| O|  |TAMS 0x0000000705a00000| PB 0x0000000705a00000| Untracked 
|  34|0x0000000705c00000, 0x0000000705dfff88, 0x0000000705e00000| 99%| O|  |TAMS 0x0000000705c00000| PB 0x0000000705c00000| Untracked 
|  35|0x0000000705e00000, 0x0000000705fffff0, 0x0000000706000000| 99%| O|  |TAMS 0x0000000705e00000| PB 0x0000000705e00000| Untracked 
|  36|0x0000000706000000, 0x00000007061fffe8, 0x0000000706200000| 99%| O|  |TAMS 0x0000000706000000| PB 0x0000000706000000| Untracked 
|  37|0x0000000706200000, 0x00000007063fffe8, 0x0000000706400000| 99%| O|  |TAMS 0x0000000706200000| PB 0x0000000706200000| Untracked 
|  38|0x0000000706400000, 0x00000007065fffc0, 0x0000000706600000| 99%| O|  |TAMS 0x0000000706400000| PB 0x0000000706400000| Untracked 
|  39|0x0000000706600000, 0x00000007067ffff0, 0x0000000706800000| 99%| O|  |TAMS 0x0000000706600000| PB 0x0000000706600000| Untracked 
|  40|0x0000000706800000, 0x00000007069ffc28, 0x0000000706a00000| 99%| O|  |TAMS 0x0000000706800000| PB 0x0000000706800000| Untracked 
|  41|0x0000000706a00000, 0x0000000706bffff8, 0x0000000706c00000| 99%| O|  |TAMS 0x0000000706a00000| PB 0x0000000706a00000| Untracked 
|  42|0x0000000706c00000, 0x0000000706dffff8, 0x0000000706e00000| 99%| O|  |TAMS 0x0000000706c00000| PB 0x0000000706c00000| Untracked 
|  43|0x0000000706e00000, 0x0000000706fff8f0, 0x0000000707000000| 99%| O|  |TAMS 0x0000000706e00000| PB 0x0000000706e00000| Untracked 
|  44|0x0000000707000000, 0x00000007071ffd10, 0x0000000707200000| 99%| O|  |TAMS 0x0000000707000000| PB 0x0000000707000000| Untracked 
|  45|0x0000000707200000, 0x00000007073fffd8, 0x0000000707400000| 99%| O|  |TAMS 0x0000000707200000| PB 0x0000000707200000| Untracked 
|  46|0x0000000707400000, 0x00000007075ffff8, 0x0000000707600000| 99%| O|  |TAMS 0x0000000707400000| PB 0x0000000707400000| Untracked 
|  47|0x0000000707600000, 0x00000007077fffe8, 0x0000000707800000| 99%| O|  |TAMS 0x0000000707600000| PB 0x0000000707600000| Untracked 
|  48|0x0000000707800000, 0x00000007079ffff0, 0x0000000707a00000| 99%| O|  |TAMS 0x0000000707800000| PB 0x0000000707800000| Untracked 
|  49|0x0000000707a00000, 0x0000000707c00000, 0x0000000707c00000|100%| O|  |TAMS 0x0000000707a00000| PB 0x0000000707a00000| Untracked 
|  50|0x0000000707c00000, 0x0000000707dffff8, 0x0000000707e00000| 99%| O|  |TAMS 0x0000000707c00000| PB 0x0000000707c00000| Untracked 
|  51|0x0000000707e00000, 0x0000000707fffff8, 0x0000000708000000| 99%| O|  |TAMS 0x0000000707e00000| PB 0x0000000707e00000| Untracked 
|  52|0x0000000708000000, 0x00000007081ffff8, 0x0000000708200000| 99%| O|  |TAMS 0x0000000708000000| PB 0x0000000708000000| Untracked 
|  53|0x0000000708200000, 0x00000007083fffc8, 0x0000000708400000| 99%| O|  |TAMS 0x0000000708200000| PB 0x0000000708200000| Untracked 
|  54|0x0000000708400000, 0x00000007085fe368, 0x0000000708600000| 99%| O|  |TAMS 0x0000000708400000| PB 0x0000000708400000| Untracked 
|  55|0x0000000708600000, 0x00000007087fffe8, 0x0000000708800000| 99%| O|  |TAMS 0x0000000708600000| PB 0x0000000708600000| Untracked 
|  56|0x0000000708800000, 0x0000000708a00000, 0x0000000708a00000|100%| O|  |TAMS 0x0000000708800000| PB 0x0000000708800000| Untracked 
|  57|0x0000000708a00000, 0x0000000708c00000, 0x0000000708c00000|100%| O|  |TAMS 0x0000000708a00000| PB 0x0000000708a00000| Untracked 
|  58|0x0000000708c00000, 0x0000000708e00000, 0x0000000708e00000|100%| O|  |TAMS 0x0000000708c00000| PB 0x0000000708c00000| Untracked 
|  59|0x0000000708e00000, 0x0000000709000000, 0x0000000709000000|100%| O|  |TAMS 0x0000000708e00000| PB 0x0000000708e00000| Untracked 
|  60|0x0000000709000000, 0x00000007091ffff8, 0x0000000709200000| 99%| O|  |TAMS 0x0000000709000000| PB 0x0000000709000000| Untracked 
|  61|0x0000000709200000, 0x0000000709400000, 0x0000000709400000|100%| O|  |TAMS 0x0000000709200000| PB 0x0000000709200000| Untracked 
|  62|0x0000000709400000, 0x00000007095fff60, 0x0000000709600000| 99%| O|  |TAMS 0x0000000709400000| PB 0x0000000709400000| Untracked 
|  63|0x0000000709600000, 0x00000007097fffa0, 0x0000000709800000| 99%| O|  |TAMS 0x0000000709600000| PB 0x0000000709600000| Untracked 
|  64|0x0000000709800000, 0x00000007099ffff8, 0x0000000709a00000| 99%| O|  |TAMS 0x0000000709800000| PB 0x0000000709800000| Untracked 
|  65|0x0000000709a00000, 0x0000000709bffff8, 0x0000000709c00000| 99%| O|  |TAMS 0x0000000709a00000| PB 0x0000000709a00000| Untracked 
|  66|0x0000000709c00000, 0x0000000709cd40e8, 0x0000000709e00000| 41%| O|  |TAMS 0x0000000709c00000| PB 0x0000000709c00000| Untracked 
|  67|0x0000000709e00000, 0x0000000709ef6308, 0x000000070a000000| 48%| O|  |TAMS 0x0000000709e00000| PB 0x0000000709e00000| Untracked 
|  68|0x000000070a000000, 0x000000070a11e5c0, 0x000000070a200000| 55%| O|  |TAMS 0x000000070a000000| PB 0x000000070a000000| Untracked 
|  69|0x000000070a200000, 0x000000070a26dcc8, 0x000000070a400000| 21%| O|  |TAMS 0x000000070a200000| PB 0x000000070a200000| Untracked 
|  70|0x000000070a400000, 0x000000070a400000, 0x000000070a600000|  0%| F|  |TAMS 0x000000070a400000| PB 0x000000070a400000| Untracked 
|  71|0x000000070a600000, 0x000000070a600000, 0x000000070a800000|  0%| F|  |TAMS 0x000000070a600000| PB 0x000000070a600000| Untracked 
|  72|0x000000070a800000, 0x000000070aa00000, 0x000000070aa00000|100%| O|  |TAMS 0x000000070a800000| PB 0x000000070a800000| Untracked 
|  73|0x000000070aa00000, 0x000000070aa00000, 0x000000070ac00000|  0%| F|  |TAMS 0x000000070aa00000| PB 0x000000070aa00000| Untracked 
|  74|0x000000070ac00000, 0x000000070ac00000, 0x000000070ae00000|  0%| F|  |TAMS 0x000000070ac00000| PB 0x000000070ac00000| Untracked 
|  75|0x000000070ae00000, 0x000000070ae00000, 0x000000070b000000|  0%| F|  |TAMS 0x000000070ae00000| PB 0x000000070ae00000| Untracked 
|  76|0x000000070b000000, 0x000000070b000000, 0x000000070b200000|  0%| F|  |TAMS 0x000000070b000000| PB 0x000000070b000000| Untracked 
|  77|0x000000070b200000, 0x000000070b400000, 0x000000070b400000|100%|HS|  |TAMS 0x000000070b200000| PB 0x000000070b200000| Untracked 
|  78|0x000000070b400000, 0x000000070b400000, 0x000000070b600000|  0%| F|  |TAMS 0x000000070b400000| PB 0x000000070b400000| Untracked 
|  79|0x000000070b600000, 0x000000070b600000, 0x000000070b800000|  0%| F|  |TAMS 0x000000070b600000| PB 0x000000070b600000| Untracked 
|  80|0x000000070b800000, 0x000000070b800000, 0x000000070ba00000|  0%| F|  |TAMS 0x000000070b800000| PB 0x000000070b800000| Untracked 
|  81|0x000000070ba00000, 0x000000070ba00000, 0x000000070bc00000|  0%| F|  |TAMS 0x000000070ba00000| PB 0x000000070ba00000| Untracked 
|  82|0x000000070bc00000, 0x000000070bc00000, 0x000000070be00000|  0%| F|  |TAMS 0x000000070bc00000| PB 0x000000070bc00000| Untracked 
|  83|0x000000070be00000, 0x000000070be00000, 0x000000070c000000|  0%| F|  |TAMS 0x000000070be00000| PB 0x000000070be00000| Untracked 
|  84|0x000000070c000000, 0x000000070c000000, 0x000000070c200000|  0%| F|  |TAMS 0x000000070c000000| PB 0x000000070c000000| Untracked 
|  85|0x000000070c200000, 0x000000070c200000, 0x000000070c400000|  0%| F|  |TAMS 0x000000070c200000| PB 0x000000070c200000| Untracked 
|  86|0x000000070c400000, 0x000000070c400000, 0x000000070c600000|  0%| F|  |TAMS 0x000000070c400000| PB 0x000000070c400000| Untracked 
|  87|0x000000070c600000, 0x000000070c600000, 0x000000070c800000|  0%| F|  |TAMS 0x000000070c600000| PB 0x000000070c600000| Untracked 
|  88|0x000000070c800000, 0x000000070c800000, 0x000000070ca00000|  0%| F|  |TAMS 0x000000070c800000| PB 0x000000070c800000| Untracked 
|  89|0x000000070ca00000, 0x000000070ca00000, 0x000000070cc00000|  0%| F|  |TAMS 0x000000070ca00000| PB 0x000000070ca00000| Untracked 
|  90|0x000000070cc00000, 0x000000070cc00000, 0x000000070ce00000|  0%| F|  |TAMS 0x000000070cc00000| PB 0x000000070cc00000| Untracked 
|  91|0x000000070ce00000, 0x000000070ce00000, 0x000000070d000000|  0%| F|  |TAMS 0x000000070ce00000| PB 0x000000070ce00000| Untracked 
|  92|0x000000070d000000, 0x000000070d000000, 0x000000070d200000|  0%| F|  |TAMS 0x000000070d000000| PB 0x000000070d000000| Untracked 
|  93|0x000000070d200000, 0x000000070d200000, 0x000000070d400000|  0%| F|  |TAMS 0x000000070d200000| PB 0x000000070d200000| Untracked 
|  94|0x000000070d400000, 0x000000070d400000, 0x000000070d600000|  0%| F|  |TAMS 0x000000070d400000| PB 0x000000070d400000| Untracked 
|  95|0x000000070d600000, 0x000000070d600000, 0x000000070d800000|  0%| F|  |TAMS 0x000000070d600000| PB 0x000000070d600000| Untracked 
|  96|0x000000070d800000, 0x000000070d800000, 0x000000070da00000|  0%| F|  |TAMS 0x000000070d800000| PB 0x000000070d800000| Untracked 
|  97|0x000000070da00000, 0x000000070da00000, 0x000000070dc00000|  0%| F|  |TAMS 0x000000070da00000| PB 0x000000070da00000| Untracked 
|  98|0x000000070dc00000, 0x000000070dc00000, 0x000000070de00000|  0%| F|  |TAMS 0x000000070dc00000| PB 0x000000070dc00000| Untracked 
|  99|0x000000070de00000, 0x000000070de00000, 0x000000070e000000|  0%| F|  |TAMS 0x000000070de00000| PB 0x000000070de00000| Untracked 
| 100|0x000000070e000000, 0x000000070e000000, 0x000000070e200000|  0%| F|  |TAMS 0x000000070e000000| PB 0x000000070e000000| Untracked 
| 101|0x000000070e200000, 0x000000070e200000, 0x000000070e400000|  0%| F|  |TAMS 0x000000070e200000| PB 0x000000070e200000| Untracked 
| 102|0x000000070e400000, 0x000000070e400000, 0x000000070e600000|  0%| F|  |TAMS 0x000000070e400000| PB 0x000000070e400000| Untracked 
| 103|0x000000070e600000, 0x000000070e600000, 0x000000070e800000|  0%| F|  |TAMS 0x000000070e600000| PB 0x000000070e600000| Untracked 
| 104|0x000000070e800000, 0x000000070e800000, 0x000000070ea00000|  0%| F|  |TAMS 0x000000070e800000| PB 0x000000070e800000| Untracked 
| 105|0x000000070ea00000, 0x000000070ea00000, 0x000000070ec00000|  0%| F|  |TAMS 0x000000070ea00000| PB 0x000000070ea00000| Untracked 
| 106|0x000000070ec00000, 0x000000070ec00000, 0x000000070ee00000|  0%| F|  |TAMS 0x000000070ec00000| PB 0x000000070ec00000| Untracked 
| 107|0x000000070ee00000, 0x000000070ee00000, 0x000000070f000000|  0%| F|  |TAMS 0x000000070ee00000| PB 0x000000070ee00000| Untracked 
| 108|0x000000070f000000, 0x000000070f000000, 0x000000070f200000|  0%| F|  |TAMS 0x000000070f000000| PB 0x000000070f000000| Untracked 
| 109|0x000000070f200000, 0x000000070f200000, 0x000000070f400000|  0%| F|  |TAMS 0x000000070f200000| PB 0x000000070f200000| Untracked 
| 110|0x000000070f400000, 0x000000070f400000, 0x000000070f600000|  0%| F|  |TAMS 0x000000070f400000| PB 0x000000070f400000| Untracked 
| 111|0x000000070f600000, 0x000000070f600000, 0x000000070f800000|  0%| F|  |TAMS 0x000000070f600000| PB 0x000000070f600000| Untracked 
| 112|0x000000070f800000, 0x000000070f800000, 0x000000070fa00000|  0%| F|  |TAMS 0x000000070f800000| PB 0x000000070f800000| Untracked 
| 113|0x000000070fa00000, 0x000000070fa00000, 0x000000070fc00000|  0%| F|  |TAMS 0x000000070fa00000| PB 0x000000070fa00000| Untracked 
| 114|0x000000070fc00000, 0x000000070fc00000, 0x000000070fe00000|  0%| F|  |TAMS 0x000000070fc00000| PB 0x000000070fc00000| Untracked 
| 115|0x000000070fe00000, 0x000000070fe00000, 0x0000000710000000|  0%| F|  |TAMS 0x000000070fe00000| PB 0x000000070fe00000| Untracked 
| 116|0x0000000710000000, 0x0000000710000000, 0x0000000710200000|  0%| F|  |TAMS 0x0000000710000000| PB 0x0000000710000000| Untracked 
| 117|0x0000000710200000, 0x0000000710200000, 0x0000000710400000|  0%| F|  |TAMS 0x0000000710200000| PB 0x0000000710200000| Untracked 
| 118|0x0000000710400000, 0x0000000710400000, 0x0000000710600000|  0%| F|  |TAMS 0x0000000710400000| PB 0x0000000710400000| Untracked 
| 119|0x0000000710600000, 0x0000000710600000, 0x0000000710800000|  0%| F|  |TAMS 0x0000000710600000| PB 0x0000000710600000| Untracked 
| 120|0x0000000710800000, 0x0000000710800000, 0x0000000710a00000|  0%| F|  |TAMS 0x0000000710800000| PB 0x0000000710800000| Untracked 
| 121|0x0000000710a00000, 0x0000000710a00000, 0x0000000710c00000|  0%| F|  |TAMS 0x0000000710a00000| PB 0x0000000710a00000| Untracked 
| 122|0x0000000710c00000, 0x0000000710c00000, 0x0000000710e00000|  0%| F|  |TAMS 0x0000000710c00000| PB 0x0000000710c00000| Untracked 
| 123|0x0000000710e00000, 0x0000000710e00000, 0x0000000711000000|  0%| F|  |TAMS 0x0000000710e00000| PB 0x0000000710e00000| Untracked 
| 124|0x0000000711000000, 0x0000000711000000, 0x0000000711200000|  0%| F|  |TAMS 0x0000000711000000| PB 0x0000000711000000| Untracked 
| 125|0x0000000711200000, 0x0000000711200000, 0x0000000711400000|  0%| F|  |TAMS 0x0000000711200000| PB 0x0000000711200000| Untracked 
| 126|0x0000000711400000, 0x0000000711400000, 0x0000000711600000|  0%| F|  |TAMS 0x0000000711400000| PB 0x0000000711400000| Untracked 
| 127|0x0000000711600000, 0x0000000711600000, 0x0000000711800000|  0%| F|  |TAMS 0x0000000711600000| PB 0x0000000711600000| Untracked 
| 128|0x0000000711800000, 0x0000000711800000, 0x0000000711a00000|  0%| F|  |TAMS 0x0000000711800000| PB 0x0000000711800000| Untracked 
| 129|0x0000000711a00000, 0x0000000711a00000, 0x0000000711c00000|  0%| F|  |TAMS 0x0000000711a00000| PB 0x0000000711a00000| Untracked 
| 130|0x0000000711c00000, 0x0000000711c00000, 0x0000000711e00000|  0%| F|  |TAMS 0x0000000711c00000| PB 0x0000000711c00000| Untracked 
| 131|0x0000000711e00000, 0x0000000711e00000, 0x0000000712000000|  0%| F|  |TAMS 0x0000000711e00000| PB 0x0000000711e00000| Untracked 
| 132|0x0000000712000000, 0x0000000712000000, 0x0000000712200000|  0%| F|  |TAMS 0x0000000712000000| PB 0x0000000712000000| Untracked 
| 133|0x0000000712200000, 0x0000000712200000, 0x0000000712400000|  0%| F|  |TAMS 0x0000000712200000| PB 0x0000000712200000| Untracked 
| 134|0x0000000712400000, 0x0000000712400000, 0x0000000712600000|  0%| F|  |TAMS 0x0000000712400000| PB 0x0000000712400000| Untracked 
| 135|0x0000000712600000, 0x0000000712600000, 0x0000000712800000|  0%| F|  |TAMS 0x0000000712600000| PB 0x0000000712600000| Untracked 
| 136|0x0000000712800000, 0x0000000712800000, 0x0000000712a00000|  0%| F|  |TAMS 0x0000000712800000| PB 0x0000000712800000| Untracked 
| 137|0x0000000712a00000, 0x0000000712a00000, 0x0000000712c00000|  0%| F|  |TAMS 0x0000000712a00000| PB 0x0000000712a00000| Untracked 
| 138|0x0000000712c00000, 0x0000000712c00000, 0x0000000712e00000|  0%| F|  |TAMS 0x0000000712c00000| PB 0x0000000712c00000| Untracked 
| 139|0x0000000712e00000, 0x0000000712e00000, 0x0000000713000000|  0%| F|  |TAMS 0x0000000712e00000| PB 0x0000000712e00000| Untracked 
| 140|0x0000000713000000, 0x0000000713000000, 0x0000000713200000|  0%| F|  |TAMS 0x0000000713000000| PB 0x0000000713000000| Untracked 
| 141|0x0000000713200000, 0x0000000713200000, 0x0000000713400000|  0%| F|  |TAMS 0x0000000713200000| PB 0x0000000713200000| Untracked 
| 142|0x0000000713400000, 0x0000000713400000, 0x0000000713600000|  0%| F|  |TAMS 0x0000000713400000| PB 0x0000000713400000| Untracked 
| 143|0x0000000713600000, 0x0000000713600000, 0x0000000713800000|  0%| F|  |TAMS 0x0000000713600000| PB 0x0000000713600000| Untracked 
| 144|0x0000000713800000, 0x0000000713800000, 0x0000000713a00000|  0%| F|  |TAMS 0x0000000713800000| PB 0x0000000713800000| Untracked 
| 145|0x0000000713a00000, 0x0000000713a00000, 0x0000000713c00000|  0%| F|  |TAMS 0x0000000713a00000| PB 0x0000000713a00000| Untracked 
| 146|0x0000000713c00000, 0x0000000713c00000, 0x0000000713e00000|  0%| F|  |TAMS 0x0000000713c00000| PB 0x0000000713c00000| Untracked 
| 147|0x0000000713e00000, 0x0000000713e00000, 0x0000000714000000|  0%| F|  |TAMS 0x0000000713e00000| PB 0x0000000713e00000| Untracked 
| 148|0x0000000714000000, 0x0000000714000000, 0x0000000714200000|  0%| F|  |TAMS 0x0000000714000000| PB 0x0000000714000000| Untracked 
| 149|0x0000000714200000, 0x0000000714200000, 0x0000000714400000|  0%| F|  |TAMS 0x0000000714200000| PB 0x0000000714200000| Untracked 
| 150|0x0000000714400000, 0x0000000714400000, 0x0000000714600000|  0%| F|  |TAMS 0x0000000714400000| PB 0x0000000714400000| Untracked 
| 151|0x0000000714600000, 0x0000000714600000, 0x0000000714800000|  0%| F|  |TAMS 0x0000000714600000| PB 0x0000000714600000| Untracked 
| 152|0x0000000714800000, 0x0000000714800000, 0x0000000714a00000|  0%| F|  |TAMS 0x0000000714800000| PB 0x0000000714800000| Untracked 
| 153|0x0000000714a00000, 0x0000000714a00000, 0x0000000714c00000|  0%| F|  |TAMS 0x0000000714a00000| PB 0x0000000714a00000| Untracked 
| 154|0x0000000714c00000, 0x0000000714c00000, 0x0000000714e00000|  0%| F|  |TAMS 0x0000000714c00000| PB 0x0000000714c00000| Untracked 
| 155|0x0000000714e00000, 0x0000000714e00000, 0x0000000715000000|  0%| F|  |TAMS 0x0000000714e00000| PB 0x0000000714e00000| Untracked 
| 156|0x0000000715000000, 0x0000000715000000, 0x0000000715200000|  0%| F|  |TAMS 0x0000000715000000| PB 0x0000000715000000| Untracked 
| 157|0x0000000715200000, 0x0000000715200000, 0x0000000715400000|  0%| F|  |TAMS 0x0000000715200000| PB 0x0000000715200000| Untracked 
| 158|0x0000000715400000, 0x0000000715400000, 0x0000000715600000|  0%| F|  |TAMS 0x0000000715400000| PB 0x0000000715400000| Untracked 
| 159|0x0000000715600000, 0x0000000715600000, 0x0000000715800000|  0%| F|  |TAMS 0x0000000715600000| PB 0x0000000715600000| Untracked 
| 160|0x0000000715800000, 0x0000000715800000, 0x0000000715a00000|  0%| F|  |TAMS 0x0000000715800000| PB 0x0000000715800000| Untracked 
| 161|0x0000000715a00000, 0x0000000715a00000, 0x0000000715c00000|  0%| F|  |TAMS 0x0000000715a00000| PB 0x0000000715a00000| Untracked 
| 162|0x0000000715c00000, 0x0000000715c00000, 0x0000000715e00000|  0%| F|  |TAMS 0x0000000715c00000| PB 0x0000000715c00000| Untracked 
| 163|0x0000000715e00000, 0x0000000715e00000, 0x0000000716000000|  0%| F|  |TAMS 0x0000000715e00000| PB 0x0000000715e00000| Untracked 
| 164|0x0000000716000000, 0x0000000716000000, 0x0000000716200000|  0%| F|  |TAMS 0x0000000716000000| PB 0x0000000716000000| Untracked 
| 165|0x0000000716200000, 0x0000000716200000, 0x0000000716400000|  0%| F|  |TAMS 0x0000000716200000| PB 0x0000000716200000| Untracked 
| 166|0x0000000716400000, 0x0000000716400000, 0x0000000716600000|  0%| F|  |TAMS 0x0000000716400000| PB 0x0000000716400000| Untracked 
| 167|0x0000000716600000, 0x0000000716600000, 0x0000000716800000|  0%| F|  |TAMS 0x0000000716600000| PB 0x0000000716600000| Untracked 
| 168|0x0000000716800000, 0x0000000716800000, 0x0000000716a00000|  0%| F|  |TAMS 0x0000000716800000| PB 0x0000000716800000| Untracked 
| 169|0x0000000716a00000, 0x0000000716a00000, 0x0000000716c00000|  0%| F|  |TAMS 0x0000000716a00000| PB 0x0000000716a00000| Untracked 
| 170|0x0000000716c00000, 0x0000000716c00000, 0x0000000716e00000|  0%| F|  |TAMS 0x0000000716c00000| PB 0x0000000716c00000| Untracked 
| 171|0x0000000716e00000, 0x0000000716e00000, 0x0000000717000000|  0%| F|  |TAMS 0x0000000716e00000| PB 0x0000000716e00000| Untracked 
| 172|0x0000000717000000, 0x0000000717000000, 0x0000000717200000|  0%| F|  |TAMS 0x0000000717000000| PB 0x0000000717000000| Untracked 
| 173|0x0000000717200000, 0x0000000717200000, 0x0000000717400000|  0%| F|  |TAMS 0x0000000717200000| PB 0x0000000717200000| Untracked 
| 174|0x0000000717400000, 0x0000000717400000, 0x0000000717600000|  0%| F|  |TAMS 0x0000000717400000| PB 0x0000000717400000| Untracked 
| 175|0x0000000717600000, 0x0000000717600000, 0x0000000717800000|  0%| F|  |TAMS 0x0000000717600000| PB 0x0000000717600000| Untracked 
| 176|0x0000000717800000, 0x0000000717800000, 0x0000000717a00000|  0%| F|  |TAMS 0x0000000717800000| PB 0x0000000717800000| Untracked 
| 177|0x0000000717a00000, 0x0000000717a00000, 0x0000000717c00000|  0%| F|  |TAMS 0x0000000717a00000| PB 0x0000000717a00000| Untracked 
| 178|0x0000000717c00000, 0x0000000717c00000, 0x0000000717e00000|  0%| F|  |TAMS 0x0000000717c00000| PB 0x0000000717c00000| Untracked 
| 179|0x0000000717e00000, 0x0000000717e00000, 0x0000000718000000|  0%| F|  |TAMS 0x0000000717e00000| PB 0x0000000717e00000| Untracked 
| 180|0x0000000718000000, 0x0000000718000000, 0x0000000718200000|  0%| F|  |TAMS 0x0000000718000000| PB 0x0000000718000000| Untracked 
| 181|0x0000000718200000, 0x0000000718200000, 0x0000000718400000|  0%| F|  |TAMS 0x0000000718200000| PB 0x0000000718200000| Untracked 
| 182|0x0000000718400000, 0x0000000718400000, 0x0000000718600000|  0%| F|  |TAMS 0x0000000718400000| PB 0x0000000718400000| Untracked 
| 183|0x0000000718600000, 0x0000000718600000, 0x0000000718800000|  0%| F|  |TAMS 0x0000000718600000| PB 0x0000000718600000| Untracked 
| 184|0x0000000718800000, 0x0000000718800000, 0x0000000718a00000|  0%| F|  |TAMS 0x0000000718800000| PB 0x0000000718800000| Untracked 
| 185|0x0000000718a00000, 0x0000000718a00000, 0x0000000718c00000|  0%| F|  |TAMS 0x0000000718a00000| PB 0x0000000718a00000| Untracked 
| 186|0x0000000718c00000, 0x0000000718c00000, 0x0000000718e00000|  0%| F|  |TAMS 0x0000000718c00000| PB 0x0000000718c00000| Untracked 
| 187|0x0000000718e00000, 0x0000000718e00000, 0x0000000719000000|  0%| F|  |TAMS 0x0000000718e00000| PB 0x0000000718e00000| Untracked 
| 188|0x0000000719000000, 0x0000000719000000, 0x0000000719200000|  0%| F|  |TAMS 0x0000000719000000| PB 0x0000000719000000| Untracked 
| 189|0x0000000719200000, 0x0000000719200000, 0x0000000719400000|  0%| F|  |TAMS 0x0000000719200000| PB 0x0000000719200000| Untracked 
| 190|0x0000000719400000, 0x0000000719400000, 0x0000000719600000|  0%| F|  |TAMS 0x0000000719400000| PB 0x0000000719400000| Untracked 
| 191|0x0000000719600000, 0x0000000719600000, 0x0000000719800000|  0%| F|  |TAMS 0x0000000719600000| PB 0x0000000719600000| Untracked 
| 192|0x0000000719800000, 0x0000000719800000, 0x0000000719a00000|  0%| F|  |TAMS 0x0000000719800000| PB 0x0000000719800000| Untracked 
| 193|0x0000000719a00000, 0x0000000719a00000, 0x0000000719c00000|  0%| F|  |TAMS 0x0000000719a00000| PB 0x0000000719a00000| Untracked 
| 194|0x0000000719c00000, 0x0000000719c00000, 0x0000000719e00000|  0%| F|  |TAMS 0x0000000719c00000| PB 0x0000000719c00000| Untracked 
| 195|0x0000000719e00000, 0x0000000719e00000, 0x000000071a000000|  0%| F|  |TAMS 0x0000000719e00000| PB 0x0000000719e00000| Untracked 
| 196|0x000000071a000000, 0x000000071a000000, 0x000000071a200000|  0%| F|  |TAMS 0x000000071a000000| PB 0x000000071a000000| Untracked 
| 197|0x000000071a200000, 0x000000071a200000, 0x000000071a400000|  0%| F|  |TAMS 0x000000071a200000| PB 0x000000071a200000| Untracked 
| 198|0x000000071a400000, 0x000000071a400000, 0x000000071a600000|  0%| F|  |TAMS 0x000000071a400000| PB 0x000000071a400000| Untracked 
| 199|0x000000071a600000, 0x000000071a600000, 0x000000071a800000|  0%| F|  |TAMS 0x000000071a600000| PB 0x000000071a600000| Untracked 
| 200|0x000000071a800000, 0x000000071a800000, 0x000000071aa00000|  0%| F|  |TAMS 0x000000071a800000| PB 0x000000071a800000| Untracked 
| 201|0x000000071aa00000, 0x000000071aa00000, 0x000000071ac00000|  0%| F|  |TAMS 0x000000071aa00000| PB 0x000000071aa00000| Untracked 
| 202|0x000000071ac00000, 0x000000071ac00000, 0x000000071ae00000|  0%| F|  |TAMS 0x000000071ac00000| PB 0x000000071ac00000| Untracked 
| 203|0x000000071ae00000, 0x000000071ae00000, 0x000000071b000000|  0%| F|  |TAMS 0x000000071ae00000| PB 0x000000071ae00000| Untracked 
| 204|0x000000071b000000, 0x000000071b000000, 0x000000071b200000|  0%| F|  |TAMS 0x000000071b000000| PB 0x000000071b000000| Untracked 
| 205|0x000000071b200000, 0x000000071b200000, 0x000000071b400000|  0%| F|  |TAMS 0x000000071b200000| PB 0x000000071b200000| Untracked 
| 206|0x000000071b400000, 0x000000071b400000, 0x000000071b600000|  0%| F|  |TAMS 0x000000071b400000| PB 0x000000071b400000| Untracked 
| 207|0x000000071b600000, 0x000000071b600000, 0x000000071b800000|  0%| F|  |TAMS 0x000000071b600000| PB 0x000000071b600000| Untracked 
| 208|0x000000071b800000, 0x000000071b800000, 0x000000071ba00000|  0%| F|  |TAMS 0x000000071b800000| PB 0x000000071b800000| Untracked 
| 209|0x000000071ba00000, 0x000000071ba00000, 0x000000071bc00000|  0%| F|  |TAMS 0x000000071ba00000| PB 0x000000071ba00000| Untracked 
| 210|0x000000071bc00000, 0x000000071bc00000, 0x000000071be00000|  0%| F|  |TAMS 0x000000071bc00000| PB 0x000000071bc00000| Untracked 
| 211|0x000000071be00000, 0x000000071be00000, 0x000000071c000000|  0%| F|  |TAMS 0x000000071be00000| PB 0x000000071be00000| Untracked 
| 212|0x000000071c000000, 0x000000071c000000, 0x000000071c200000|  0%| F|  |TAMS 0x000000071c000000| PB 0x000000071c000000| Untracked 
| 213|0x000000071c200000, 0x000000071c200000, 0x000000071c400000|  0%| F|  |TAMS 0x000000071c200000| PB 0x000000071c200000| Untracked 
| 214|0x000000071c400000, 0x000000071c400000, 0x000000071c600000|  0%| F|  |TAMS 0x000000071c400000| PB 0x000000071c400000| Untracked 
| 215|0x000000071c600000, 0x000000071c600000, 0x000000071c800000|  0%| F|  |TAMS 0x000000071c600000| PB 0x000000071c600000| Untracked 
| 216|0x000000071c800000, 0x000000071c800000, 0x000000071ca00000|  0%| F|  |TAMS 0x000000071c800000| PB 0x000000071c800000| Untracked 
| 217|0x000000071ca00000, 0x000000071ca00000, 0x000000071cc00000|  0%| F|  |TAMS 0x000000071ca00000| PB 0x000000071ca00000| Untracked 
| 218|0x000000071cc00000, 0x000000071cc00000, 0x000000071ce00000|  0%| F|  |TAMS 0x000000071cc00000| PB 0x000000071cc00000| Untracked 
| 219|0x000000071ce00000, 0x000000071ce00000, 0x000000071d000000|  0%| F|  |TAMS 0x000000071ce00000| PB 0x000000071ce00000| Untracked 
| 220|0x000000071d000000, 0x000000071d000000, 0x000000071d200000|  0%| F|  |TAMS 0x000000071d000000| PB 0x000000071d000000| Untracked 
| 221|0x000000071d200000, 0x000000071d200000, 0x000000071d400000|  0%| F|  |TAMS 0x000000071d200000| PB 0x000000071d200000| Untracked 
| 222|0x000000071d400000, 0x000000071d400000, 0x000000071d600000|  0%| F|  |TAMS 0x000000071d400000| PB 0x000000071d400000| Untracked 
| 223|0x000000071d600000, 0x000000071d600000, 0x000000071d800000|  0%| F|  |TAMS 0x000000071d600000| PB 0x000000071d600000| Untracked 
| 224|0x000000071d800000, 0x000000071d800000, 0x000000071da00000|  0%| F|  |TAMS 0x000000071d800000| PB 0x000000071d800000| Untracked 
| 225|0x000000071da00000, 0x000000071da00000, 0x000000071dc00000|  0%| F|  |TAMS 0x000000071da00000| PB 0x000000071da00000| Untracked 
| 226|0x000000071dc00000, 0x000000071dc00000, 0x000000071de00000|  0%| F|  |TAMS 0x000000071dc00000| PB 0x000000071dc00000| Untracked 
| 227|0x000000071de00000, 0x000000071de00000, 0x000000071e000000|  0%| F|  |TAMS 0x000000071de00000| PB 0x000000071de00000| Untracked 
| 228|0x000000071e000000, 0x000000071e000000, 0x000000071e200000|  0%| F|  |TAMS 0x000000071e000000| PB 0x000000071e000000| Untracked 
| 229|0x000000071e200000, 0x000000071e200000, 0x000000071e400000|  0%| F|  |TAMS 0x000000071e200000| PB 0x000000071e200000| Untracked 
| 230|0x000000071e400000, 0x000000071e400000, 0x000000071e600000|  0%| F|  |TAMS 0x000000071e400000| PB 0x000000071e400000| Untracked 
| 231|0x000000071e600000, 0x000000071e600000, 0x000000071e800000|  0%| F|  |TAMS 0x000000071e600000| PB 0x000000071e600000| Untracked 
| 232|0x000000071e800000, 0x000000071e800000, 0x000000071ea00000|  0%| F|  |TAMS 0x000000071e800000| PB 0x000000071e800000| Untracked 
| 233|0x000000071ea00000, 0x000000071ea00000, 0x000000071ec00000|  0%| F|  |TAMS 0x000000071ea00000| PB 0x000000071ea00000| Untracked 
| 234|0x000000071ec00000, 0x000000071ec00000, 0x000000071ee00000|  0%| F|  |TAMS 0x000000071ec00000| PB 0x000000071ec00000| Untracked 
| 235|0x000000071ee00000, 0x000000071ee00000, 0x000000071f000000|  0%| F|  |TAMS 0x000000071ee00000| PB 0x000000071ee00000| Untracked 
| 236|0x000000071f000000, 0x000000071f000000, 0x000000071f200000|  0%| F|  |TAMS 0x000000071f000000| PB 0x000000071f000000| Untracked 
| 237|0x000000071f200000, 0x000000071f200000, 0x000000071f400000|  0%| F|  |TAMS 0x000000071f200000| PB 0x000000071f200000| Untracked 
| 238|0x000000071f400000, 0x000000071f400000, 0x000000071f600000|  0%| F|  |TAMS 0x000000071f400000| PB 0x000000071f400000| Untracked 
| 239|0x000000071f600000, 0x000000071f600000, 0x000000071f800000|  0%| F|  |TAMS 0x000000071f600000| PB 0x000000071f600000| Untracked 
| 240|0x000000071f800000, 0x000000071f800000, 0x000000071fa00000|  0%| F|  |TAMS 0x000000071f800000| PB 0x000000071f800000| Untracked 
| 241|0x000000071fa00000, 0x000000071fa00000, 0x000000071fc00000|  0%| F|  |TAMS 0x000000071fa00000| PB 0x000000071fa00000| Untracked 
| 242|0x000000071fc00000, 0x000000071fc00000, 0x000000071fe00000|  0%| F|  |TAMS 0x000000071fc00000| PB 0x000000071fc00000| Untracked 
| 243|0x000000071fe00000, 0x000000071fe00000, 0x0000000720000000|  0%| F|  |TAMS 0x000000071fe00000| PB 0x000000071fe00000| Untracked 
| 244|0x0000000720000000, 0x0000000720000000, 0x0000000720200000|  0%| F|  |TAMS 0x0000000720000000| PB 0x0000000720000000| Untracked 
| 245|0x0000000720200000, 0x0000000720200000, 0x0000000720400000|  0%| F|  |TAMS 0x0000000720200000| PB 0x0000000720200000| Untracked 
| 246|0x0000000720400000, 0x0000000720400000, 0x0000000720600000|  0%| F|  |TAMS 0x0000000720400000| PB 0x0000000720400000| Untracked 
| 247|0x0000000720600000, 0x0000000720600000, 0x0000000720800000|  0%| F|  |TAMS 0x0000000720600000| PB 0x0000000720600000| Untracked 
| 248|0x0000000720800000, 0x0000000720800000, 0x0000000720a00000|  0%| F|  |TAMS 0x0000000720800000| PB 0x0000000720800000| Untracked 
| 249|0x0000000720a00000, 0x0000000720a00000, 0x0000000720c00000|  0%| F|  |TAMS 0x0000000720a00000| PB 0x0000000720a00000| Untracked 
| 250|0x0000000720c00000, 0x0000000720c00000, 0x0000000720e00000|  0%| F|  |TAMS 0x0000000720c00000| PB 0x0000000720c00000| Untracked 
| 251|0x0000000720e00000, 0x0000000720e00000, 0x0000000721000000|  0%| F|  |TAMS 0x0000000720e00000| PB 0x0000000720e00000| Untracked 
| 252|0x0000000721000000, 0x0000000721000000, 0x0000000721200000|  0%| F|  |TAMS 0x0000000721000000| PB 0x0000000721000000| Untracked 
| 253|0x0000000721200000, 0x0000000721200000, 0x0000000721400000|  0%| F|  |TAMS 0x0000000721200000| PB 0x0000000721200000| Untracked 
| 254|0x0000000721400000, 0x0000000721400ac8, 0x0000000721600000|  0%| E|  |TAMS 0x0000000721400000| PB 0x0000000721400000| Complete 
| 255|0x0000000721600000, 0x0000000721800000, 0x0000000721800000|100%| E|CS|TAMS 0x0000000721600000| PB 0x0000000721600000| Complete 

Card table byte_map: [0x0000018fa24c0000,0x0000018fa2cc0000] _byte_map_base: 0x0000018f9ecb4000

Marking Bits: (CMBitMap*) 0x0000018f8a8b7e10
 Bits: [0x0000018fa2cc0000, 0x0000018fa6c60000)

Polling page: 0x0000018f803a0000

Metaspace:

Usage:
  Non-class:     85.92 MB used.
      Class:     14.45 MB used.
       Both:    100.37 MB used.

Virtual space:
  Non-class space:      128.00 MB reserved,      86.31 MB ( 67%) committed,  2 nodes.
      Class space:        1.00 GB reserved,      14.81 MB (  1%) committed,  1 nodes.
             Both:        1.12 GB reserved,     101.12 MB (  9%) committed. 

Chunk freelists:
   Non-Class:  9.41 MB
       Class:  1.21 MB
        Both:  10.62 MB

MaxMetaspaceSize: unlimited
CompressedClassSpaceSize: 1.00 GB
Initial GC threshold: 21.00 MB
Current GC threshold: 168.38 MB
CDS: on
 - commit_granule_bytes: 65536.
 - commit_granule_words: 8192.
 - virtual_space_node_default_size: 8388608.
 - enlarge_chunks_in_place: 1.
 - use_allocation_guard: 0.


Internal statistics:

num_allocs_failed_limit: 12.
num_arena_births: 1116.
num_arena_deaths: 0.
num_vsnodes_births: 3.
num_vsnodes_deaths: 0.
num_space_committed: 1611.
num_space_uncommitted: 0.
num_chunks_returned_to_freelist: 12.
num_chunks_taken_from_freelist: 4059.
num_chunk_merges: 9.
num_chunk_splits: 2985.
num_chunks_enlarged: 2219.
num_inconsistent_stats: 0.

CodeHeap 'non-profiled nmethods': size=119168Kb used=13048Kb max_used=19492Kb free=106119Kb
 bounds [0x0000018f9b060000, 0x0000018f9c370000, 0x0000018fa24c0000]
CodeHeap 'profiled nmethods': size=119104Kb used=12800Kb max_used=36645Kb free=106304Kb
 bounds [0x0000018f934c0000, 0x0000018f958b0000, 0x0000018f9a910000]
CodeHeap 'non-nmethods': size=7488Kb used=4069Kb max_used=4145Kb free=3418Kb
 bounds [0x0000018f9a910000, 0x0000018f9ad30000, 0x0000018f9b060000]
 total_blobs=7727 nmethods=6442 adapters=1184
 compilation: enabled
              stopped_count=0, restarted_count=0
 full_count=0

Compilation events (20 events):
Event: 490.471 Thread 0x0000019057cb7000 nmethod 34205 0x0000018f94802790 code [0x0000018f94802980, 0x0000018f94802cf0]
Event: 490.471 Thread 0x0000019057cb7000 34207       3       ui.data.pconstr.i::<init> (7 bytes)
Event: 490.471 Thread 0x0000019057cb7000 nmethod 34207 0x0000018f937b2b90 code [0x0000018f937b2e40, 0x0000018f937b3988]
Event: 490.471 Thread 0x0000019057cb7000 34208       3       ui.data.pconstr.i::hasNext (8 bytes)
Event: 490.472 Thread 0x0000018f8aac5970 nmethod 34203 0x0000018f9539b210 code [0x0000018f9539b9a0, 0x0000018f9539fe28]
Event: 490.472 Thread 0x0000018f8aac5970 34210       3       ui.views.j.a.a.c.a::j (9 bytes)
Event: 490.472 Thread 0x0000019057cb7000 nmethod 34208 0x0000018f94dbd090 code [0x0000018f94dbd240, 0x0000018f94dbd380]
Event: 490.472 Thread 0x0000018f8aac5970 nmethod 34210 0x0000018f941baf90 code [0x0000018f941bb140, 0x0000018f941bb290]
Event: 490.472 Thread 0x0000018f8aac5970 34212       3       ui.views.j.a.a.c.a::Y (9 bytes)
Event: 490.472 Thread 0x0000019057cb7000 34211       3       ui.views.j.a.a.g.f::j (656 bytes)
Event: 490.472 Thread 0x0000018f8aac5970 nmethod 34212 0x0000018f94231b10 code [0x0000018f94231cc0, 0x0000018f94231e10]
Event: 490.472 Thread 0x0000018f8aac5970 34213   !   3       ui.views.j.a.a.g.f::Y (482 bytes)
Event: 490.473 Thread 0x0000019057cba680 34214       3       ui.views.j.a.a.c.a::X (9 bytes)
Event: 490.474 Thread 0x0000018f8aac5970 nmethod 34213 0x0000018f944e4090 code [0x0000018f944e4620, 0x0000018f944e7ef0]
Event: 490.474 Thread 0x0000018f8aac5970 34215       3       ui.views.j.a.a.g.f::X (65 bytes)
Event: 490.474 Thread 0x0000019057cba680 nmethod 34214 0x0000018f94248a90 code [0x0000018f94248c40, 0x0000018f94248d90]
Event: 490.474 Thread 0x0000019057cba680 34216       3       ui.views.j.a.a.h.c::a (134 bytes)
Event: 490.474 Thread 0x0000019057cb7000 nmethod 34211 0x0000018f939e3c90 code [0x0000018f939e43a0, 0x0000018f939e9438]
Event: 490.474 Thread 0x0000018f8aac5970 nmethod 34215 0x0000018f938e8a10 code [0x0000018f938e8c40, 0x0000018f938e9520]
Event: 490.474 Thread 0x0000019057cba680 nmethod 34216 0x0000018f9398e390 code [0x0000018f9398e6e0, 0x0000018f93990000]

GC Heap History (20 events):
Event: 483.500 GC heap before
{Heap before GC invocations=207 (full 99):
 garbage-first heap   total 524288K, used 175600K [0x0000000701800000, 0x0000000800000000)
  region size 2048K, 12 young (24576K), 0 survivors (0K)
 Metaspace       used 102700K, committed 103488K, reserved 1179648K
  class space    used 14799K, committed 15168K, reserved 1048576K
}
Event: 483.563 GC heap after
{Heap after GC invocations=208 (full 100):
 garbage-first heap   total 524288K, used 143895K [0x0000000701800000, 0x0000000800000000)
  region size 2048K, 0 young (0K), 0 survivors (0K)
 Metaspace       used 102700K, committed 103488K, reserved 1179648K
  class space    used 14799K, committed 15168K, reserved 1048576K
}
Event: 486.968 GC heap before
{Heap before GC invocations=208 (full 100):
 garbage-first heap   total 524288K, used 193047K [0x0000000701800000, 0x0000000800000000)
  region size 2048K, 20 young (40960K), 0 survivors (0K)
 Metaspace       used 102703K, committed 103488K, reserved 1179648K
  class space    used 14799K, committed 15168K, reserved 1048576K
}
Event: 487.022 GC heap after
{Heap after GC invocations=209 (full 101):
 garbage-first heap   total 524288K, used 143976K [0x0000000701800000, 0x0000000800000000)
  region size 2048K, 0 young (0K), 0 survivors (0K)
 Metaspace       used 102703K, committed 103488K, reserved 1179648K
  class space    used 14799K, committed 15168K, reserved 1048576K
}
Event: 488.545 GC heap before
{Heap before GC invocations=209 (full 101):
 garbage-first heap   total 524288K, used 166504K [0x0000000701800000, 0x0000000800000000)
  region size 2048K, 7 young (14336K), 0 survivors (0K)
 Metaspace       used 102703K, committed 103488K, reserved 1179648K
  class space    used 14799K, committed 15168K, reserved 1048576K
}
Event: 488.606 GC heap after
{Heap after GC invocations=210 (full 102):
 garbage-first heap   total 524288K, used 143055K [0x0000000701800000, 0x0000000800000000)
  region size 2048K, 0 young (0K), 0 survivors (0K)
 Metaspace       used 102703K, committed 103488K, reserved 1179648K
  class space    used 14799K, committed 15168K, reserved 1048576K
}
Event: 488.812 GC heap before
{Heap before GC invocations=210 (full 102):
 garbage-first heap   total 524288K, used 161487K [0x0000000701800000, 0x0000000800000000)
  region size 2048K, 5 young (10240K), 0 survivors (0K)
 Metaspace       used 102704K, committed 103488K, reserved 1179648K
  class space    used 14799K, committed 15168K, reserved 1048576K
}
Event: 488.869 GC heap after
{Heap after GC invocations=211 (full 103):
 garbage-first heap   total 524288K, used 142984K [0x0000000701800000, 0x0000000800000000)
  region size 2048K, 0 young (0K), 0 survivors (0K)
 Metaspace       used 102704K, committed 103488K, reserved 1179648K
  class space    used 14799K, committed 15168K, reserved 1048576K
}
Event: 489.156 GC heap before
{Heap before GC invocations=211 (full 103):
 garbage-first heap   total 524288K, used 161416K [0x0000000701800000, 0x0000000800000000)
  region size 2048K, 5 young (10240K), 0 survivors (0K)
 Metaspace       used 102704K, committed 103488K, reserved 1179648K
  class space    used 14799K, committed 15168K, reserved 1048576K
}
Event: 489.207 GC heap after
{Heap after GC invocations=212 (full 104):
 garbage-first heap   total 524288K, used 142753K [0x0000000701800000, 0x0000000800000000)
  region size 2048K, 0 young (0K), 0 survivors (0K)
 Metaspace       used 102704K, committed 103488K, reserved 1179648K
  class space    used 14799K, committed 15168K, reserved 1048576K
}
Event: 489.456 GC heap before
{Heap before GC invocations=212 (full 104):
 garbage-first heap   total 524288K, used 163233K [0x0000000701800000, 0x0000000800000000)
  region size 2048K, 5 young (10240K), 0 survivors (0K)
 Metaspace       used 102704K, committed 103488K, reserved 1179648K
  class space    used 14799K, committed 15168K, reserved 1048576K
}
Event: 489.516 GC heap after
{Heap after GC invocations=213 (full 105):
 garbage-first heap   total 524288K, used 142775K [0x0000000701800000, 0x0000000800000000)
  region size 2048K, 0 young (0K), 0 survivors (0K)
 Metaspace       used 102704K, committed 103488K, reserved 1179648K
  class space    used 14799K, committed 15168K, reserved 1048576K
}
Event: 489.719 GC heap before
{Heap before GC invocations=213 (full 105):
 garbage-first heap   total 524288K, used 167351K [0x0000000701800000, 0x0000000800000000)
  region size 2048K, 6 young (12288K), 0 survivors (0K)
 Metaspace       used 102710K, committed 103488K, reserved 1179648K
  class space    used 14799K, committed 15168K, reserved 1048576K
}
Event: 489.777 GC heap after
{Heap after GC invocations=214 (full 106):
 garbage-first heap   total 524288K, used 144880K [0x0000000701800000, 0x0000000800000000)
  region size 2048K, 0 young (0K), 0 survivors (0K)
 Metaspace       used 102710K, committed 103488K, reserved 1179648K
  class space    used 14799K, committed 15168K, reserved 1048576K
}
Event: 489.938 GC heap before
{Heap before GC invocations=214 (full 106):
 garbage-first heap   total 524288K, used 159216K [0x0000000701800000, 0x0000000800000000)
  region size 2048K, 5 young (10240K), 0 survivors (0K)
 Metaspace       used 102711K, committed 103488K, reserved 1179648K
  class space    used 14799K, committed 15168K, reserved 1048576K
}
Event: 490.004 GC heap after
{Heap after GC invocations=215 (full 107):
 garbage-first heap   total 524288K, used 142601K [0x0000000701800000, 0x0000000800000000)
  region size 2048K, 0 young (0K), 0 survivors (0K)
 Metaspace       used 102711K, committed 103488K, reserved 1179648K
  class space    used 14799K, committed 15168K, reserved 1048576K
}
Event: 490.217 GC heap before
{Heap before GC invocations=215 (full 107):
 garbage-first heap   total 524288K, used 158985K [0x0000000701800000, 0x0000000800000000)
  region size 2048K, 4 young (8192K), 0 survivors (0K)
 Metaspace       used 102713K, committed 103488K, reserved 1179648K
  class space    used 14799K, committed 15168K, reserved 1048576K
}
Event: 490.274 GC heap after
{Heap after GC invocations=216 (full 108):
 garbage-first heap   total 524288K, used 142636K [0x0000000701800000, 0x0000000800000000)
  region size 2048K, 0 young (0K), 0 survivors (0K)
 Metaspace       used 102713K, committed 103488K, reserved 1179648K
  class space    used 14799K, committed 15168K, reserved 1048576K
}
Event: 490.485 GC heap before
{Heap before GC invocations=216 (full 108):
 garbage-first heap   total 524288K, used 165164K [0x0000000701800000, 0x0000000800000000)
  region size 2048K, 6 young (12288K), 0 survivors (0K)
 Metaspace       used 102780K, committed 103552K, reserved 1179648K
  class space    used 14799K, committed 15168K, reserved 1048576K
}
Event: 490.537 GC heap after
{Heap after GC invocations=217 (full 109):
 garbage-first heap   total 524288K, used 142658K [0x0000000701800000, 0x0000000800000000)
  region size 2048K, 0 young (0K), 0 survivors (0K)
 Metaspace       used 102780K, committed 103552K, reserved 1179648K
  class space    used 14799K, committed 15168K, reserved 1048576K
}

Dll operation events (20 events):
Event: 14.204 Loaded shared library D:\Xilinx\Vivado\2024.2\lib\win64.o\xv_labtoolstasks.dll
Event: 14.263 Loaded shared library D:\Xilinx\Vivado\2024.2\lib\win64.o\xv_simtcltasks.dll
Event: 14.411 Loaded shared library D:\Xilinx\Vivado\2024.2\lib\win64.o\xv_ipservicestasks.dll
Event: 14.413 Loaded shared library D:\Xilinx\Vivado\2024.2\lib\win64.o\xv_vivadotasks.dll
Event: 14.415 Loaded shared library D:\Xilinx\Vivado\2024.2\lib\win64.o\xv_board.dll
Event: 14.417 Loaded shared library D:\Xilinx\Vivado\2024.2\lib\win64.o\xv_boarddep.dll
Event: 14.418 Loaded shared library D:\Xilinx\Vivado\2024.2\lib\win64.o\xv_boardcommontasks.dll
Event: 14.420 Loaded shared library D:\Xilinx\Vivado\2024.2\lib\win64.o\xv_ptgen.dll
Event: 14.421 Loaded shared library D:\Xilinx\Vivado\2024.2\lib\win64.o\xv_ip.dll
Event: 14.423 Loaded shared library D:\Xilinx\Vivado\2024.2\lib\win64.o\xv_mig.dll
Event: 14.425 Loaded shared library D:\Xilinx\Vivado\2024.2\lib\win64.o\xv_implflow.dll
Event: 14.427 Loaded shared library D:\Xilinx\Vivado\2024.2\lib\win64.o\xv_xhubtasks.dll
Event: 14.598 Loaded shared library D:\Xilinx\Vivado\2024.2\lib\win64.o\xv_iptasks.dll
Event: 14.601 Loaded shared library D:\Xilinx\Vivado\2024.2\lib\win64.o\xv_synth.dll
Event: 17.244 Loaded shared library D:\Xilinx\Vivado\2024.2\tps\win64\jre21.0.1_12\bin\verify.dll
Event: 17.421 Loaded shared library D:\Xilinx\Vivado\2024.2\tps\win64\jre21.0.1_12\bin\freetype.dll
Event: 17.483 Loaded shared library D:\Xilinx\Vivado\2024.2\tps\win64\jre21.0.1_12\bin\fontmanager.dll
Event: 29.722 Loaded shared library D:\Xilinx\Vivado\2024.2\lib\win64.o\xv_xhub.dll
Event: 36.556 Loaded shared library D:\Xilinx\Vivado\2024.2\tps\win64\jre21.0.1_12\bin\management.dll
Event: 36.587 Loaded shared library D:\Xilinx\Vivado\2024.2\tps\win64\jre21.0.1_12\bin\management_ext.dll

Deoptimization events (20 events):
Event: 475.232 Thread 0x000001902bb01e50 DEOPT PACKING pc=0x0000018f936fdd45 sp=0x0000008ee6bff1f0
Event: 475.232 Thread 0x000001902bb01e50 DEOPT UNPACKING pc=0x0000018f9a964e42 sp=0x0000008ee6bfe6e8 mode 0
Event: 475.304 Thread 0x000001902bb01e50 DEOPT PACKING pc=0x0000018f936fdd45 sp=0x0000008eb7cff2e0
Event: 475.304 Thread 0x000001902bb01e50 DEOPT UNPACKING pc=0x0000018f9a964e42 sp=0x0000008eb7cfe7d8 mode 0
Event: 480.312 Thread 0x0000018fefdc0ea0 Uncommon trap: trap_request=0xffffff76 fr.pc=0x0000018f9b73d774 relative=0x0000000000002514
Event: 480.312 Thread 0x0000018fefdc0ea0 Uncommon trap: reason=predicate action=maybe_recompile pc=0x0000018f9b73d774 method=ui.data.device.s.c.a.h(Ljava/awt/Rectangle;)Ljava/util/ArrayList; @ 154 c2
Event: 480.312 Thread 0x0000018fefdc0ea0 DEOPT PACKING pc=0x0000018f9b73d774 sp=0x0000008eb06fe2c0
Event: 480.312 Thread 0x0000018fefdc0ea0 DEOPT UNPACKING pc=0x0000018f9a9646a2 sp=0x0000008eb06fe278 mode 2
Event: 486.280 Thread 0x0000018ff23a9fa0 Uncommon trap: trap_request=0xffffff45 fr.pc=0x0000018f9b6b3590 relative=0x0000000000000fd0
Event: 486.280 Thread 0x0000018ff23a9fa0 Uncommon trap: reason=unstable_if action=reinterpret pc=0x0000018f9b6b3590 method=java.util.concurrent.locks.AbstractQueuedSynchronizer.acquire(Ljava/util/concurrent/locks/AbstractQueuedSynchronizer$Node;IZZZJ)I @ 285 c2
Event: 486.280 Thread 0x0000018ff23a9fa0 DEOPT PACKING pc=0x0000018f9b6b3590 sp=0x0000008eafcff3e0
Event: 486.280 Thread 0x0000018ff23a9fa0 DEOPT UNPACKING pc=0x0000018f9a9646a2 sp=0x0000008eafcff368 mode 2
Event: 489.130 Thread 0x0000018fefdc0ea0 DEOPT PACKING pc=0x0000018f9559f580 sp=0x0000008eb06fd700
Event: 489.130 Thread 0x0000018fefdc0ea0 DEOPT UNPACKING pc=0x0000018f9a964e42 sp=0x0000008eb06fcc28 mode 0
Event: 489.146 Thread 0x0000018fefdc0ea0 DEOPT PACKING pc=0x0000018f9364eb6b sp=0x0000008eb06fd7a0
Event: 489.146 Thread 0x0000018fefdc0ea0 DEOPT UNPACKING pc=0x0000018f9a964e42 sp=0x0000008eb06fcc70 mode 0
Event: 489.553 Thread 0x0000018fefdc0ea0 Uncommon trap: trap_request=0xffffff45 fr.pc=0x0000018f9b28498c relative=0x000000000000094c
Event: 489.553 Thread 0x0000018fefdc0ea0 Uncommon trap: reason=unstable_if action=reinterpret pc=0x0000018f9b28498c method=sun.font.GlyphList.ensureCapacity(I)V @ 49 c2
Event: 489.553 Thread 0x0000018fefdc0ea0 DEOPT PACKING pc=0x0000018f9b28498c sp=0x0000008eb06fe2c0
Event: 489.553 Thread 0x0000018fefdc0ea0 DEOPT UNPACKING pc=0x0000018f9a9646a2 sp=0x0000008eb06fe170 mode 2

Classes loaded (20 events):
Event: 351.278 Loading class javax/swing/text/html/CSS$LayoutIterator done
Event: 351.278 Loading class javax/swing/text/html/TableView$RowIterator done
Event: 351.278 Loading class javax/swing/text/html/TableView$ColumnIterator
Event: 351.278 Loading class javax/swing/text/html/TableView$ColumnIterator done
Event: 351.279 Loading class javax/swing/text/html/TableView$RowView
Event: 351.279 Loading class javax/swing/text/html/TableView$RowView done
Event: 351.279 Loading class javax/swing/text/html/TableView$CellView
Event: 351.279 Loading class javax/swing/text/html/TableView$CellView done
Event: 353.069 Loading class javax/swing/text/DefaultHighlighter$LayeredHighlightInfo
Event: 353.069 Loading class javax/swing/text/DefaultHighlighter$HighlightInfo
Event: 353.069 Loading class javax/swing/text/DefaultHighlighter$HighlightInfo done
Event: 353.069 Loading class javax/swing/text/DefaultHighlighter$LayeredHighlightInfo done
Event: 363.766 Loading class java/awt/geom/Path2D$Double$TxIterator
Event: 363.766 Loading class java/awt/geom/Path2D$Double$TxIterator done
Event: 473.494 Loading class javax/swing/PopupFactory$HeavyWeightPopup
Event: 473.500 Loading class javax/swing/PopupFactory$HeavyWeightPopup done
Event: 474.511 Loading class javax/swing/Popup$DefaultFrame
Event: 474.511 Loading class javax/swing/Popup$DefaultFrame done
Event: 474.511 Loading class javax/swing/PopupFactory$HeavyWeightPopup$1
Event: 474.512 Loading class javax/swing/PopupFactory$HeavyWeightPopup$1 done

Classes unloaded (0 events):
No events

Classes redefined (0 events):
No events

Internal exceptions (20 events):
Event: 292.042 Thread 0x0000018fefdc0ea0 Implicit null exception at 0x0000018f9ba4d6b7 to 0x0000018f9ba4e814
Event: 307.193 Thread 0x0000018fefdc0ea0 Implicit null exception at 0x0000018f9b153b42 to 0x0000018f9b15426c
Event: 307.246 Thread 0x0000018fefdc0ea0 Exception <a 'java/lang/NoSuchMethodError'{0x000000071cfc47b8}: 'java.lang.Object java.lang.invoke.Invokers$Holder.linkToTargetMethod(java.lang.Object, java.lang.Object, java.lang.Object, java.lang.Object, java.lang.Object, java.lang.Object, java.lang.Object, java.lang.Object, java.lang.Object, java.lang.Object, java.lang.Object, java.lang.Object, java.lang.Object, java.lang.Object)'> (0x000000071cfc47b8) 
thrown [s\src\hotspot\share\interpreter\linkResolver.cpp, line 773]
Event: 325.999 Thread 0x000001902bb03f20 Exception <a 'java/lang/InterruptedException'{0x000000071ce00a98}: sleep interrupted> (0x000000071ce00a98) 
thrown [s\src\hotspot\share\prims\jvm.cpp, line 3052]
Event: 332.648 Thread 0x0000018fefdc0ea0 Implicit null exception at 0x0000018f9b785ed2 to 0x0000018f9b785f64
Event: 340.315 Thread 0x0000018fefdc0ea0 Exception <a 'java/lang/NoSuchMethodError'{0x0000000724d836c0}: 'void java.lang.invoke.DirectMethodHandle$Holder.invokeSpecial(java.lang.Object, java.lang.Object, int)'> (0x0000000724d836c0) 
thrown [s\src\hotspot\share\interpreter\linkResolver.cpp, line 773]
Event: 340.346 Thread 0x0000018fefdc0ea0 Implicit null exception at 0x0000018f9b32ef53 to 0x0000018f9b32f06c
Event: 348.006 Thread 0x000001903af22580 Implicit null exception at 0x0000018f9b18185e to 0x0000018f9b18187d
Event: 350.035 Thread 0x0000018fefdc0ea0 Implicit null exception at 0x0000018f9b163dc1 to 0x0000018f9b163fd4
Event: 350.784 Thread 0x0000018fefdc0ea0 Exception <a 'java/lang/NoSuchMethodError'{0x0000000732aebfc0}: 'java.lang.Object java.lang.invoke.DirectMethodHandle$Holder.invokeSpecial(java.lang.Object, java.lang.Object, java.lang.Object, int, java.lang.Object, java.lang.Object)'> (0x0000000732aebfc0) 
thrown [s\src\hotspot\share\interpreter\linkResolver.cpp, line 773]
Event: 350.784 Thread 0x0000018fefdc0ea0 Exception <a 'java/lang/NoSuchMethodError'{0x0000000732af0040}: 'java.lang.Object java.lang.invoke.Invokers$Holder.linkToTargetMethod(java.lang.Object, int, java.lang.Object, java.lang.Object, java.lang.Object)'> (0x0000000732af0040) 
thrown [s\src\hotspot\share\interpreter\linkResolver.cpp, line 773]
Event: 351.092 Thread 0x0000018fefdc0ea0 Implicit null exception at 0x0000018f9b1f9915 to 0x0000018f9b1fa2f4
Event: 351.102 Thread 0x0000018fefdc0ea0 Exception <a 'java/lang/ClassNotFoundException'{0x000000073142c4e8}: ui/views/F/a/fBeanInfo> (0x000000073142c4e8) 
thrown [s\src\hotspot\share\classfile\systemDictionary.cpp, line 312]
Event: 351.102 Thread 0x0000018fefdc0ea0 Exception <a 'java/lang/ClassNotFoundException'{0x000000073142f8e8}: ui/utils/swing/p/c/eBeanInfo> (0x000000073142f8e8) 
thrown [s\src\hotspot\share\classfile\systemDictionary.cpp, line 312]
Event: 351.102 Thread 0x0000018fefdc0ea0 Exception <a 'java/lang/ClassNotFoundException'{0x0000000731432cb8}: ui/utils/swing/p/c/eCustomizer> (0x0000000731432cb8) 
thrown [s\src\hotspot\share\classfile\systemDictionary.cpp, line 312]
Event: 351.105 Thread 0x0000018fefdc0ea0 Exception <a 'java/lang/ClassNotFoundException'{0x0000000731453028}: ui/views/F/a/fCustomizer> (0x0000000731453028) 
thrown [s\src\hotspot\share\classfile\systemDictionary.cpp, line 312]
Event: 351.280 Thread 0x0000018fefdc0ea0 Implicit null exception at 0x0000018f9b48027f to 0x0000018f9b4805d0
Event: 351.280 Thread 0x0000018fefdc0ea0 Implicit null exception at 0x0000018f9c172623 to 0x0000018f9c172aa4
Event: 353.024 Thread 0x0000018fefdc0ea0 Implicit null exception at 0x0000018f9b0d8023 to 0x0000018f9b0d84f8
Event: 376.243 Thread 0x0000018fefdc0ea0 Exception <a 'java/lang/NoSuchMethodError'{0x000000071f8664a8}: 'java.lang.Object java.lang.invoke.DirectMethodHandle$Holder.newInvokeSpecial(java.lang.Object, java.lang.Object, int, java.lang.Object, int)'> (0x000000071f8664a8) 
thrown [s\src\hotspot\share\interpreter\linkResolver.cpp, line 773]

ZGC Phase Switch (0 events):
No events

VM Operations (20 events):
Event: 488.029 Executing VM operation: Cleanup
Event: 488.029 Executing VM operation: Cleanup done
Event: 488.545 Executing VM operation: G1CollectFull (System.gc())
Event: 488.606 Executing VM operation: G1CollectFull (System.gc()) done
Event: 488.812 Executing VM operation: G1CollectFull (System.gc())
Event: 488.869 Executing VM operation: G1CollectFull (System.gc()) done
Event: 489.156 Executing VM operation: G1CollectFull (System.gc())
Event: 489.207 Executing VM operation: G1CollectFull (System.gc()) done
Event: 489.445 Executing VM operation: G1CollectFull (System.gc())
Event: 489.456 Executing VM operation: G1CollectFull (System.gc()) done
Event: 489.456 Executing VM operation: G1CollectFull (System.gc())
Event: 489.516 Executing VM operation: G1CollectFull (System.gc()) done
Event: 489.715 Executing VM operation: G1CollectFull (System.gc())
Event: 489.777 Executing VM operation: G1CollectFull (System.gc()) done
Event: 489.938 Executing VM operation: G1CollectFull (System.gc())
Event: 490.004 Executing VM operation: G1CollectFull (System.gc()) done
Event: 490.214 Executing VM operation: G1CollectFull (System.gc())
Event: 490.274 Executing VM operation: G1CollectFull (System.gc()) done
Event: 490.480 Executing VM operation: G1CollectFull (System.gc())
Event: 490.537 Executing VM operation: G1CollectFull (System.gc()) done

Events (20 events):
Event: 490.400 Thread 0x000001902baff060 Thread added: 0x000001902baff060
Event: 490.400 Thread 0x000001902bb045b0 Thread added: 0x000001902bb045b0
Event: 490.407 Thread 0x000001902baff060 Thread exited: 0x000001902baff060
Event: 490.412 Thread 0x000001902bb045b0 Thread exited: 0x000001902bb045b0
Event: 490.428 Thread 0x000001902bb01e50 Thread added: 0x000001902bb01e50
Event: 490.435 Thread 0x000001902bb01e50 Thread exited: 0x000001902bb01e50
Event: 490.445 Thread 0x000001902bb01e50 Thread added: 0x000001902bb01e50
Event: 490.452 Thread 0x000001902bb01e50 Thread exited: 0x000001902bb01e50
Event: 490.457 Thread 0x000001902bb024e0 Thread added: 0x000001902bb024e0
Event: 490.461 Thread 0x000001902bb01e50 Thread added: 0x000001902bb01e50
Event: 490.463 Thread 0x0000019057cb7000 Thread added: 0x0000019057cb7000
Event: 490.463 Thread 0x0000019057cba680 Thread added: 0x0000019057cba680
Event: 490.464 Thread 0x0000019057cb9210 Thread added: 0x0000019057cb9210
Event: 490.464 Thread 0x000001902bb024e0 Thread exited: 0x000001902bb024e0
Event: 490.467 Thread 0x000001902bb024e0 Thread added: 0x000001902bb024e0
Event: 490.468 Thread 0x000001902baff060 Thread added: 0x000001902baff060
Event: 490.476 Thread 0x000001902bb045b0 Thread added: 0x000001902bb045b0
Event: 490.480 Thread 0x000001902bb024e0 Thread exited: 0x000001902bb024e0
Event: 490.515 Thread 0x0000018f8aa96530 flushing nmethod 0x0000018f93b44590
Event: 490.515 Thread 0x0000018f8aa96530 flushing nmethod 0x0000018f93804f10


Dynamic libraries:
0x00007ff6efee0000 - 0x00007ff6efee8000 	D:\Xilinx\Vivado\2024.2\bin\unwrapped\win64.o\vivado.exe
0x00007ffc10fa0000 - 0x00007ffc11207000 	C:\WINDOWS\SYSTEM32\ntdll.dll
0x00007ffc0f1a0000 - 0x00007ffc0f269000 	C:\WINDOWS\System32\KERNEL32.DLL
0x00007ffc0e120000 - 0x00007ffc0e50f000 	C:\WINDOWS\System32\KERNELBASE.dll
0x00007ffc0eb40000 - 0x00007ffc0ec8b000 	C:\WINDOWS\System32\ucrtbase.dll
0x00007ffbe44b0000 - 0x00007ffbe4539000 	C:\WINDOWS\SYSTEM32\MSVCP140.dll
0x00007ffbee030000 - 0x00007ffbee04e000 	C:\WINDOWS\SYSTEM32\VCRUNTIME140.dll
0x00007ffbee050000 - 0x00007ffbee05c000 	C:\WINDOWS\SYSTEM32\VCRUNTIME140_1.dll
0x00007ffbeddd0000 - 0x00007ffbeddf7000 	D:\Xilinx\Vivado\2024.2\lib\win64.o\xv_commonmain.dll
0x00007ffbb89b0000 - 0x00007ffbb8bfd000 	D:\Xilinx\Vivado\2024.2\lib\win64.o\xv_commonxillic.dll
0x00007ffc0f120000 - 0x00007ffc0f194000 	C:\WINDOWS\System32\WS2_32.dll
0x00007ffc0ee20000 - 0x00007ffc0ef38000 	C:\WINDOWS\System32\RPCRT4.dll
0x00007ffc0f270000 - 0x00007ffc0f435000 	C:\WINDOWS\System32\USER32.dll
0x00007ffc0e0f0000 - 0x00007ffc0e117000 	C:\WINDOWS\System32\win32u.dll
0x00007ffc10ea0000 - 0x00007ffc10ecb000 	C:\WINDOWS\System32\GDI32.dll
0x00007ffc0e520000 - 0x00007ffc0e64c000 	C:\WINDOWS\System32\gdi32full.dll
0x00007ffc0e910000 - 0x00007ffc0e9b3000 	C:\WINDOWS\System32\msvcp_win.dll
0x00007ffc103e0000 - 0x00007ffc10494000 	C:\WINDOWS\System32\ADVAPI32.dll
0x00007ffc0ed70000 - 0x00007ffc0ee19000 	C:\WINDOWS\System32\msvcrt.dll
0x00007ffc10680000 - 0x00007ffc10726000 	C:\WINDOWS\System32\sechost.dll
0x00007ffc07010000 - 0x00007ffc0701c000 	D:\Xilinx\Vivado\2024.2\lib\win64.o\xv_commonversion.dll
0x00007ffb7d840000 - 0x00007ffb7eeaa000 	D:\Xilinx\Vivado\2024.2\lib\win64.o\xv_common.dll
0x00007ffc0f450000 - 0x00007ffc0fba3000 	C:\WINDOWS\System32\SHELL32.dll
0x00007ffc0e650000 - 0x00007ffc0e7ba000 	C:\WINDOWS\System32\wintypes.dll
0x00007ffc10050000 - 0x00007ffc103d5000 	C:\WINDOWS\System32\combase.dll
0x00007ffc0e7c0000 - 0x00007ffc0e840000 	C:\WINDOWS\System32\WINTRUST.dll
0x00007ffbe5a30000 - 0x00007ffbe5a3a000 	C:\WINDOWS\SYSTEM32\WSOCK32.dll
0x00007ffbc84e0000 - 0x00007ffbc850a000 	D:\Xilinx\Vivado\2024.2\lib\win64.o\boost_filesystem.dll
0x00007ffb7d410000 - 0x00007ffb7d840000 	D:\Xilinx\Vivado\2024.2\lib\win64.o\python38.dll
0x00007ffc10e30000 - 0x00007ffc10e96000 	C:\WINDOWS\System32\SHLWAPI.dll
0x00007ffb7d0f0000 - 0x00007ffb7d406000 	D:\Xilinx\Vivado\2024.2\lib\win64.o\libXil_lmgr11.dll
0x00007ffc10580000 - 0x00007ffc10670000 	C:\WINDOWS\System32\COMDLG32.dll
0x00007ffc0f020000 - 0x00007ffc0f115000 	C:\WINDOWS\System32\shcore.dll
0x00007ffc104a0000 - 0x00007ffc10576000 	C:\WINDOWS\System32\OLEAUT32.dll
0x00007ffc10730000 - 0x00007ffc108c7000 	C:\WINDOWS\System32\ole32.dll
0x00007ffc0e9c0000 - 0x00007ffc0eb37000 	C:\WINDOWS\System32\CRYPT32.dll
0x00007ffc0dfe0000 - 0x00007ffc0e00a000 	C:\WINDOWS\SYSTEM32\bcrypt.dll
0x00007ffc026d0000 - 0x00007ffc026ea000 	C:\WINDOWS\SYSTEM32\NETAPI32.dll
0x00007ffbea240000 - 0x00007ffbea4c8000 	C:\WINDOWS\SYSTEM32\WININET.dll
0x00007ffc06070000 - 0x00007ffc06198000 	C:\WINDOWS\SYSTEM32\WINHTTP.dll
0x00007ffbecb20000 - 0x00007ffbecd00000 	C:\WINDOWS\SYSTEM32\urlmon.dll
0x00007ffbb8e50000 - 0x00007ffbb8ff1000 	D:\Xilinx\Vivado\2024.2\lib\win64.o\tcl86t.dll
0x00007ffbb94a0000 - 0x00007ffbb95e4000 	D:\Xilinx\Vivado\2024.2\lib\win64.o\boost_regex.dll
0x00007ffbede20000 - 0x00007ffbede39000 	D:\Xilinx\Vivado\2024.2\lib\win64.o\boost_date_time.dll
0x00007ffbc56e0000 - 0x00007ffbc5707000 	D:\Xilinx\Vivado\2024.2\lib\win64.o\boost_thread.dll
0x00007ffbc4060000 - 0x00007ffbc4084000 	D:\Xilinx\Vivado\2024.2\lib\win64.o\xv_isl_sysinfo.dll
0x00007ffbb9c40000 - 0x00007ffbb9cd4000 	D:\Xilinx\Vivado\2024.2\lib\win64.o\boost_program_options.dll
0x00007ffb7bef0000 - 0x00007ffb7d0e7000 	D:\Xilinx\Vivado\2024.2\lib\win64.o\xv_isl_iostreams.dll
0x00007ffbecd10000 - 0x00007ffbecd2c000 	D:\Xilinx\Vivado\2024.2\lib\win64.o\librdiconfig.dll
0x00007ffbe46a0000 - 0x00007ffbe46b0000 	D:\Xilinx\Vivado\2024.2\lib\win64.o\xv_boost_xilinx.dll
0x00007ffbb9740000 - 0x00007ffbb97e5000 	D:\Xilinx\Vivado\2024.2\lib\win64.o\libhdxml.dll
0x00007ffb7ba50000 - 0x00007ffb7bef0000 	D:\Xilinx\Vivado\2024.2\lib\win64.o\xv_COIN-all.dll
0x00007ffbe12c0000 - 0x00007ffbe12da000 	D:\Xilinx\Vivado\2024.2\lib\win64.o\pthreadVC2.dll
0x00007ffbb8930000 - 0x00007ffbb89a7000 	D:\Xilinx\Vivado\2024.2\lib\win64.o\xv_lmx.dll
0x00007ffbb8870000 - 0x00007ffbb8927000 	D:\Xilinx\Vivado\2024.2\lib\win64.o\libzstd.dll
0x00007ffb79b30000 - 0x00007ffb7ba47000 	D:\Xilinx\Vivado\2024.2\lib\win64.o\gurobi90.dll
0x00007ffc10990000 - 0x00007ffc10a04000 	C:\WINDOWS\System32\WLDAP32.dll
0x00007ffc0f440000 - 0x00007ffc0f448000 	C:\WINDOWS\System32\Normaliz.dll
0x00007ffbb9c10000 - 0x00007ffbb9c40000 	C:\WINDOWS\SYSTEM32\VCOMP140.DLL
0x00007ffb79aa0000 - 0x00007ffb79b22000 	D:\Xilinx\Vivado\2024.2\lib\win64.o\libhdlpsolve.dll
0x00007ffc0c800000 - 0x00007ffc0c80b000 	C:\WINDOWS\SYSTEM32\VERSION.dll
0x00007ffbf98d0000 - 0x00007ffbf9984000 	C:\WINDOWS\WinSxS\amd64_microsoft.windows.common-controls_6595b64144ccf1df_5.82.26100.7309_none_87ef0e2f7a2c9771\COMCTL32.dll
0x00007ffc061f0000 - 0x00007ffc06213000 	C:\WINDOWS\SYSTEM32\dhcpcsvc.DLL
0x00007ffc0c3a0000 - 0x00007ffc0c3cb000 	C:\WINDOWS\SYSTEM32\USERENV.dll
0x00007ffc0ace0000 - 0x00007ffc0b53e000 	C:\WINDOWS\SYSTEM32\windows.storage.dll
0x00007ffbed940000 - 0x00007ffbedc05000 	C:\WINDOWS\SYSTEM32\iertutil.dll
0x00007ffbd4ae0000 - 0x00007ffbd4af9000 	D:\Xilinx\Vivado\2024.2\lib\win64.o\librdizlib.dll
0x00007ffbb9710000 - 0x00007ffbb973a000 	D:\Xilinx\Vivado\2024.2\lib\win64.o\zlib1.dll
0x00007ffc02a70000 - 0x00007ffc02a99000 	C:\WINDOWS\SYSTEM32\srvcli.dll
0x00007ffc0b6d0000 - 0x00007ffc0b6dd000 	C:\WINDOWS\SYSTEM32\netutils.dll
0x00007ffc0c0d0000 - 0x00007ffc0c117000 	C:\WINDOWS\SYSTEM32\LOGONCLI.DLL
0x00007ffc0b980000 - 0x00007ffc0b99b000 	C:\WINDOWS\SYSTEM32\SAMCLI.DLL
0x00007ffbd4a80000 - 0x00007ffbd4a9c000 	D:\Xilinx\Vivado\2024.2\lib\win64.o\xv_isl_iosutils.dll
0x00007ffbb8840000 - 0x00007ffbb8861000 	D:\Xilinx\Vivado\2024.2\lib\win64.o\boost_iostreams.dll
0x00007ffb797d0000 - 0x00007ffb79a91000 	D:\Xilinx\Vivado\2024.2\lib\win64.o\xerces-c_3_2.dll
0x00007ffc0c2f0000 - 0x00007ffc0c35b000 	C:\WINDOWS\SYSTEM32\MSWSOCK.DLL
0x00007ffc108d0000 - 0x00007ffc10901000 	C:\WINDOWS\System32\IMM32.DLL
0x00007ffc0c760000 - 0x00007ffc0c773000 	C:\WINDOWS\SYSTEM32\MSASN1.dll
0x00007ffc0dd30000 - 0x00007ffc0dd4b000 	C:\WINDOWS\SYSTEM32\CRYPTSP.dll
0x00007ffc0c3d0000 - 0x00007ffc0c40a000 	C:\WINDOWS\system32\rsaenh.dll
0x00007ffc0c700000 - 0x00007ffc0c70c000 	C:\WINDOWS\SYSTEM32\CRYPTBASE.dll
0x00007ffc0ec90000 - 0x00007ffc0ed35000 	C:\WINDOWS\System32\bcryptPrimitives.dll
0x00007ffc0ed40000 - 0x00007ffc0ed60000 	C:\WINDOWS\System32\imagehlp.dll
0x00007ffc0c900000 - 0x00007ffc0c91b000 	C:\WINDOWS\SYSTEM32\kernel.appcore.dll
0x00007ffc0c360000 - 0x00007ffc0c392000 	C:\WINDOWS\SYSTEM32\gpapi.dll
0x00007ffbfa4c0000 - 0x00007ffbfa4fb000 	C:\Windows\System32\cryptnet.dll
0x00007ffc0e010000 - 0x00007ffc0e039000 	C:\WINDOWS\SYSTEM32\profapi.dll
0x00007ffb79100000 - 0x00007ffb797cc000 	D:\Xilinx\Vivado\2024.2\lib\win64.o\xv_commontasks.dll
0x00007ffb6e460000 - 0x00007ffb6f1e1000 	D:\Xilinx\Vivado\2024.2\tps\win64\jre21.0.1_12\bin\server\jvm.dll
0x00007ffc0d950000 - 0x00007ffc0d9ae000 	C:\WINDOWS\SYSTEM32\POWRPROF.dll
0x00007ffc02790000 - 0x00007ffc027c5000 	C:\WINDOWS\SYSTEM32\WINMM.dll
0x00007ffb78bf0000 - 0x00007ffb790f0400 	D:\Xilinx\Vivado\2024.2\lib\win64.o\xv_sio.dll
0x00007ffc0b9d0000 - 0x00007ffc0ba04000 	C:\WINDOWS\SYSTEM32\IPHLPAPI.DLL
0x00007ffc0d660000 - 0x00007ffc0d674000 	C:\WINDOWS\SYSTEM32\UMPDC.dll
0x00007ffc0a2e0000 - 0x00007ffc0a2ef000 	C:\WINDOWS\SYSTEM32\WINNSI.DLL
0x00007ffc10a70000 - 0x00007ffc10a7a000 	C:\WINDOWS\System32\NSI.dll
0x00007ffc0c810000 - 0x00007ffc0c859000 	C:\WINDOWS\SYSTEM32\SspiCli.dll
0x00007ffbf0000000 - 0x00007ffbf0018000 	C:\WINDOWS\system32\napinsp.dll
0x00007ffc0ba10000 - 0x00007ffc0bb3c000 	C:\WINDOWS\SYSTEM32\DNSAPI.dll
0x00007ffbeffe0000 - 0x00007ffbefff2000 	C:\WINDOWS\System32\winrnr.dll
0x00007ffbee700000 - 0x00007ffbee722000 	C:\WINDOWS\system32\nlansp_c.dll
0x00007ffbc3630000 - 0x00007ffbc3646000 	C:\WINDOWS\system32\wshbth.dll
0x00007ffc05cc0000 - 0x00007ffc05cdb000 	C:\WINDOWS\SYSTEM32\wkscli.dll
0x00007ffbe57d0000 - 0x00007ffbe57e3000 	C:\WINDOWS\SYSTEM32\cscapi.dll
0x00007ffb41d50000 - 0x00007ffb45c23000 	D:\Xilinx\Vivado\2024.2\lib\win64.o\xv_tcltasks.dll
0x00007ffb6e380000 - 0x00007ffb6e459000 	D:\Xilinx\Vivado\2024.2\lib\win64.o\xv_xhubtasks.dll
0x00007ffb4e260000 - 0x00007ffb4f03f000 	D:\Xilinx\Vivado\2024.2\lib\win64.o\xv_power.dll
0x00007ffb3ff20000 - 0x00007ffb41c08000 	D:\Xilinx\Vivado\2024.2\lib\win64.o\xv_implflow.dll
0x00007ffb3a510000 - 0x00007ffb3ff1f000 	D:\Xilinx\Vivado\2024.2\lib\win64.o\xv_route.dll
0x00007ffb39910000 - 0x00007ffb3a50b000 	D:\Xilinx\Vivado\2024.2\lib\win64.o\xv_project.dll
0x00007ffb38cb0000 - 0x00007ffb39904000 	D:\Xilinx\Vivado\2024.2\lib\win64.o\xv_lopt.dll
0x00007ffb6e210000 - 0x00007ffb6e376000 	D:\Xilinx\Vivado\2024.2\lib\win64.o\xv_chipscope.dll
0x00007ffb6da40000 - 0x00007ffb6e201000 	D:\Xilinx\Vivado\2024.2\lib\win64.o\xv_runs.dll
0x00007ffb32740000 - 0x00007ffb3333e000 	D:\Xilinx\Vivado\2024.2\lib\win64.o\xv_rsb.dll
0x00007ffb33340000 - 0x00007ffb38ca5000 	D:\Xilinx\Vivado\2024.2\lib\win64.o\xv_place.dll
0x00007ffb31a90000 - 0x00007ffb3273d000 	D:\Xilinx\Vivado\2024.2\lib\win64.o\xv_drc.dll
0x00007ffb6d930000 - 0x00007ffb6da3c000 	D:\Xilinx\Vivado\2024.2\lib\win64.o\xv_dsp.dll
0x00007ffb2eeb0000 - 0x00007ffb31a88000 	D:\Xilinx\Vivado\2024.2\lib\win64.o\xv_mig.dll
0x00007ffb60c50000 - 0x00007ffb60ed5000 	D:\Xilinx\Vivado\2024.2\lib\win64.o\xv_chipscopeimpl.dll
0x00007ffb4ddc0000 - 0x00007ffb4e257000 	D:\Xilinx\Vivado\2024.2\lib\win64.o\xv_dlyest.dll
0x00007ffb2e7f0000 - 0x00007ffb2eeaf000 	D:\Xilinx\Vivado\2024.2\lib\win64.o\xv_memdata.dll
0x00007ffb2cef0000 - 0x00007ffb2e7e9000 	D:\Xilinx\Vivado\2024.2\lib\win64.o\xv_timing.dll
0x00007ffb6d8b0000 - 0x00007ffb6d929000 	D:\Xilinx\Vivado\2024.2\lib\win64.o\xv_pfi.dll
0x00007ffb2c920000 - 0x00007ffb2cee6000 	D:\Xilinx\Vivado\2024.2\lib\win64.o\xv_bitstream.dll
0x00007ffb6cfe0000 - 0x00007ffb6d07f000 	D:\Xilinx\Vivado\2024.2\lib\win64.o\xv_boarddep.dll
0x00007ffb29da0000 - 0x00007ffb2c91c000 	D:\Xilinx\Vivado\2024.2\lib\win64.o\xv_designutils.dll
0x00007ffb609d0000 - 0x00007ffb60c4f000 	D:\Xilinx\Vivado\2024.2\lib\win64.o\xv_board.dll
0x00007ffb29840000 - 0x00007ffb29d93000 	D:\Xilinx\Vivado\2024.2\lib\win64.o\xv_platform.dll

dbghelp: loaded successfully - version: 4.0.5 - missing functions: none
symbol engine: initialized successfully - sym options: 0x614 - pdb path: .;D:\Xilinx\Vivado\2024.2\bin\unwrapped\win64.o;C:\WINDOWS\SYSTEM32;D:\Xilinx\Vivado\2024.2\lib\win64.o;C:\WINDOWS\WinSxS\amd64_microsoft.windows.common-controls_6595b64144ccf1df_5.82.26100.7309_none_87ef0e2f7a2c9771;D:\Xilinx\Vivado\2024.2\tps\win64\jre21.0.1_12\bin\server;D:\Xilinx\Vivado\2024.2\tps\win64\jre21.0.1_12\bin;C:\WINDOWS\WinSxS\amd64_microsoft.windows.common-controls_6595b64144ccf1df_6.0.26100.7309_none_3e05feeae336a044

VM Arguments:
jvm_args: -Dsun.java2d.pmoffscreen=false -Dhttps.protocols=TLSv1,TLSv1.1,TLSv1.2 -Dsun.java2d.xrender=false -Dsun.java2d.d3d=false -Dsun.awt.nopixfmt=true -Dsun.java2d.dpiaware=true -Dsun.java2d.uiScale.enabled=false -Dswing.aatext=true -XX:-UsePerfData -Djdk.map.althashing.threshold=512 -XX:StringTableSize=4072 -XX:+UseStringDeduplication -XX:MaxGCPauseMillis=200 -XX:ParallelGCThreads=4 -XX:+ParallelRefProcEnabled --add-opens=java.desktop/javax.swing.plaf.synth=ALL-UNNAMED --add-opens=java.base/java.nio=ALL-UNNAMED --add-opens=java.desktop/sun.swing=ALL-UNNAMED --add-opens=java.desktop/javax.swing=ALL-UNNAMED --add-opens=java.desktop/javax.swing.tree=ALL-UNNAMED --add-opens=java.desktop/javax.swing.plaf.basic=ALL-UNNAMED --add-opens=java.desktop/javax.swing.plaf.synth=ALL-UNNAMED --add-opens=java.desktop/javax.swing.plaf.basic=ALL-UNNAMED --add-opens=java.desktop/javax.swing=ALL-UNNAMED --add-opens=java.desktop/javax.swing.tree=ALL-UNNAMED --add-opens=java.desktop/java.awt.event=ALL-UNNAMED --add-exports=java.desktop/javax.swing.plaf.synth=ALL-UNNAMED --add-exports=java.base/java.nio=ALL-UNNAMED --add-exports=java.desktop/sun.swing=ALL-UNNAMED --add-exports=java.desktop/javax.swing=ALL-UNNAMED --add-exports=java.desktop/javax.swing.tree=ALL-UNNAMED --add-exports=java.desktop/javax.swing.plaf.basic=ALL-UNNAMED --add-exports=java.desktop/sun.swing=ALL-UNNAMED --add-exports=java.desktop/sun.swing.table=ALL-UNNAMED --add-exports=java.desktop/sun.swing.plaf.synth=ALL-UNNAMED --add-exports=java.desktop/sun.awt.shell=ALL-UNNAMED --add-exports=java.base/sun.security.action=ALL-UNNAMED --add-exports=java.desktop/sun.font=ALL-UNNAMED -XX:NewSize=80m -XX:MaxNewSize=80m -Xms512m -Xmx4072m -Xss10m 
java_command: <unknown>
java_class_path (initial): D:/Xilinx/Vivado/2024.2\lib\classes\apiguardian-api-1.1.0.jar;D:/Xilinx/Vivado/2024.2\lib\classes\asm-9.6-11.0.11-90.jar;D:/Xilinx/Vivado/2024.2\lib\classes\asm-analysis-9.6-11.0.11-90.jar;D:/Xilinx/Vivado/2024.2\lib\classes\asm-commons-9.6-11.0.11-90.jar;D:/Xilinx/Vivado/2024.2\lib\classes\asm-tree-9.6-11.0.11-90.jar;D:/Xilinx/Vivado/2024.2\lib\classes\autoesl-models-1.0.0-90.jar;D:/Xilinx/Vivado/2024.2\lib\classes\batik-anim-1.0.0-90.jar;D:/Xilinx/Vivado/2024.2\lib\classes\batik-awt-util-1.0.0-90.jar;D:/Xilinx/Vivado/2024.2\lib\classes\batik-bridge-1.0.0-90.jar;D:/Xilinx/Vivado/2024.2\lib\classes\batik-codec-1.0.0-90.jar;D:/Xilinx/Vivado/2024.2\lib\classes\batik-constants-1.0.0-90.jar;D:/Xilinx/Vivado/2024.2\lib\classes\batik-css-1.0.0-90.jar;D:/Xilinx/Vivado/2024.2\lib\classes\batik-dom-1.0.0-90.jar;D:/Xilinx/Vivado/2024.2\lib\classes\batik-ext-1.0.0-90.jar;D:/Xilinx/Vivado/2024.2\lib\classes\batik-gui-util-1.0.0-90.jar;D:/Xilinx/Vivado/2024.2\lib\classes\batik-gvt-1.0.0-90.jar;D:/Xilinx/Vivado/2024.2\lib\classes\batik-i18n-1.0.0-90.jar;D:/Xilinx/Vivado/2024.2\lib\classes\batik-parser-1.0.0-90.jar;D:/Xilinx/Vivado/2024.2\lib\classes\batik-script-1.0.0-90.jar;D:/Xilinx/Vivado/2024.2\lib\classes\batik-svg-dom-1.0.0-90.jar;D:/Xilinx/Vivado/2024.2\lib\classes\batik-svggen-1.0.0-90.jar;D:/Xilinx/Vivado/2024.2\lib\classes\batik-swing-1.0.0-90.jar;D:/Xilinx/Vivado/2024.2\lib\classes\batik-transcoder-1.0.0-90.jar;D:/Xilinx/Vivado/2024.2\lib\classes\batik-util-1.0.0-90.jar;D:/Xilinx/Vivado/2024.2\lib\classes\batik-xml-1.0.0-90.jar;D:/Xilinx/Vivado/2024.2\lib\classes\checker-qual-3.12.0.jar;D:/Xilinx/Vivado/2024.2\lib\classes\com.fasterxml.jackson.core.jackson-annotations_2.12.1.v20210128-1726-1.0.0-90.jar;D:/Xilinx/Vivado/2024.2\lib\classes\com.fasterxml.jackson.core.jackson-annotations_2.12.1.v20210128-1726-1.5.0-90.jar;D:/Xilinx/Vivado/2024.2\lib\classes\com.fasterxml.jackson.core.jackson-core_2.12.1.v20210128-1726-1.0.0-90.jar;D:/Xilinx/Vivado/2024.2\lib\classes\com.fasterxml.jackson.core.jackson-core_2.12.1.v20210128-1726-1.5.0-90.jar;D:/Xilinx/Vivado/2024.2\lib\classes\com.fasterxml.jackson.core.jackson-databind_2.12.1.v20210128-1726-1.0.0-90.jar;D:/Xilinx/Vivado/2024.2\lib\classes\com.fasterxml.jackson.core.jackson-databind_2.12.1.v20210128-1726-1.5.0-90.jar;D:/Xilinx/Vivado/2024.2\lib\classes\com.google.gson_2.8.9.v20220111-1409-1.5.0-90.jar;D:/Xilinx/Vivado/2024.2\lib\classes\com.google.guava_30.1.0.v20210127-2300-1.5.0-90.jar;D:/Xilinx/Vivado/2024.2\lib\classes\com.sigasi.hdt.connection_4.17.2.202304211001-1.5.0-90.jar;D:/Xilinx/Vivado/2024.2\lib\classes\com.sigasi.hdt.epl_4.17.2.202304211001-1.5.0-90.jar;D:/Xilinx/Vivado/2024.2\lib\classes\com.sigasi.hdt.project_4.17.2.202304211001-1.5.0-90.jar;D:/Xilinx/Vivado/2024.2\lib\classes\com.sigasi.hdt.readonlyfilesystem_4.17.2.202304211001-1.5.0-90.jar;D:/Xilinx/Vivado/2024.2\lib\classes\com.sigasi.hdt.shared_4.17.2.202304211001-1.5.0-90.jar;D:/Xilinx/Vivado/2024.2\lib\classes\com.sigasi.lcm_4.17.2.202304211001-1.5.0-90.jar;D:/Xilinx/Vivado/2024.2\lib\classes\com.sigasi.lsp.server.extensions_4.17.2.202304211001-1.5.0-90.jar;D:/Xilinx/Vivado/2024.2\lib\classes\com.sigasi.sdk.client_1.5.0.202304211001-1.5.0-90.jar;D:/Xilinx/Vivado/2024.2\lib\classes\commons-collections4-4.1-3.7.8-90.jar;D:/Xilinx/Vivado/2024.2\lib\classes\commons-compress-1.21-3.7.8-90.jar;D:/Xilinx/Vivado/2024.2\lib\classes\commons-io-2.15.0-11.0.11-90.jar;D:/Xilinx/Vivado/2024.2\lib\classes\commons-io-2.6.jar;D:/Xilinx/Vivado/2024.2\lib\classes\commons-lang3-3.14.0-11.0.11-90.jar;D:/Xilinx/Vivado/2024.2\lib\classes\commons-math-2.2-3.7.8-90.jar;D:/Xilinx/Vivado/2024.2\lib\classes\DispatchProtocol-1.24.0-595.jar;D:/Xilinx/Vivado/2024.2\lib\classes\dom4j-1.6.1-3.7.8-90.jar;D:/Xilinx/Vivado/2024.2\lib\classes\error_prone_annotations-2.11.0.jar;D:/Xilinx/Vivado/2024.2\lib\classes\failureaccess-1.0.1.jar;D:/Xilinx/Vivado/2024.2\lib\classes\frank_frameworks-1.0.0-595.jar;D:/Xilinx/Vivado/2024.2\lib\classes\gson-2.8.9.jar;D:/Xilinx/Vivado/2024.2\lib\classes\guava-31.1-android.jar;D:/Xilinx/Vivado/2024.2\lib\classes\help-1.24.0-412.jar;D:/Xilinx/Vivado/2024.2\lib\classes\hsqldb-3.7.8-90.jar;D:/Xilinx/Vivado/2024.2\lib\classes\j2objc-annotations-1.3.jar;D:/Xilinx/Vivado/2024.2\lib\classes\jakarta.annotation-api-2.1.0-11.0.11-90.jar;D:/Xilinx/Vivado/2024.2\lib\classes\jakarta.json-2.0.0-RC2-1.5.0-90.jar;D:/Xilinx/Vivado/2024.2\lib\classes\jakarta.json-api-2.0.0-RC2-1.5.0-90.jar;D:/Xilinx/Vivado/2024.2\lib\classes\jakarta.transaction-api-2.0.0-11.0.11-90.jar;D:/Xilinx/Vivado/2024.2\lib\classes\jaxb-api-2.3.0.jar;D:/Xilinx/Vivado/2024.2\lib\classes\jericho-html-3.4-1.0.0-90.jar;D:/Xilinx/Vivado/2024.2\lib\classes\jetty-jakarta-servlet-api-5.0.2-11.0.11-90.jar;D:/Xilinx/Vivado/2024.2\lib\classes\jh-2.0.05-90.jar;D:/Xilinx/Vivado/2024.2\lib\classes\jide-action-3.7.8-90.jar;D:/Xilinx/Vivado/2024.2\lib\classes\jide-charts-3.7.8-90.jar;D:/Xilinx/Vivado/2024.2\lib\classes\jide-common-3.7.8-90.jar;D:/Xilinx/Vivado/2024.2\lib\classes\jide-components-3.7.8-90.jar;D:/Xilinx/Vivado/2024.2\lib\classes\jide-dashboard-3.7.8-90.jar;D:/Xilinx/Vivado/2024.2\lib\classes\jide-data-3.7.8-90.jar;D:/Xilinx/Vivado/2024.2\lib\classes\jide-dialogs-3.7.8-90.jar;D:/Xilinx/Vivado/2024.2\lib\classes\jide-diff-3.7.8-90.jar;D:/Xilinx/Vivado/2024.2\lib\classes\jide-dock-3.7.8-90.jar;D:/Xilinx/Vivado/2024.2\lib\classes\jide-editor-3.7.8-90.jar;D:/Xilinx/Vivado/2024.2\lib\classes\jide-gantt-3.7.8-90.jar;D:/Xilinx/Vivado/2024.2\lib\classes\jide-grids-3.7.8-90.jar;D:/Xilinx/Vivado/2024.2\lib\classes\jide-pivot-3.7.8-90.jar;D:/Xilinx/Vivado/2024.2\lib\classes\jide-plaf-jdk7-3.7.8-90.jar;D:/Xilinx/Vivado/2024.2\lib\classes\jide-properties-3.7.8-90.jar;D:/Xilinx/Vivado/2024.2\lib\classes\jide-shortcut-3.7.8-90.jar;D:/Xilinx/Vivado/2024.2\lib\classes\jide-treemap-3.7.8-90.jar;D:/Xilinx/Vivado/2024.2\lib\classes\JRCClient-1.24.0-595.jar;D:/Xilinx/Vivado/2024.2\lib\classes\jsr305-3.0.2.jar;D:/Xilinx/Vivado/2024.2\lib\classes\junit-jupiter-api-5.6.2.jar;D:/Xilinx/Vivado/2024.2\lib\classes\junit-platform-commons-1.6.2.jar;D:/Xilinx/Vivado/2024.2\lib\classes\justify-3.0.0-RC2-1.5.0-90.jar;D:/Xilinx/Vivado/2024.2\lib\classes\jydocking-3.3.1-90.jar;D:/Xilinx/Vivado/2024.2\lib\classes\jytable-3.3.1-90.jar;D:/Xilinx/Vivado/2024.2\lib\classes\jywidgets-3.3.1-90.jar;D:/Xilinx/Vivado/2024.2\lib\classes\listenablefuture-9999.0-empty-to-avoid-conflict-with-guava.jar;D:/Xilinx/Vivado/2024.2\lib\classes\log4j-1.2-api-2.17.1-1.5.0-90.jar;D:/Xilinx/Vivado/2024.2\lib\classes\log4j-api-2.17.1-1.5.0-90.jar;D:/Xilinx/Vivado/2024.2\lib\classes\log4j-core-2.17.1-1.5.0-90.jar;D:/Xilinx/Vivado/2024.2\lib\classes\lucene-analyzers-common-4.10.2-3.7.8-90.jar;D:/Xilinx/Vivado/2024.2\lib\classes\lucene-core-4.10.2-3.7.8-90.jar;D:/Xilinx/Vivado/2024.2\lib\classes\lucene-queryparser-4.10.2-3.7.8-90.jar;D:/Xilinx/Vivado/2024.2\lib\classes\matlab_jmi-1.0.0-90.jar;D:/Xilinx/Vivado/2024.2\lib\classes\miglayout-3.7.3.1.jar;D:/Xilinx/Vivado/2024.2\lib\classes\nlview_java-1.0.0-90.jar;D:/Xilinx/Vivado/2024.2\lib\classes\opentest4j-1.2.0.jar;D:/Xilinx/Vivado/2024.2\lib\classes\org.apache.commons.lang_2.6.0.v201404270220-1.0.0-90.jar;D:/Xilinx/Vivado/2024.2\lib\classes\org.eclipse.core.commands-3.6.0-1.0.0-90.jar;D:/Xilinx/Vivado/2024.2\lib\classes\org.eclipse.core.filesystem_1.7.400.v20190518-1151-1.0.0-90.jar;D:/Xilinx/Vivado/2024.2\lib\classes\org.eclipse.core.jobs_3.10.400.v20190506-1457-1.0.0-90.jar;D:/Xilinx/Vivado/2024.2\lib\classes\org.eclipse.core.resources_3.13.400.v20190505-1655-1.0.0-90.jar;D:/Xilinx/Vivado/2024.2\lib\classes\org.eclipse.emf.common_2.18.0.v20191225-1014-1.0.0-90.jar;D:/Xilinx/Vivado/2024.2\lib\classes\org.eclipse.emf.common_2.24.0.v20220123-0838-1.5.0-90.jar;D:/Xilinx/Vivado/2024.2\lib\classes\org.eclipse.emf.ecore.xmi_2.16.0.v20190528-0725-1.0.0-90.jar;D:/Xilinx/Vivado/2024.2\lib\classes\org.eclipse.emf.ecore_2.21.0.v20200127-1342-1.0.0-90.jar;D:/Xilinx/Vivado/2024.2\lib\classes\org.eclipse.equinox.common_3.11.0.v20200206-0817-1.0.0-90.jar;D:/Xilinx/Vivado/2024.2\lib\classes\org.eclipse.equinox.registry_3.8.400.v20190516-1504-1.0.0-90.jar;D:/Xilinx/Vivado/2024.2\lib\classes\org.eclipse.jetty.alpn.client_11.0.18-11.0.11-90.jar;D:/Xilinx/Vivado/2024.2\lib\classes\org.eclipse.jetty.annotations_11.0.18-11.0.11-90.jar;D:/Xilinx/Vivado/2024.2\lib\classes\org.eclipse.jetty.client_11.0.18-11.0.11-90.jar;D:/Xilinx/Vivado/2024.2\lib\classes\org.eclipse.jetty.http_11.0.18-11.0.11-90.jar;D:/Xilinx/Vivado/2024.2\lib\classes\org.eclipse.jetty.io_11.0.18-11.0.11-90.jar;D:/Xilinx/Vivado/2024.2\lib\classes\org.eclipse.jetty.jndi_11.0.18-11.0.11-90.jar;D:/Xilinx/Vivado/2024.2\lib\classes\org.eclipse.jetty.plus_11.0.18-11.0.11-90.jar;D:/Xilinx/Vivado/2024.2\lib\classes\org.eclipse.jetty.security_11.0.18-11.0.11-90.jar;D:/Xilinx/Vivado/2024.2\lib\classes\org.eclipse.jetty.server_11.0.18-11.0.11-90.jar;D:/Xilinx/Vivado/2024.2\lib\classes\org.eclipse.jetty.servlet_11.0.18-11.0.11-90.jar;D:/Xilinx/Vivado/2024.2\lib\classes\org.eclipse.jetty.util_11.0.18-11.0.11-90.jar;D:/Xilinx/Vivado/2024.2\lib\classes\org.eclipse.jetty.webapp_11.0.18-11.0.11-90.jar;D:/Xilinx/Vivado/2024.2\lib\classes\org.eclipse.jetty.websocket.api_11.0.18-11.0.11-90.jar;D:/Xilinx/Vivado/2024.2\lib\classes\org.eclipse.jetty.websocket.client_11.0.18-11.0.11-90.jar;D:/Xilinx/Vivado/2024.2\lib\classes\org.eclipse.jetty.websocket.common_11.0.18-11.0.11-90.jar;D:/Xilinx/Vivado/2024.2\lib\classes\org.eclipse.jetty.websocket.core.client_11.0.18-11.0.11-90.jar;D:/Xilinx/Vivado/2024.2\lib\classes\org.eclipse.jetty.websocket.core.common_11.0.18-11.0.11-90.jar;D:/Xilinx/Vivado/2024.2\lib\classes\org.eclipse.jetty.websocket.core.server_11.0.18-11.0.11-90.jar;D:/Xilinx/Vivado/2024.2\lib\classes\org.eclipse.jetty.websocket.server_11.0.18-11.0.11-90.jar;D:/Xilinx/Vivado/2024.2\lib\classes\org.eclipse.jetty.websocket.servlet_11.0.18-11.0.11-90.jar;D:/Xilinx/Vivado/2024.2\lib\classes\org.eclipse.jetty.xml_11.0.18-11.0.11-90.jar;D:/Xilinx/Vivado/2024.2\lib\classes\org.eclipse.lsp4j.jsonrpc_0.12.0.v20210402-1305-1.5.0-90.jar;D:/Xilinx/Vivado/2024.2\lib\classes\org.eclipse.lsp4j_0.12.0.v20210402-1305-1.5.0-90.jar;D:/Xilinx/Vivado/2024.2\lib\classes\org.eclipse.xtext.util_2.18.0.v20190603-1042-1.0.0-90.jar;D:/Xilinx/Vivado/2024.2\lib\classes\org.eclipse.xtext.util_2.26.0.v20220228-0751-1.5.0-90.jar;D:/Xilinx/Vivado/2024.2\lib\classes\org.eclipse.xtext.xbase.lib_2.26.0.v20220228-0748-1.5.0-90.jar;D:/Xilinx/Vivado/2024.2\lib\classes\picocli-4.1.2.jar;D:/Xilinx/Vivado/2024.2\lib\classes\planAhead.jar;D:/Xilinx/Vivado/2024.2\lib\classes\poi-4.1.1-3.7.8-90.jar;D:/Xilinx/Vivado/2024.2\lib\classes\poi-ooxml-4.1.1-3.7.8-90.jar;D:/Xilinx/Vivado/2024.2\lib\classes\poi-ooxml-schemas-4.1.1-3.7.8-90.jar;D:/Xilinx/Vivado/2024.2\lib\classes\protobuf-java-3.21.12.jar;D:/Xilinx/Vivado/2024.2\lib\classes\protobuf-java-util-3.21.12.jar;D:/Xilinx/Vivado/2024.2\lib\classes\RuleService-1.24.0-595.jar;D:/Xilinx/Vivado/2024.2\lib\classes\slf4j-api-2.0.9-11.0.11-90.jar;D:/Xilinx/Vivado/2024.2\lib\classes\swingx-core-1.6.2-90.jar;D:/Xilinx/Vivado/2024.2\lib\classes\synthetica-3.3.1-90.jar;D:/Xilinx/Vivado/2024.2\lib\classes\syntheticaAddons-3.3.1-90.jar;D:/Xilinx/Vivado/2024.2\lib\classes\syntheticaDark-3.3.1-90.jar;D:/Xilinx/Vivado/2024.2\lib\classes\syntheticaPlain-3.3.1-90.jar;D:/Xilinx/Vivado/2024.2\lib\classes\syntheticaPlainAddon-3.3.1-90.jar;D:/Xilinx/Vivado/2024.2\lib\classes\sysgen.jar;D:/Xilinx/Vivado/2024.2\lib\classes\va-shared-1.0.0-595.jar;D:/Xilinx/Vivado/2024.2\lib\classes\VlmGUI.jar;D:/Xilinx/Vivado/2024.2\lib\classes\xml-apis-ext-1.0.0-90.jar;D:/Xilinx/Vivado/2024.2\lib\classes\xmlbeans-3.1.0-3.7.8-90.jar;D:/Xilinx/Vivado/2024.2\lib\classes\xmlgraphics-commons-1.0.0-90.jar;D:/Xilinx/Vivado/2024.2\lib\classes\yfiles-for-java-swing-3.3.0-90.jar;D:/Xilinx/Vivado/2024.2\lib\classes\windows\gluegen-rt-95.0.4638.69-90.jar;D:/Xilinx/Vivado/2024.2\lib\classes\windows\gluegen-rt-natives-windows-amd64-95.0.4638.69-90.jar;D:/Xilinx/Vivado/2024.2\lib\classes\windows\javafx-swt-21.0.1-90.jar;D:/Xilinx/Vivado/2024.2\lib\classes\windows\javafx.base-21.0.1-90.jar;D:/Xilinx/Vivado/2024.2\lib\classes\windows\javafx.controls-21.0.1-90.jar;D:/Xilinx/Vivado/2024.2\lib\classes\windows\javafx.fxml-21.0.1-90.jar;D:/Xilinx/Vivado/2024.2\lib\classes\windows\javafx.graphics-21.0.1-90.jar;D:/Xilinx/Vivado/2024.2\lib\classes\windows\javafx.media-21.0.1-90.jar;D:/Xilinx/Vivado/2024.2\lib\classes\windows\javafx.swing-21.0.1-90.jar;D:/Xilinx/Vivado/2024.2\lib\classes\windows\javafx.web-21.0.1-90.jar;D:/Xilinx/Vivado/2024.2\lib\classes\windows\jcef-95.0.4638.69-90.jar;D:/Xilinx/Vivado/2024.2\lib\classes\windows\jcef-tests-95.0.4638.69-90.jar;D:/Xilinx/Vivado/2024.2\lib\classes\windows\jogl-all-95.0.4638.69-90.jar;D:/Xilinx/Vivado/2024.2\lib\classes\windows\jogl-all-natives-windows-amd64-95.0.4638.69-90.jar
Launcher Type: generic

[Global flags]
     intx CICompilerCount                          = 12                                        {product} {ergonomic}
     uint ConcGCThreads                            = 1                                         {product} {ergonomic}
     uint G1ConcRefinementThreads                  = 4                                         {product} {ergonomic}
   size_t G1HeapRegionSize                         = 2097152                                   {product} {ergonomic}
    uintx GCDrainStackTargetSize                   = 64                                        {product} {ergonomic}
   size_t InitialHeapSize                          = 536870912                                 {product} {command line}
   size_t MarkStackSize                            = 4194304                                   {product} {ergonomic}
    uintx MaxGCPauseMillis                         = 200                                       {product} {command line}
   size_t MaxHeapSize                              = 4269801472                                {product} {command line}
   size_t MaxNewSize                               = 83886080                                  {product} {command line}
   size_t MinHeapDeltaBytes                        = 2097152                                   {product} {ergonomic}
   size_t MinHeapSize                              = 536870912                                 {product} {command line}
   size_t NewSize                                  = 83886080                                  {product} {command line}
    uintx NonNMethodCodeHeapSize                   = 7602480                                {pd product} {ergonomic}
    uintx NonProfiledCodeHeapSize                  = 122027880                              {pd product} {ergonomic}
     uint ParallelGCThreads                        = 4                                         {product} {command line}
     bool ParallelRefProcEnabled                   = true                                      {product} {command line}
    uintx ProfiledCodeHeapSize                     = 122027880                              {pd product} {ergonomic}
    uintx ReservedCodeCacheSize                    = 251658240                              {pd product} {ergonomic}
     bool SegmentedCodeCache                       = true                                      {product} {ergonomic}
   size_t SoftMaxHeapSize                          = 4269801472                             {manageable} {ergonomic}
    uintx StringTableSize                          = 4072                                      {product} {command line}
     intx ThreadStackSize                          = 10240                                  {pd product} {command line}
     bool UseCompressedOops                        = true                           {product lp64_product} {ergonomic}
     bool UseG1GC                                  = true                                      {product} {ergonomic}
     bool UseLargePagesIndividualAllocation        = false                                  {pd product} {ergonomic}
     bool UsePerfData                              = false                                     {product} {command line}
     bool UseStringDeduplication                   = true                                      {product} {command line}

Logging:
Log output configuration:
 #0: stdout all=warning uptime,level,tags foldmultilines=false
 #1: stderr all=off uptime,level,tags foldmultilines=false

Environment Variables:
PATH=D:/Xilinx/Vivado/2024.2\gnuwin\bin;D:/Xilinx/Vivado/2024.2\gnu\microblaze\nt\bin;D:/Xilinx/Vivado/2024.2/bin;D:/Xilinx/Vivado/2024.2/tps/win64/java-cef-95.0.4638.69/bin/lib/win64;D:/Xilinx/Vivado/2024.2/tps/win64/javafx-sdk-21.0.1/lib;D:/Xilinx/Vivado/2024.2/tps/win64/javafx-sdk-21.0.1/bin;D:/Xilinx/Vivado/2024.2/lib/win64.o;D:/Xilinx/Vivado/2024.2/tps/win64/jre21.0.1_12/bin/server;D:/Xilinx/Vivado/2024.2/tps/win64/jre21.0.1_12/bin;D:/Xilinx/Vitis/2024.2/bin;D:/Xilinx/Vivado/2024.2/ids_lite/ISE/bin/nt64;D:/Xilinx/Vivado/2024.2/ids_lite/ISE/lib/nt64;D:/Xilinx/Vitis_HLS/2024.2/bin;C:\Program Files (x86)\Common Files\Oracle\Java\java8path;C:\Program Files (x86)\Common Files\Oracle\Java\javapath;C:\Program Files (x86)\VMware\VMware Workstation\bin\;C:\Program Files\Microsoft\jdk-21.0.3.9-hotspot\bin;C:\Windows\system32;C:\Windows;C:\Windows\System32\Wbem;C:\Windows\System32\WindowsPowerShell\v1.0\;C:\Windows\System32\OpenSSH\;C:\Program Files\PuTTY\;C:\Program Files (x86)\NVIDIA Corporation\PhysX\Common;C:\MinGW\bin;C:\Program Files\dotnet\;C:\Program Files\MATLAB\R2023b\bin;C:\Program Files\Docker\Docker\resources\bin;C:\Program Files\Git\cmd;C:\Program Files\NVIDIA Corporation\NVIDIA app\NvDLISR;C:\Program Files (x86)\HP\Common\HPDestPlgIn\;C:\Program Files\usbipd-win\;C:\Program Files\CMake\bin;C:\Program Files (x86)\Windows Kits\10\Windows Performance Toolkit\;C:\Users\Octa476\.cargo\bin;C:\Users\Octa476\AppData\Local\Programs\Python\Python313\Scripts\;C:\Users\Octa476\AppData\Local\Programs\Python\Python313\;C:\Users\Octa476\AppData\Local\Programs\Python\Launcher\;C:\Users\Octa476\AppData\Local\Microsoft\WindowsApps;C:\Users\Octa476\AppData\Local\Programs\Microsoft VS Code\bin;C:\msys64\ucrt64\bin;C:\Program Files\GNU Octave\Octave-8.4.0\mingw64\bin;C:\Program Files\JetBrains\IntelliJ IDEA Community Edition 2024.2.4\bin;;C:\Gradle\gradle-8.11\bin;C:\ghcup\bin;D:/Xilinx/Vivado/2024.2\tps\mingw\6.2.0\win64.o\nt\bin;D:/Xilinx/Vivado/2024.2\tps\mingw\6.2.0\win64.o\nt\libexec\gcc\x86_64-w64-mingw32\6.2.0;D:/Xilinx/Vivado/2024.2\tps\win64\python-3.8.3;D:/Xilinx/Vivado/2024.2\tps\win64\python-3.8.3\bin;D:/Xilinx/Vivado/2024.2\tps\win64\python-3.8.3\lib;D:/Xilinx/Vivado/2024.2\tps\win64\python-3.8.3\lib\site-packages
USERNAME=Octa476
OS=Windows_NT
PROCESSOR_IDENTIFIER=Intel64 Family 6 Model 154 Stepping 3, GenuineIntel
TMP=C:\Users\Octa476\AppData\Local\Temp
TEMP=C:\Users\Octa476\AppData\Local\Temp




Periodic native trim disabled

---------------  S Y S T E M  ---------------

OS:
 Windows 11 , 64 bit Build 26100 (10.0.26100.7309)
OS uptime: 0 days 0:11 hours
Hyper-V role detected

CPU: total 16 (initial active 16) (8 cores per cpu, 2 threads per core) family 6 model 154 stepping 3 microcode 0x42c, cx8, cmov, fxsr, ht, mmx, 3dnowpref, sse, sse2, sse3, ssse3, sse4.1, sse4.2, popcnt, lzcnt, tsc, tscinvbit, avx, avx2, aes, erms, clmul, bmi1, bmi2, adx, sha, fma, vzeroupper, clflush, clflushopt, clwb, hv, serialize, rdtscp, rdpid, fsrm, f16c, cet_ibt, cet_ss
Processor Information for processor 0
  Max Mhz: 2500, Current Mhz: 2500, Mhz Limit: 2500
Processor Information for processor 1
  Max Mhz: 2500, Current Mhz: 2500, Mhz Limit: 2500
Processor Information for processor 2
  Max Mhz: 2500, Current Mhz: 2500, Mhz Limit: 2500
Processor Information for processor 3
  Max Mhz: 2500, Current Mhz: 2500, Mhz Limit: 2500
Processor Information for processor 4
  Max Mhz: 2500, Current Mhz: 2500, Mhz Limit: 2500
Processor Information for processor 5
  Max Mhz: 2500, Current Mhz: 2500, Mhz Limit: 2500
Processor Information for processor 6
  Max Mhz: 2500, Current Mhz: 2500, Mhz Limit: 2500
Processor Information for processor 7
  Max Mhz: 2500, Current Mhz: 2500, Mhz Limit: 2500
Processor Information for processor 8
  Max Mhz: 2500, Current Mhz: 1500, Mhz Limit: 1800
Processor Information for processor 9
  Max Mhz: 2500, Current Mhz: 1500, Mhz Limit: 1800
Processor Information for processor 10
  Max Mhz: 2500, Current Mhz: 1500, Mhz Limit: 1800
Processor Information for processor 11
  Max Mhz: 2500, Current Mhz: 1500, Mhz Limit: 1800
Processor Information for processor 12
  Max Mhz: 2500, Current Mhz: 1500, Mhz Limit: 1800
Processor Information for processor 13
  Max Mhz: 2500, Current Mhz: 1500, Mhz Limit: 1800
Processor Information for processor 14
  Max Mhz: 2500, Current Mhz: 1500, Mhz Limit: 1800
Processor Information for processor 15
  Max Mhz: 2500, Current Mhz: 1500, Mhz Limit: 1800

Memory: 4k page, system-wide physical 16049M (6856M free)
TotalPageFile size 24241M (AvailPageFile size 13754M)
current process WorkingSet (physical memory assigned to process): 2434M, peak: 2527M
current process commit charge ("private bytes"): 2711M, peak: 3769M

vm_info: OpenJDK 64-Bit Server VM (21.0.1+12-LTS) for windows-amd64 JRE (21.0.1+12-LTS), built on 2023-10-17T00:00:00Z by "admin" with unknown MS VC++:1937

END.
