#-----------------------------------------------------------
# Vivado v2024.2 (64-bit)
# SW Build 5239630 on Fri Nov 08 22:35:27 MST 2024
# IP Build 5239520 on Sun Nov 10 16:12:51 MST 2024
# SharedData Build 5239561 on Fri Nov 08 14:39:27 MST 2024
# Start of session at: Wed Dec 17 15:37:47 2025
# Process ID         : 3868
# Current directory  : C:/Users/Octa476/Desktop/Random_generator_module/random_generator_project
# Command line       : vivado.exe -gui_launcher_event rodinguilauncherevent23404 C:\Users\Octa476\Desktop\Random_generator_module\random_generator_project\random_generator_project.xpr
# Log file           : C:/Users/Octa476/Desktop/Random_generator_module/random_generator_project/vivado.log
# Journal file       : C:/Users/Octa476/Desktop/Random_generator_module/random_generator_project\vivado.jou
# Running On         : DESKTOP-1986M2J
# Platform           : Windows Server 2016 or Windows 10
# Operating System   : 26200
# Processor Detail   : 12th Gen Intel(R) Core(TM) i5-12500H
# CPU Frequency      : 3110 MHz
# CPU Physical cores : 12
# CPU Logical cores  : 16
# Host memory        : 16829 MB
# Swap memory        : 8589 MB
# Total Virtual      : 25419 MB
# Available Virtual  : 8626 MB
#-----------------------------------------------------------
start_gui
open_project C:/Users/Octa476/Desktop/Random_generator_module/random_generator_project/random_generator_project.xpr
WARNING: [Board 49-26] cannot add Board Part xilinx.com:zcu208ld:part0:2.0 available at D:/Xilinx/Vivado/2024.2/data/xhub/boards/XilinxBoardStore/boards/Xilinx/zcu208ld/production/2.0/board.xml as part xczu58dr-fsvg1517-2-i specified in board_part file is either invalid or not available
WARNING: [Board 49-26] cannot add Board Part xilinx.com:zcu216ld:part0:2.0 available at D:/Xilinx/Vivado/2024.2/data/xhub/boards/XilinxBoardStore/boards/Xilinx/zcu216ld/production/2.0/board.xml as part xczu59dr-ffvf1760-2-i specified in board_part file is either invalid or not available
WARNING: [Board 49-26] cannot add Board Part xilinx.com:zcu670ld:part0:1.0 available at D:/Xilinx/Vivado/2024.2/data/xhub/boards/XilinxBoardStore/boards/Xilinx/zcu670ld/1.0/board.xml as part xczu57dr-fsve1156-2-i specified in board_part file is either invalid or not available
Scanning sources...
Finished scanning sources
INFO: [IP_Flow 19-234] Refreshing IP repositories
INFO: [IP_Flow 19-1704] No user IP repositories specified
INFO: [IP_Flow 19-2313] Loaded Vivado IP repository 'D:/Xilinx/Vivado/2024.2/data/ip'.
update_compile_order -fileset sources_1
launch_simulation
Command: launch_simulation 
INFO: [Vivado 12-12493] Simulation top is 'tb_design_random'
WARNING: [Vivado 12-13340] Unable to auto find GCC executables from simulator install path! (path not set)
INFO: [Vivado 12-5682] Launching behavioral simulation in 'C:/Users/Octa476/Desktop/Random_generator_module/random_generator_project/random_generator_project.sim/sim_1/behav/xsim'
INFO: [Vivado 12-13660] Precompiled IP simulation library mode is enabled (default). The design IP libraries will be referenced from the compiled library path. Please note that if the precompiled version of the library is not found from the path or the IP is in locked state, then the library source files for these IPs will be compiled locally as part of the compile order.
INFO: [Vivado 12-4795] Using compiled simulation libraries for IPs
INFO: [SIM-utils-51] Simulation object is 'sim_1'
INFO: [SIM-utils-72] Using boost library from 'D:/Xilinx/Vivado/2024.2/tps/boost_1_72_0'
INFO: [USF-XSim-7] Finding pre-compiled libraries...
INFO: [USF-XSim-11] File 'D:/Xilinx/Vivado/2024.2/data/xsim/xsim.ini' copied to run dir:'C:/Users/Octa476/Desktop/Random_generator_module/random_generator_project/random_generator_project.sim/sim_1/behav/xsim'
INFO: [SIM-utils-54] Inspecting design source files for 'tb_design_random' in fileset 'sim_1'...
INFO: [USF-XSim-97] Finding global include files...
INFO: [USF-XSim-98] Fetching design files from 'sim_1'...
INFO: [USF-XSim-2] XSim::Compile design
INFO: [USF-XSim-61] Executing 'COMPILE and ANALYZE' step in 'C:/Users/Octa476/Desktop/Random_generator_module/random_generator_project/random_generator_project.sim/sim_1/behav/xsim'
"xvlog --incr --relax -prj tb_design_random_vlog.prj"
INFO: [USF-XSim-69] 'compile' step finished in '1' seconds
INFO: [USF-XSim-3] XSim::Elaborate design
INFO: [USF-XSim-61] Executing 'ELABORATE' step in 'C:/Users/Octa476/Desktop/Random_generator_module/random_generator_project/random_generator_project.sim/sim_1/behav/xsim'
"xelab --incr --debug typical --relax --mt 2 -L xil_defaultlib -L unisims_ver -L unimacro_ver -L secureip -L xpm --snapshot tb_design_random_behav xil_defaultlib.tb_design_random xil_defaultlib.glbl -log elaborate.log"
Vivado Simulator v2024.2.0
Copyright 1986-2022 Xilinx, Inc. All Rights Reserved.
Copyright 2022-2024 Advanced Micro Devices, Inc. All Rights Reserved.
Running: D:/Xilinx/Vivado/2024.2/bin/unwrapped/win64.o/xelab.exe --incr --debug typical --relax --mt 2 -L xil_defaultlib -L unisims_ver -L unimacro_ver -L secureip -L xpm --snapshot tb_design_random_behav xil_defaultlib.tb_design_random xil_defaultlib.glbl -log elaborate.log 
Using 2 slave threads.
Starting static elaboration
Pass Through NonSizing Optimizer
Completed static elaboration
INFO: [XSIM 43-4323] No Change in HDL. Linking previously generated obj files to create kernel
INFO: [USF-XSim-69] 'elaborate' step finished in '1' seconds
INFO: [USF-XSim-4] XSim::Simulate design
INFO: [USF-XSim-61] Executing 'SIMULATE' step in 'C:/Users/Octa476/Desktop/Random_generator_module/random_generator_project/random_generator_project.sim/sim_1/behav/xsim'
INFO: [USF-XSim-98] *** Running xsim
   with args "tb_design_random_behav -key {Behavioral:sim_1:Functional:tb_design_random} -tclbatch {tb_design_random.tcl} -protoinst "protoinst_files/design_random.protoinst" -log {simulate.log}"
INFO: [USF-XSim-8] Loading simulator feature
INFO: [Wavedata 42-565] Reading protoinst file protoinst_files/design_random.protoinst
Time resolution is 1 ps
source tb_design_random.tcl
# set curr_wave [current_wave_config]
# if { [string length $curr_wave] == 0 } {
#   if { [llength [get_objects]] > 0} {
#     add_wave /
#     set_property needs_save false [current_wave_config]
#   } else {
#      send_msg_id Add_Wave-1 WARNING "No top level signals found. Simulator will start without a wave window. If you want to open a wave window go to 'File->New Waveform Configuration' or type 'create_wave_config' in the TCL console."
#   }
# }
# run 1000ns
-1765511728
 1926115056
 1322774539
 1793175889
-2031390106
-1560988801
 2130638015
 1527297498
 1997698847
-1826867130
-1356465798
 1261419128
  658078637
INFO: [Common 17-41] Interrupt caught. Command should exit soon.
run: Time (s): cpu = 00:00:01 ; elapsed = 00:00:20 . Memory (MB): peak = 1307.559 ; gain = 0.000
INFO: [Common 17-344] 'run' was cancelled
INFO: [Common 17-344] 'source' was cancelled
xsim: Time (s): cpu = 00:00:03 ; elapsed = 00:00:23 . Memory (MB): peak = 1307.559 ; gain = 9.020
INFO: [Common 17-344] 'xsim' was cancelled
INFO: [Vivado 12-5357] 'simulate' step aborted
launch_simulation: Time (s): cpu = 00:00:05 ; elapsed = 00:00:27 . Memory (MB): peak = 1307.559 ; gain = 23.160
INFO: [Common 17-344] 'launch_simulation' was cancelled
WARNING: [filemgmt 56-199] Attempt to get parsing info during refresh. "On-the-fly" syntax checking information may be incorrect. [C:\Users\Octa476\Desktop\Random_generator_module\random_generator_project\random_generator_project.srcs\sim_1\new\tb_design_random.v:]
WARNING: [filemgmt 56-199] Attempt to get parsing info during refresh. "On-the-fly" syntax checking information may be incorrect. [C:\Users\Octa476\Desktop\Random_generator_module\random_generator_project\random_generator_project.srcs\sources_1\new\inverter_jitter.v:]
WARNING: [filemgmt 56-199] Attempt to get parsing info during refresh. "On-the-fly" syntax checking information may be incorrect. [C:\Users\Octa476\Desktop\Random_generator_module\random_generator_project\random_generator_project.srcs\sim_1\new\tb_design_random.v:]
WARNING: [filemgmt 56-199] Attempt to get parsing info during refresh. "On-the-fly" syntax checking information may be incorrect. [C:\Users\Octa476\Desktop\Random_generator_module\random_generator_project\random_generator_project.srcs\sim_1\new\tb_design_random.v:]
ERROR: [Common 17-180] Spawn failed: No error
report_ip_status -name ip_status 
update_module_reference [get_ips  {design_random_inverter_jitter_rand_3_0 design_random_inverter_jitter_rand_0_0 design_random_inverter_jitter_rand_4_0 design_random_inverter_jitter_rand_11_0 design_random_inverter_jitter_rand_1_0 design_random_inverter_jitter_rand_2_0 design_random_inverter_jitter_rand_7_0 design_random_inverter_jitter_rand_5_0 design_random_inverter_jitter_rand_9_0 design_random_inverter_jitter_rand_12_0 design_random_inverter_jitter_rand_8_0 design_random_inverter_jitter_rand_6_0 design_random_inverter_jitter_rand_10_0}]
Reading block design file <C:/Users/Octa476/Desktop/Random_generator_module/random_generator_project/random_generator_project.srcs/sources_1/bd/design_random/design_random.bd>...
Adding component instance block -- xilinx.com:module_ref:nand_module:1.0 - nand_module_0
Adding component instance block -- xilinx.com:module_ref:nand_module:1.0 - nand_module_1
Adding component instance block -- xilinx.com:module_ref:nand_module:1.0 - nand_module_2
Adding component instance block -- xilinx.com:module_ref:nand_module:1.0 - nand_module_3
Adding component instance block -- xilinx.com:module_ref:xor_4:1.0 - xor_4_0
Adding component instance block -- xilinx.com:module_ref:nand_module:1.0 - nand_module_5
Adding component instance block -- xilinx.com:module_ref:nand_module:1.0 - nand_module_6
Adding component instance block -- xilinx.com:module_ref:xor_3:1.0 - xor_3_0
Adding component instance block -- xilinx.com:module_ref:inverter_jitter_random:1.0 - inverter_jitter_rand_0
Adding component instance block -- xilinx.com:module_ref:inverter_jitter_random:1.0 - inverter_jitter_rand_1
Adding component instance block -- xilinx.com:module_ref:inverter_jitter_random:1.0 - inverter_jitter_rand_2
Adding component instance block -- xilinx.com:module_ref:inverter_jitter_random:1.0 - inverter_jitter_rand_3
Adding component instance block -- xilinx.com:module_ref:inverter_jitter_random:1.0 - inverter_jitter_rand_4
Adding component instance block -- xilinx.com:module_ref:inverter_jitter_random:1.0 - inverter_jitter_rand_5
Adding component instance block -- xilinx.com:module_ref:inverter_jitter_random:1.0 - inverter_jitter_rand_6
Adding component instance block -- xilinx.com:module_ref:inverter_jitter_random:1.0 - inverter_jitter_rand_7
Adding component instance block -- xilinx.com:module_ref:inverter_jitter_random:1.0 - inverter_jitter_rand_8
Adding component instance block -- xilinx.com:module_ref:inverter_jitter_random:1.0 - inverter_jitter_rand_9
Adding component instance block -- xilinx.com:module_ref:inverter_jitter_random:1.0 - inverter_jitter_rand_10
Adding component instance block -- xilinx.com:module_ref:inverter_jitter_random:1.0 - inverter_jitter_rand_11
Adding component instance block -- xilinx.com:module_ref:inverter_jitter_random:1.0 - inverter_jitter_rand_12
Adding component instance block -- xilinx.com:module_ref:dff_module1:1.0 - dff_module1_0
Adding component instance block -- xilinx.com:module_ref:dff_module1:1.0 - dff_module1_1
Adding component instance block -- xilinx.com:module_ref:dff_module1:1.0 - dff_module1_2
Adding component instance block -- xilinx.com:module_ref:dff_module1:1.0 - dff_module1_3
Adding component instance block -- xilinx.com:module_ref:dff_module1:1.0 - dff_module1_4
Adding component instance block -- xilinx.com:module_ref:dff_module1:1.0 - dff_module1_5
Adding component instance block -- xilinx.com:module_ref:dff_module1:1.0 - dff_module1_6
Successfully read diagram <design_random> from block design file <C:/Users/Octa476/Desktop/Random_generator_module/random_generator_project/random_generator_project.srcs/sources_1/bd/design_random/design_random.bd>
Upgrading 'C:/Users/Octa476/Desktop/Random_generator_module/random_generator_project/random_generator_project.srcs/sources_1/bd/design_random/design_random.bd'
INFO: [IP_Flow 19-3420] Updated design_random_inverter_jitter_rand_0_0 to use current project options
INFO: [IP_Flow 19-3420] Updated design_random_inverter_jitter_rand_10_0 to use current project options
INFO: [IP_Flow 19-3420] Updated design_random_inverter_jitter_rand_11_0 to use current project options
INFO: [IP_Flow 19-3420] Updated design_random_inverter_jitter_rand_12_0 to use current project options
INFO: [IP_Flow 19-3420] Updated design_random_inverter_jitter_rand_1_0 to use current project options
INFO: [IP_Flow 19-3420] Updated design_random_inverter_jitter_rand_2_0 to use current project options
INFO: [IP_Flow 19-3420] Updated design_random_inverter_jitter_rand_3_0 to use current project options
INFO: [IP_Flow 19-3420] Updated design_random_inverter_jitter_rand_4_0 to use current project options
INFO: [IP_Flow 19-3420] Updated design_random_inverter_jitter_rand_5_0 to use current project options
INFO: [IP_Flow 19-3420] Updated design_random_inverter_jitter_rand_6_0 to use current project options
INFO: [IP_Flow 19-3420] Updated design_random_inverter_jitter_rand_7_0 to use current project options
INFO: [IP_Flow 19-3420] Updated design_random_inverter_jitter_rand_8_0 to use current project options
INFO: [IP_Flow 19-3420] Updated design_random_inverter_jitter_rand_9_0 to use current project options
Wrote  : <C:\Users\Octa476\Desktop\Random_generator_module\random_generator_project\random_generator_project.srcs\sources_1\bd\design_random\design_random.bd> 
Wrote  : <C:/Users/Octa476/Desktop/Random_generator_module/random_generator_project/random_generator_project.srcs/sources_1/bd/design_random/ui/bd_32dbe44.ui> 
close_sim
INFO: xsimkernel Simulation Memory Usage: 29804 KB (Peak: 29804 KB), Simulation CPU Usage: 20702 ms
INFO: [Simtcl 6-16] Simulation closed
generate_target Simulation [get_files C:/Users/Octa476/Desktop/Random_generator_module/random_generator_project/random_generator_project.srcs/sources_1/bd/design_random/design_random.bd]
Wrote  : <C:\Users\Octa476\Desktop\Random_generator_module\random_generator_project\random_generator_project.srcs\sources_1\bd\design_random\design_random.bd> 
Verilog Output written to : c:/Users/Octa476/Desktop/Random_generator_module/random_generator_project/random_generator_project.gen/sources_1/bd/design_random/synth/design_random.v
Verilog Output written to : c:/Users/Octa476/Desktop/Random_generator_module/random_generator_project/random_generator_project.gen/sources_1/bd/design_random/sim/design_random.v
Verilog Output written to : c:/Users/Octa476/Desktop/Random_generator_module/random_generator_project/random_generator_project.gen/sources_1/bd/design_random/hdl/design_random_wrapper.v
INFO: [BD 41-1029] Generation completed for the IP Integrator block inverter_jitter_rand_0 .
INFO: [BD 41-1029] Generation completed for the IP Integrator block inverter_jitter_rand_1 .
INFO: [BD 41-1029] Generation completed for the IP Integrator block inverter_jitter_rand_2 .
INFO: [BD 41-1029] Generation completed for the IP Integrator block inverter_jitter_rand_3 .
INFO: [BD 41-1029] Generation completed for the IP Integrator block inverter_jitter_rand_4 .
INFO: [BD 41-1029] Generation completed for the IP Integrator block inverter_jitter_rand_5 .
INFO: [BD 41-1029] Generation completed for the IP Integrator block inverter_jitter_rand_6 .
INFO: [BD 41-1029] Generation completed for the IP Integrator block inverter_jitter_rand_7 .
INFO: [BD 41-1029] Generation completed for the IP Integrator block inverter_jitter_rand_8 .
INFO: [BD 41-1029] Generation completed for the IP Integrator block inverter_jitter_rand_9 .
INFO: [BD 41-1029] Generation completed for the IP Integrator block inverter_jitter_rand_10 .
INFO: [BD 41-1029] Generation completed for the IP Integrator block inverter_jitter_rand_11 .
INFO: [BD 41-1029] Generation completed for the IP Integrator block inverter_jitter_rand_12 .
Exporting to file c:/Users/Octa476/Desktop/Random_generator_module/random_generator_project/random_generator_project.gen/sources_1/bd/design_random/hw_handoff/design_random.hwh
Generated Hardware Definition File c:/Users/Octa476/Desktop/Random_generator_module/random_generator_project/random_generator_project.gen/sources_1/bd/design_random/synth/design_random.hwdef
export_ip_user_files -of_objects [get_files C:/Users/Octa476/Desktop/Random_generator_module/random_generator_project/random_generator_project.srcs/sources_1/bd/design_random/design_random.bd] -no_script -sync -force -quiet
export_simulation -of_objects [get_files C:/Users/Octa476/Desktop/Random_generator_module/random_generator_project/random_generator_project.srcs/sources_1/bd/design_random/design_random.bd] -directory C:/Users/Octa476/Desktop/Random_generator_module/random_generator_project/random_generator_project.ip_user_files/sim_scripts -ip_user_files_dir C:/Users/Octa476/Desktop/Random_generator_module/random_generator_project/random_generator_project.ip_user_files -ipstatic_source_dir C:/Users/Octa476/Desktop/Random_generator_module/random_generator_project/random_generator_project.ip_user_files/ipstatic -lib_map_path [list {modelsim=C:/Users/Octa476/Desktop/Random_generator_module/random_generator_project/random_generator_project.cache/compile_simlib/modelsim} {questa=C:/Users/Octa476/Desktop/Random_generator_module/random_generator_project/random_generator_project.cache/compile_simlib/questa} {riviera=C:/Users/Octa476/Desktop/Random_generator_module/random_generator_project/random_generator_project.cache/compile_simlib/riviera} {activehdl=C:/Users/Octa476/Desktop/Random_generator_module/random_generator_project/random_generator_project.cache/compile_simlib/activehdl}] -use_ip_compiled_libs -force -quiet
launch_simulation
Command: launch_simulation 
INFO: [Vivado 12-12493] Simulation top is 'tb_design_random'
WARNING: [Vivado 12-13340] Unable to auto find GCC executables from simulator install path! (path not set)
INFO: [Vivado 12-5682] Launching behavioral simulation in 'C:/Users/Octa476/Desktop/Random_generator_module/random_generator_project/random_generator_project.sim/sim_1/behav/xsim'
INFO: [Vivado 12-13660] Precompiled IP simulation library mode is enabled (default). The design IP libraries will be referenced from the compiled library path. Please note that if the precompiled version of the library is not found from the path or the IP is in locked state, then the library source files for these IPs will be compiled locally as part of the compile order.
INFO: [Vivado 12-4795] Using compiled simulation libraries for IPs
INFO: [SIM-utils-51] Simulation object is 'sim_1'
INFO: [SIM-utils-72] Using boost library from 'D:/Xilinx/Vivado/2024.2/tps/boost_1_72_0'
INFO: [USF-XSim-7] Finding pre-compiled libraries...
INFO: [USF-XSim-11] File 'D:/Xilinx/Vivado/2024.2/data/xsim/xsim.ini' copied to run dir:'C:/Users/Octa476/Desktop/Random_generator_module/random_generator_project/random_generator_project.sim/sim_1/behav/xsim'
INFO: [SIM-utils-54] Inspecting design source files for 'tb_design_random' in fileset 'sim_1'...
INFO: [USF-XSim-97] Finding global include files...
INFO: [USF-XSim-98] Fetching design files from 'sim_1'...
INFO: [USF-XSim-2] XSim::Compile design
INFO: [USF-XSim-61] Executing 'COMPILE and ANALYZE' step in 'C:/Users/Octa476/Desktop/Random_generator_module/random_generator_project/random_generator_project.sim/sim_1/behav/xsim'
"xvlog --incr --relax -prj tb_design_random_vlog.prj"
INFO: [VRFC 10-2263] Analyzing Verilog file "C:/Users/Octa476/Desktop/Random_generator_module/random_generator_project/random_generator_project.srcs/sources_1/new/nand_module.v" into library xil_defaultlib
INFO: [VRFC 10-311] analyzing module nand_module
INFO: [VRFC 10-2263] Analyzing Verilog file "C:/Users/Octa476/Desktop/Random_generator_module/random_generator_project/random_generator_project.srcs/sources_1/new/xor_4.v" into library xil_defaultlib
INFO: [VRFC 10-311] analyzing module xor_4
INFO: [VRFC 10-2263] Analyzing Verilog file "C:/Users/Octa476/Desktop/Random_generator_module/random_generator_project/random_generator_project.srcs/sources_1/new/xor_3.v" into library xil_defaultlib
INFO: [VRFC 10-311] analyzing module xor_3
INFO: [VRFC 10-2263] Analyzing Verilog file "C:/Users/Octa476/Desktop/Random_generator_module/random_generator_project/random_generator_project.srcs/sources_1/new/inverter_jitter.v" into library xil_defaultlib
INFO: [VRFC 10-311] analyzing module inverter_jitter_random
WARNING: [VRFC 10-2500] empty parameter declaration is only allowed in SystemVerilog mode [C:/Users/Octa476/Desktop/Random_generator_module/random_generator_project/random_generator_project.srcs/sources_1/new/inverter_jitter.v:23]
INFO: [VRFC 10-2263] Analyzing Verilog file "C:/Users/Octa476/Desktop/Random_generator_module/random_generator_project/random_generator_project.srcs/sources_1/new/dff_module1.v" into library xil_defaultlib
INFO: [VRFC 10-311] analyzing module dff_module1
INFO: [VRFC 10-2263] Analyzing Verilog file "C:/Users/Octa476/Desktop/Random_generator_module/random_generator_project/random_generator_project.ip_user_files/bd/design_random/ip/design_random_nand_module_0_0/sim/design_random_nand_module_0_0.v" into library xil_defaultlib
INFO: [VRFC 10-311] analyzing module design_random_nand_module_0_0
INFO: [VRFC 10-2263] Analyzing Verilog file "C:/Users/Octa476/Desktop/Random_generator_module/random_generator_project/random_generator_project.ip_user_files/bd/design_random/ip/design_random_nand_module_1_0/sim/design_random_nand_module_1_0.v" into library xil_defaultlib
INFO: [VRFC 10-311] analyzing module design_random_nand_module_1_0
INFO: [VRFC 10-2263] Analyzing Verilog file "C:/Users/Octa476/Desktop/Random_generator_module/random_generator_project/random_generator_project.ip_user_files/bd/design_random/ip/design_random_nand_module_2_0/sim/design_random_nand_module_2_0.v" into library xil_defaultlib
INFO: [VRFC 10-311] analyzing module design_random_nand_module_2_0
INFO: [VRFC 10-2263] Analyzing Verilog file "C:/Users/Octa476/Desktop/Random_generator_module/random_generator_project/random_generator_project.ip_user_files/bd/design_random/ip/design_random_nand_module_3_0/sim/design_random_nand_module_3_0.v" into library xil_defaultlib
INFO: [VRFC 10-311] analyzing module design_random_nand_module_3_0
INFO: [VRFC 10-2263] Analyzing Verilog file "C:/Users/Octa476/Desktop/Random_generator_module/random_generator_project/random_generator_project.ip_user_files/bd/design_random/ip/design_random_xor_4_0_0/sim/design_random_xor_4_0_0.v" into library xil_defaultlib
INFO: [VRFC 10-311] analyzing module design_random_xor_4_0_0
INFO: [VRFC 10-2263] Analyzing Verilog file "C:/Users/Octa476/Desktop/Random_generator_module/random_generator_project/random_generator_project.ip_user_files/bd/design_random/ip/design_random_nand_module_5_0/sim/design_random_nand_module_5_0.v" into library xil_defaultlib
INFO: [VRFC 10-311] analyzing module design_random_nand_module_5_0
INFO: [VRFC 10-2263] Analyzing Verilog file "C:/Users/Octa476/Desktop/Random_generator_module/random_generator_project/random_generator_project.ip_user_files/bd/design_random/ip/design_random_nand_module_6_0/sim/design_random_nand_module_6_0.v" into library xil_defaultlib
INFO: [VRFC 10-311] analyzing module design_random_nand_module_6_0
INFO: [VRFC 10-2263] Analyzing Verilog file "C:/Users/Octa476/Desktop/Random_generator_module/random_generator_project/random_generator_project.ip_user_files/bd/design_random/ip/design_random_xor_3_0_0/sim/design_random_xor_3_0_0.v" into library xil_defaultlib
INFO: [VRFC 10-311] analyzing module design_random_xor_3_0_0
INFO: [VRFC 10-2263] Analyzing Verilog file "C:/Users/Octa476/Desktop/Random_generator_module/random_generator_project/random_generator_project.ip_user_files/bd/design_random/ip/design_random_inverter_jitter_rand_0_0/sim/design_random_inverter_jitter_rand_0_0.v" into library xil_defaultlib
INFO: [VRFC 10-311] analyzing module design_random_inverter_jitter_rand_0_0
INFO: [VRFC 10-2263] Analyzing Verilog file "C:/Users/Octa476/Desktop/Random_generator_module/random_generator_project/random_generator_project.ip_user_files/bd/design_random/ip/design_random_inverter_jitter_rand_1_0/sim/design_random_inverter_jitter_rand_1_0.v" into library xil_defaultlib
INFO: [VRFC 10-311] analyzing module design_random_inverter_jitter_rand_1_0
INFO: [VRFC 10-2263] Analyzing Verilog file "C:/Users/Octa476/Desktop/Random_generator_module/random_generator_project/random_generator_project.ip_user_files/bd/design_random/ip/design_random_inverter_jitter_rand_2_0/sim/design_random_inverter_jitter_rand_2_0.v" into library xil_defaultlib
INFO: [VRFC 10-311] analyzing module design_random_inverter_jitter_rand_2_0
INFO: [VRFC 10-2263] Analyzing Verilog file "C:/Users/Octa476/Desktop/Random_generator_module/random_generator_project/random_generator_project.ip_user_files/bd/design_random/ip/design_random_inverter_jitter_rand_3_0/sim/design_random_inverter_jitter_rand_3_0.v" into library xil_defaultlib
INFO: [VRFC 10-311] analyzing module design_random_inverter_jitter_rand_3_0
INFO: [VRFC 10-2263] Analyzing Verilog file "C:/Users/Octa476/Desktop/Random_generator_module/random_generator_project/random_generator_project.ip_user_files/bd/design_random/ip/design_random_inverter_jitter_rand_4_0/sim/design_random_inverter_jitter_rand_4_0.v" into library xil_defaultlib
INFO: [VRFC 10-311] analyzing module design_random_inverter_jitter_rand_4_0
INFO: [VRFC 10-2263] Analyzing Verilog file "C:/Users/Octa476/Desktop/Random_generator_module/random_generator_project/random_generator_project.ip_user_files/bd/design_random/ip/design_random_inverter_jitter_rand_5_0/sim/design_random_inverter_jitter_rand_5_0.v" into library xil_defaultlib
INFO: [VRFC 10-311] analyzing module design_random_inverter_jitter_rand_5_0
INFO: [VRFC 10-2263] Analyzing Verilog file "C:/Users/Octa476/Desktop/Random_generator_module/random_generator_project/random_generator_project.ip_user_files/bd/design_random/ip/design_random_inverter_jitter_rand_6_0/sim/design_random_inverter_jitter_rand_6_0.v" into library xil_defaultlib
INFO: [VRFC 10-311] analyzing module design_random_inverter_jitter_rand_6_0
INFO: [VRFC 10-2263] Analyzing Verilog file "C:/Users/Octa476/Desktop/Random_generator_module/random_generator_project/random_generator_project.ip_user_files/bd/design_random/ip/design_random_inverter_jitter_rand_7_0/sim/design_random_inverter_jitter_rand_7_0.v" into library xil_defaultlib
INFO: [VRFC 10-311] analyzing module design_random_inverter_jitter_rand_7_0
INFO: [VRFC 10-2263] Analyzing Verilog file "C:/Users/Octa476/Desktop/Random_generator_module/random_generator_project/random_generator_project.ip_user_files/bd/design_random/ip/design_random_inverter_jitter_rand_8_0/sim/design_random_inverter_jitter_rand_8_0.v" into library xil_defaultlib
INFO: [VRFC 10-311] analyzing module design_random_inverter_jitter_rand_8_0
INFO: [VRFC 10-2263] Analyzing Verilog file "C:/Users/Octa476/Desktop/Random_generator_module/random_generator_project/random_generator_project.ip_user_files/bd/design_random/ip/design_random_inverter_jitter_rand_9_0/sim/design_random_inverter_jitter_rand_9_0.v" into library xil_defaultlib
INFO: [VRFC 10-311] analyzing module design_random_inverter_jitter_rand_9_0
INFO: [VRFC 10-2263] Analyzing Verilog file "C:/Users/Octa476/Desktop/Random_generator_module/random_generator_project/random_generator_project.ip_user_files/bd/design_random/ip/design_random_inverter_jitter_rand_10_0/sim/design_random_inverter_jitter_rand_10_0.v" into library xil_defaultlib
INFO: [VRFC 10-311] analyzing module design_random_inverter_jitter_rand_10_0
INFO: [VRFC 10-2263] Analyzing Verilog file "C:/Users/Octa476/Desktop/Random_generator_module/random_generator_project/random_generator_project.ip_user_files/bd/design_random/ip/design_random_inverter_jitter_rand_11_0/sim/design_random_inverter_jitter_rand_11_0.v" into library xil_defaultlib
INFO: [VRFC 10-311] analyzing module design_random_inverter_jitter_rand_11_0
INFO: [VRFC 10-2263] Analyzing Verilog file "C:/Users/Octa476/Desktop/Random_generator_module/random_generator_project/random_generator_project.ip_user_files/bd/design_random/ip/design_random_inverter_jitter_rand_12_0/sim/design_random_inverter_jitter_rand_12_0.v" into library xil_defaultlib
INFO: [VRFC 10-311] analyzing module design_random_inverter_jitter_rand_12_0
INFO: [VRFC 10-2263] Analyzing Verilog file "C:/Users/Octa476/Desktop/Random_generator_module/random_generator_project/random_generator_project.ip_user_files/bd/design_random/ip/design_random_dff_module1_0_0/sim/design_random_dff_module1_0_0.v" into library xil_defaultlib
INFO: [VRFC 10-311] analyzing module design_random_dff_module1_0_0
INFO: [VRFC 10-2263] Analyzing Verilog file "C:/Users/Octa476/Desktop/Random_generator_module/random_generator_project/random_generator_project.ip_user_files/bd/design_random/ip/design_random_dff_module1_1_0/sim/design_random_dff_module1_1_0.v" into library xil_defaultlib
INFO: [VRFC 10-311] analyzing module design_random_dff_module1_1_0
INFO: [VRFC 10-2263] Analyzing Verilog file "C:/Users/Octa476/Desktop/Random_generator_module/random_generator_project/random_generator_project.ip_user_files/bd/design_random/ip/design_random_dff_module1_2_0/sim/design_random_dff_module1_2_0.v" into library xil_defaultlib
INFO: [VRFC 10-311] analyzing module design_random_dff_module1_2_0
INFO: [VRFC 10-2263] Analyzing Verilog file "C:/Users/Octa476/Desktop/Random_generator_module/random_generator_project/random_generator_project.ip_user_files/bd/design_random/ip/design_random_dff_module1_3_0/sim/design_random_dff_module1_3_0.v" into library xil_defaultlib
INFO: [VRFC 10-311] analyzing module design_random_dff_module1_3_0
INFO: [VRFC 10-2263] Analyzing Verilog file "C:/Users/Octa476/Desktop/Random_generator_module/random_generator_project/random_generator_project.ip_user_files/bd/design_random/ip/design_random_dff_module1_4_0/sim/design_random_dff_module1_4_0.v" into library xil_defaultlib
INFO: [VRFC 10-311] analyzing module design_random_dff_module1_4_0
INFO: [VRFC 10-2263] Analyzing Verilog file "C:/Users/Octa476/Desktop/Random_generator_module/random_generator_project/random_generator_project.ip_user_files/bd/design_random/ip/design_random_dff_module1_5_0/sim/design_random_dff_module1_5_0.v" into library xil_defaultlib
INFO: [VRFC 10-311] analyzing module design_random_dff_module1_5_0
INFO: [VRFC 10-2263] Analyzing Verilog file "C:/Users/Octa476/Desktop/Random_generator_module/random_generator_project/random_generator_project.ip_user_files/bd/design_random/ip/design_random_dff_module1_6_0/sim/design_random_dff_module1_6_0.v" into library xil_defaultlib
INFO: [VRFC 10-311] analyzing module design_random_dff_module1_6_0
INFO: [VRFC 10-2263] Analyzing Verilog file "C:/Users/Octa476/Desktop/Random_generator_module/random_generator_project/random_generator_project.ip_user_files/bd/design_random/sim/design_random.v" into library xil_defaultlib
INFO: [VRFC 10-311] analyzing module design_random
INFO: [VRFC 10-2263] Analyzing Verilog file "C:/Users/Octa476/Desktop/Random_generator_module/random_generator_project/random_generator_project.gen/sources_1/bd/design_random/hdl/design_random_wrapper.v" into library xil_defaultlib
INFO: [VRFC 10-311] analyzing module design_random_wrapper
INFO: [VRFC 10-2263] Analyzing Verilog file "C:/Users/Octa476/Desktop/Random_generator_module/random_generator_project/random_generator_project.srcs/sim_1/new/tb_design_random.v" into library xil_defaultlib
INFO: [VRFC 10-311] analyzing module tb_design_random
run_program: Time (s): cpu = 00:00:00 ; elapsed = 00:00:05 . Memory (MB): peak = 1377.867 ; gain = 0.000
INFO: [USF-XSim-69] 'compile' step finished in '5' seconds
INFO: [USF-XSim-3] XSim::Elaborate design
INFO: [USF-XSim-61] Executing 'ELABORATE' step in 'C:/Users/Octa476/Desktop/Random_generator_module/random_generator_project/random_generator_project.sim/sim_1/behav/xsim'
"xelab --incr --debug typical --relax --mt 2 -L xil_defaultlib -L unisims_ver -L unimacro_ver -L secureip -L xpm --snapshot tb_design_random_behav xil_defaultlib.tb_design_random xil_defaultlib.glbl -log elaborate.log"
Vivado Simulator v2024.2.0
Copyright 1986-2022 Xilinx, Inc. All Rights Reserved.
Copyright 2022-2024 Advanced Micro Devices, Inc. All Rights Reserved.
Running: D:/Xilinx/Vivado/2024.2/bin/unwrapped/win64.o/xelab.exe --incr --debug typical --relax --mt 2 -L xil_defaultlib -L unisims_ver -L unimacro_ver -L secureip -L xpm --snapshot tb_design_random_behav xil_defaultlib.tb_design_random xil_defaultlib.glbl -log elaborate.log 
Using 2 slave threads.
Starting static elaboration
Pass Through NonSizing Optimizer
Completed static elaboration
Starting simulation data flow analysis
Completed simulation data flow analysis
Time Resolution for simulation is 1ps
Compiling module xil_defaultlib.dff_module1
Compiling module xil_defaultlib.design_random_dff_module1_0_0
Compiling module xil_defaultlib.design_random_dff_module1_1_0
Compiling module xil_defaultlib.design_random_dff_module1_2_0
Compiling module xil_defaultlib.design_random_dff_module1_3_0
Compiling module xil_defaultlib.design_random_dff_module1_4_0
Compiling module xil_defaultlib.design_random_dff_module1_5_0
Compiling module xil_defaultlib.design_random_dff_module1_6_0
Compiling module xil_defaultlib.inverter_jitter_random
Compiling module xil_defaultlib.design_random_inverter_jitter_ra...
Compiling module xil_defaultlib.design_random_inverter_jitter_ra...
Compiling module xil_defaultlib.design_random_inverter_jitter_ra...
Compiling module xil_defaultlib.design_random_inverter_jitter_ra...
Compiling module xil_defaultlib.design_random_inverter_jitter_ra...
Compiling module xil_defaultlib.design_random_inverter_jitter_ra...
Compiling module xil_defaultlib.design_random_inverter_jitter_ra...
Compiling module xil_defaultlib.design_random_inverter_jitter_ra...
Compiling module xil_defaultlib.design_random_inverter_jitter_ra...
Compiling module xil_defaultlib.design_random_inverter_jitter_ra...
Compiling module xil_defaultlib.design_random_inverter_jitter_ra...
Compiling module xil_defaultlib.design_random_inverter_jitter_ra...
Compiling module xil_defaultlib.design_random_inverter_jitter_ra...
Compiling module xil_defaultlib.nand_module
Compiling module xil_defaultlib.design_random_nand_module_0_0
Compiling module xil_defaultlib.design_random_nand_module_1_0
Compiling module xil_defaultlib.design_random_nand_module_2_0
Compiling module xil_defaultlib.design_random_nand_module_3_0
Compiling module xil_defaultlib.design_random_nand_module_5_0
Compiling module xil_defaultlib.design_random_nand_module_6_0
Compiling module xil_defaultlib.xor_3
Compiling module xil_defaultlib.design_random_xor_3_0_0
Compiling module xil_defaultlib.xor_4
Compiling module xil_defaultlib.design_random_xor_4_0_0
Compiling module xil_defaultlib.design_random
Compiling module xil_defaultlib.design_random_wrapper
Compiling module xil_defaultlib.tb_design_random
Compiling module xil_defaultlib.glbl
Built simulation snapshot tb_design_random_behav
INFO: [USF-XSim-69] 'elaborate' step finished in '2' seconds
INFO: [USF-XSim-4] XSim::Simulate design
INFO: [USF-XSim-61] Executing 'SIMULATE' step in 'C:/Users/Octa476/Desktop/Random_generator_module/random_generator_project/random_generator_project.sim/sim_1/behav/xsim'
INFO: [USF-XSim-98] *** Running xsim
   with args "tb_design_random_behav -key {Behavioral:sim_1:Functional:tb_design_random} -tclbatch {tb_design_random.tcl} -protoinst "protoinst_files/design_random.protoinst" -log {simulate.log}"
INFO: [USF-XSim-8] Loading simulator feature
INFO: [Wavedata 42-565] Reading protoinst file protoinst_files/design_random.protoinst
Time resolution is 1 ps
source tb_design_random.tcl
# set curr_wave [current_wave_config]
# if { [string length $curr_wave] == 0 } {
#   if { [llength [get_objects]] > 0} {
#     add_wave /
#     set_property needs_save false [current_wave_config]
#   } else {
#      send_msg_id Add_Wave-1 WARNING "No top level signals found. Simulator will start without a wave window. If you want to open a wave window go to 'File->New Waveform Configuration' or type 'create_wave_config' in the TCL console."
#   }
# }
# run 1000ns
-1765511728
 1926115056
 1322774539
 1793175889
-2031390106
-1560988801
 2130638015
 1527297498
 1997698847
-1826867130
-1356465798
 1261419128
  658078637
INFO: [USF-XSim-96] XSim completed. Design snapshot 'tb_design_random_behav' loaded.
INFO: [USF-XSim-97] XSim simulation ran for 1000ns
launch_simulation: Time (s): cpu = 00:00:03 ; elapsed = 00:00:10 . Memory (MB): peak = 1390.211 ; gain = 12.344
WARNING: [filemgmt 56-199] Attempt to get parsing info during refresh. "On-the-fly" syntax checking information may be incorrect. [C:\Users\Octa476\Desktop\Random_generator_module\random_generator_project\random_generator_project.srcs\sim_1\new\tb_design_random.v:]
WARNING: [filemgmt 56-199] Attempt to get parsing info during refresh. "On-the-fly" syntax checking information may be incorrect. [C:\Users\Octa476\Desktop\Random_generator_module\random_generator_project\random_generator_project.srcs\sources_1\new\inverter_jitter.v:]
WARNING: [filemgmt 56-199] Attempt to get parsing info during refresh. "On-the-fly" syntax checking information may be incorrect. [C:\Users\Octa476\Desktop\Random_generator_module\random_generator_project\random_generator_project.srcs\sim_1\new\tb_design_random.v:]
WARNING: [filemgmt 56-199] Attempt to get parsing info during refresh. "On-the-fly" syntax checking information may be incorrect. [C:\Users\Octa476\Desktop\Random_generator_module\random_generator_project\random_generator_project.srcs\sim_1\new\tb_design_random.v:]
ERROR: [Common 17-180] Spawn failed: No error
WARNING: [filemgmt 56-199] Attempt to get parsing info during refresh. "On-the-fly" syntax checking information may be incorrect. [C:\Users\Octa476\Desktop\Random_generator_module\random_generator_project\random_generator_project.srcs\sim_1\new\tb_design_random.v:]
WARNING: [filemgmt 56-199] Attempt to get parsing info during refresh. "On-the-fly" syntax checking information may be incorrect. [C:\Users\Octa476\Desktop\Random_generator_module\random_generator_project\random_generator_project.srcs\sources_1\new\inverter_jitter.v:]
WARNING: [filemgmt 56-199] Attempt to get parsing info during refresh. "On-the-fly" syntax checking information may be incorrect. [C:\Users\Octa476\Desktop\Random_generator_module\random_generator_project\random_generator_project.srcs\sim_1\new\tb_design_random.v:]
WARNING: [filemgmt 56-199] Attempt to get parsing info during refresh. "On-the-fly" syntax checking information may be incorrect. [C:\Users\Octa476\Desktop\Random_generator_module\random_generator_project\random_generator_project.srcs\sim_1\new\tb_design_random.v:]
ERROR: [Common 17-180] Spawn failed: No error
report_ip_status -name ip_status 
update_module_reference [get_ips  {design_random_inverter_jitter_rand_3_0 design_random_inverter_jitter_rand_0_0 design_random_inverter_jitter_rand_4_0 design_random_inverter_jitter_rand_11_0 design_random_inverter_jitter_rand_1_0 design_random_inverter_jitter_rand_2_0 design_random_inverter_jitter_rand_7_0 design_random_inverter_jitter_rand_5_0 design_random_inverter_jitter_rand_9_0 design_random_inverter_jitter_rand_12_0 design_random_inverter_jitter_rand_8_0 design_random_inverter_jitter_rand_6_0 design_random_inverter_jitter_rand_10_0}]
Upgrading 'C:/Users/Octa476/Desktop/Random_generator_module/random_generator_project/random_generator_project.srcs/sources_1/bd/design_random/design_random.bd'
INFO: [IP_Flow 19-3420] Updated design_random_inverter_jitter_rand_0_0 to use current project options
INFO: [IP_Flow 19-3420] Updated design_random_inverter_jitter_rand_10_0 to use current project options
INFO: [IP_Flow 19-3420] Updated design_random_inverter_jitter_rand_11_0 to use current project options
INFO: [IP_Flow 19-3420] Updated design_random_inverter_jitter_rand_12_0 to use current project options
INFO: [IP_Flow 19-3420] Updated design_random_inverter_jitter_rand_1_0 to use current project options
INFO: [IP_Flow 19-3420] Updated design_random_inverter_jitter_rand_2_0 to use current project options
INFO: [IP_Flow 19-3420] Updated design_random_inverter_jitter_rand_3_0 to use current project options
INFO: [IP_Flow 19-3420] Updated design_random_inverter_jitter_rand_4_0 to use current project options
INFO: [IP_Flow 19-3420] Updated design_random_inverter_jitter_rand_5_0 to use current project options
INFO: [IP_Flow 19-3420] Updated design_random_inverter_jitter_rand_6_0 to use current project options
INFO: [IP_Flow 19-3420] Updated design_random_inverter_jitter_rand_7_0 to use current project options
INFO: [IP_Flow 19-3420] Updated design_random_inverter_jitter_rand_8_0 to use current project options
INFO: [IP_Flow 19-3420] Updated design_random_inverter_jitter_rand_9_0 to use current project options
Wrote  : <C:\Users\Octa476\Desktop\Random_generator_module\random_generator_project\random_generator_project.srcs\sources_1\bd\design_random\design_random.bd> 
close_sim
INFO: [Simtcl 6-16] Simulation closed
generate_target Simulation [get_files C:/Users/Octa476/Desktop/Random_generator_module/random_generator_project/random_generator_project.srcs/sources_1/bd/design_random/design_random.bd]
Wrote  : <C:\Users\Octa476\Desktop\Random_generator_module\random_generator_project\random_generator_project.srcs\sources_1\bd\design_random\design_random.bd> 
Verilog Output written to : c:/Users/Octa476/Desktop/Random_generator_module/random_generator_project/random_generator_project.gen/sources_1/bd/design_random/synth/design_random.v
Verilog Output written to : c:/Users/Octa476/Desktop/Random_generator_module/random_generator_project/random_generator_project.gen/sources_1/bd/design_random/sim/design_random.v
Verilog Output written to : c:/Users/Octa476/Desktop/Random_generator_module/random_generator_project/random_generator_project.gen/sources_1/bd/design_random/hdl/design_random_wrapper.v
INFO: [BD 41-1029] Generation completed for the IP Integrator block inverter_jitter_rand_0 .
INFO: [BD 41-1029] Generation completed for the IP Integrator block inverter_jitter_rand_1 .
INFO: [BD 41-1029] Generation completed for the IP Integrator block inverter_jitter_rand_2 .
INFO: [BD 41-1029] Generation completed for the IP Integrator block inverter_jitter_rand_3 .
INFO: [BD 41-1029] Generation completed for the IP Integrator block inverter_jitter_rand_4 .
INFO: [BD 41-1029] Generation completed for the IP Integrator block inverter_jitter_rand_5 .
INFO: [BD 41-1029] Generation completed for the IP Integrator block inverter_jitter_rand_6 .
INFO: [BD 41-1029] Generation completed for the IP Integrator block inverter_jitter_rand_7 .
INFO: [BD 41-1029] Generation completed for the IP Integrator block inverter_jitter_rand_8 .
INFO: [BD 41-1029] Generation completed for the IP Integrator block inverter_jitter_rand_9 .
INFO: [BD 41-1029] Generation completed for the IP Integrator block inverter_jitter_rand_10 .
INFO: [BD 41-1029] Generation completed for the IP Integrator block inverter_jitter_rand_11 .
INFO: [BD 41-1029] Generation completed for the IP Integrator block inverter_jitter_rand_12 .
Exporting to file c:/Users/Octa476/Desktop/Random_generator_module/random_generator_project/random_generator_project.gen/sources_1/bd/design_random/hw_handoff/design_random.hwh
Generated Hardware Definition File c:/Users/Octa476/Desktop/Random_generator_module/random_generator_project/random_generator_project.gen/sources_1/bd/design_random/synth/design_random.hwdef
export_ip_user_files -of_objects [get_files C:/Users/Octa476/Desktop/Random_generator_module/random_generator_project/random_generator_project.srcs/sources_1/bd/design_random/design_random.bd] -no_script -sync -force -quiet
export_simulation -of_objects [get_files C:/Users/Octa476/Desktop/Random_generator_module/random_generator_project/random_generator_project.srcs/sources_1/bd/design_random/design_random.bd] -directory C:/Users/Octa476/Desktop/Random_generator_module/random_generator_project/random_generator_project.ip_user_files/sim_scripts -ip_user_files_dir C:/Users/Octa476/Desktop/Random_generator_module/random_generator_project/random_generator_project.ip_user_files -ipstatic_source_dir C:/Users/Octa476/Desktop/Random_generator_module/random_generator_project/random_generator_project.ip_user_files/ipstatic -lib_map_path [list {modelsim=C:/Users/Octa476/Desktop/Random_generator_module/random_generator_project/random_generator_project.cache/compile_simlib/modelsim} {questa=C:/Users/Octa476/Desktop/Random_generator_module/random_generator_project/random_generator_project.cache/compile_simlib/questa} {riviera=C:/Users/Octa476/Desktop/Random_generator_module/random_generator_project/random_generator_project.cache/compile_simlib/riviera} {activehdl=C:/Users/Octa476/Desktop/Random_generator_module/random_generator_project/random_generator_project.cache/compile_simlib/activehdl}] -use_ip_compiled_libs -force -quiet
launch_simulation
Command: launch_simulation 
INFO: [Vivado 12-12493] Simulation top is 'tb_design_random'
WARNING: [Vivado 12-13340] Unable to auto find GCC executables from simulator install path! (path not set)
INFO: [Vivado 12-5682] Launching behavioral simulation in 'C:/Users/Octa476/Desktop/Random_generator_module/random_generator_project/random_generator_project.sim/sim_1/behav/xsim'
INFO: [Vivado 12-13660] Precompiled IP simulation library mode is enabled (default). The design IP libraries will be referenced from the compiled library path. Please note that if the precompiled version of the library is not found from the path or the IP is in locked state, then the library source files for these IPs will be compiled locally as part of the compile order.
INFO: [Vivado 12-4795] Using compiled simulation libraries for IPs
INFO: [SIM-utils-51] Simulation object is 'sim_1'
INFO: [SIM-utils-72] Using boost library from 'D:/Xilinx/Vivado/2024.2/tps/boost_1_72_0'
INFO: [USF-XSim-7] Finding pre-compiled libraries...
INFO: [USF-XSim-11] File 'D:/Xilinx/Vivado/2024.2/data/xsim/xsim.ini' copied to run dir:'C:/Users/Octa476/Desktop/Random_generator_module/random_generator_project/random_generator_project.sim/sim_1/behav/xsim'
INFO: [SIM-utils-54] Inspecting design source files for 'tb_design_random' in fileset 'sim_1'...
INFO: [USF-XSim-97] Finding global include files...
INFO: [USF-XSim-98] Fetching design files from 'sim_1'...
INFO: [USF-XSim-2] XSim::Compile design
INFO: [USF-XSim-61] Executing 'COMPILE and ANALYZE' step in 'C:/Users/Octa476/Desktop/Random_generator_module/random_generator_project/random_generator_project.sim/sim_1/behav/xsim'
"xvlog --incr --relax -prj tb_design_random_vlog.prj"
INFO: [VRFC 10-2263] Analyzing Verilog file "C:/Users/Octa476/Desktop/Random_generator_module/random_generator_project/random_generator_project.srcs/sources_1/new/nand_module.v" into library xil_defaultlib
INFO: [VRFC 10-311] analyzing module nand_module
INFO: [VRFC 10-2263] Analyzing Verilog file "C:/Users/Octa476/Desktop/Random_generator_module/random_generator_project/random_generator_project.srcs/sources_1/new/xor_4.v" into library xil_defaultlib
INFO: [VRFC 10-311] analyzing module xor_4
INFO: [VRFC 10-2263] Analyzing Verilog file "C:/Users/Octa476/Desktop/Random_generator_module/random_generator_project/random_generator_project.srcs/sources_1/new/xor_3.v" into library xil_defaultlib
INFO: [VRFC 10-311] analyzing module xor_3
INFO: [VRFC 10-2263] Analyzing Verilog file "C:/Users/Octa476/Desktop/Random_generator_module/random_generator_project/random_generator_project.srcs/sources_1/new/inverter_jitter.v" into library xil_defaultlib
INFO: [VRFC 10-311] analyzing module inverter_jitter_random
WARNING: [VRFC 10-2500] empty parameter declaration is only allowed in SystemVerilog mode [C:/Users/Octa476/Desktop/Random_generator_module/random_generator_project/random_generator_project.srcs/sources_1/new/inverter_jitter.v:23]
INFO: [VRFC 10-2263] Analyzing Verilog file "C:/Users/Octa476/Desktop/Random_generator_module/random_generator_project/random_generator_project.srcs/sources_1/new/dff_module1.v" into library xil_defaultlib
INFO: [VRFC 10-311] analyzing module dff_module1
INFO: [VRFC 10-2263] Analyzing Verilog file "C:/Users/Octa476/Desktop/Random_generator_module/random_generator_project/random_generator_project.ip_user_files/bd/design_random/ip/design_random_nand_module_0_0/sim/design_random_nand_module_0_0.v" into library xil_defaultlib
INFO: [VRFC 10-311] analyzing module design_random_nand_module_0_0
INFO: [VRFC 10-2263] Analyzing Verilog file "C:/Users/Octa476/Desktop/Random_generator_module/random_generator_project/random_generator_project.ip_user_files/bd/design_random/ip/design_random_nand_module_1_0/sim/design_random_nand_module_1_0.v" into library xil_defaultlib
INFO: [VRFC 10-311] analyzing module design_random_nand_module_1_0
INFO: [VRFC 10-2263] Analyzing Verilog file "C:/Users/Octa476/Desktop/Random_generator_module/random_generator_project/random_generator_project.ip_user_files/bd/design_random/ip/design_random_nand_module_2_0/sim/design_random_nand_module_2_0.v" into library xil_defaultlib
INFO: [VRFC 10-311] analyzing module design_random_nand_module_2_0
INFO: [VRFC 10-2263] Analyzing Verilog file "C:/Users/Octa476/Desktop/Random_generator_module/random_generator_project/random_generator_project.ip_user_files/bd/design_random/ip/design_random_nand_module_3_0/sim/design_random_nand_module_3_0.v" into library xil_defaultlib
INFO: [VRFC 10-311] analyzing module design_random_nand_module_3_0
INFO: [VRFC 10-2263] Analyzing Verilog file "C:/Users/Octa476/Desktop/Random_generator_module/random_generator_project/random_generator_project.ip_user_files/bd/design_random/ip/design_random_xor_4_0_0/sim/design_random_xor_4_0_0.v" into library xil_defaultlib
INFO: [VRFC 10-311] analyzing module design_random_xor_4_0_0
INFO: [VRFC 10-2263] Analyzing Verilog file "C:/Users/Octa476/Desktop/Random_generator_module/random_generator_project/random_generator_project.ip_user_files/bd/design_random/ip/design_random_nand_module_5_0/sim/design_random_nand_module_5_0.v" into library xil_defaultlib
INFO: [VRFC 10-311] analyzing module design_random_nand_module_5_0
INFO: [VRFC 10-2263] Analyzing Verilog file "C:/Users/Octa476/Desktop/Random_generator_module/random_generator_project/random_generator_project.ip_user_files/bd/design_random/ip/design_random_nand_module_6_0/sim/design_random_nand_module_6_0.v" into library xil_defaultlib
INFO: [VRFC 10-311] analyzing module design_random_nand_module_6_0
INFO: [VRFC 10-2263] Analyzing Verilog file "C:/Users/Octa476/Desktop/Random_generator_module/random_generator_project/random_generator_project.ip_user_files/bd/design_random/ip/design_random_xor_3_0_0/sim/design_random_xor_3_0_0.v" into library xil_defaultlib
INFO: [VRFC 10-311] analyzing module design_random_xor_3_0_0
INFO: [VRFC 10-2263] Analyzing Verilog file "C:/Users/Octa476/Desktop/Random_generator_module/random_generator_project/random_generator_project.ip_user_files/bd/design_random/ip/design_random_inverter_jitter_rand_0_0/sim/design_random_inverter_jitter_rand_0_0.v" into library xil_defaultlib
INFO: [VRFC 10-311] analyzing module design_random_inverter_jitter_rand_0_0
INFO: [VRFC 10-2263] Analyzing Verilog file "C:/Users/Octa476/Desktop/Random_generator_module/random_generator_project/random_generator_project.ip_user_files/bd/design_random/ip/design_random_inverter_jitter_rand_1_0/sim/design_random_inverter_jitter_rand_1_0.v" into library xil_defaultlib
INFO: [VRFC 10-311] analyzing module design_random_inverter_jitter_rand_1_0
INFO: [VRFC 10-2263] Analyzing Verilog file "C:/Users/Octa476/Desktop/Random_generator_module/random_generator_project/random_generator_project.ip_user_files/bd/design_random/ip/design_random_inverter_jitter_rand_2_0/sim/design_random_inverter_jitter_rand_2_0.v" into library xil_defaultlib
INFO: [VRFC 10-311] analyzing module design_random_inverter_jitter_rand_2_0
INFO: [VRFC 10-2263] Analyzing Verilog file "C:/Users/Octa476/Desktop/Random_generator_module/random_generator_project/random_generator_project.ip_user_files/bd/design_random/ip/design_random_inverter_jitter_rand_3_0/sim/design_random_inverter_jitter_rand_3_0.v" into library xil_defaultlib
INFO: [VRFC 10-311] analyzing module design_random_inverter_jitter_rand_3_0
INFO: [VRFC 10-2263] Analyzing Verilog file "C:/Users/Octa476/Desktop/Random_generator_module/random_generator_project/random_generator_project.ip_user_files/bd/design_random/ip/design_random_inverter_jitter_rand_4_0/sim/design_random_inverter_jitter_rand_4_0.v" into library xil_defaultlib
INFO: [VRFC 10-311] analyzing module design_random_inverter_jitter_rand_4_0
INFO: [VRFC 10-2263] Analyzing Verilog file "C:/Users/Octa476/Desktop/Random_generator_module/random_generator_project/random_generator_project.ip_user_files/bd/design_random/ip/design_random_inverter_jitter_rand_5_0/sim/design_random_inverter_jitter_rand_5_0.v" into library xil_defaultlib
INFO: [VRFC 10-311] analyzing module design_random_inverter_jitter_rand_5_0
INFO: [VRFC 10-2263] Analyzing Verilog file "C:/Users/Octa476/Desktop/Random_generator_module/random_generator_project/random_generator_project.ip_user_files/bd/design_random/ip/design_random_inverter_jitter_rand_6_0/sim/design_random_inverter_jitter_rand_6_0.v" into library xil_defaultlib
INFO: [VRFC 10-311] analyzing module design_random_inverter_jitter_rand_6_0
INFO: [VRFC 10-2263] Analyzing Verilog file "C:/Users/Octa476/Desktop/Random_generator_module/random_generator_project/random_generator_project.ip_user_files/bd/design_random/ip/design_random_inverter_jitter_rand_7_0/sim/design_random_inverter_jitter_rand_7_0.v" into library xil_defaultlib
INFO: [VRFC 10-311] analyzing module design_random_inverter_jitter_rand_7_0
INFO: [VRFC 10-2263] Analyzing Verilog file "C:/Users/Octa476/Desktop/Random_generator_module/random_generator_project/random_generator_project.ip_user_files/bd/design_random/ip/design_random_inverter_jitter_rand_8_0/sim/design_random_inverter_jitter_rand_8_0.v" into library xil_defaultlib
INFO: [VRFC 10-311] analyzing module design_random_inverter_jitter_rand_8_0
INFO: [VRFC 10-2263] Analyzing Verilog file "C:/Users/Octa476/Desktop/Random_generator_module/random_generator_project/random_generator_project.ip_user_files/bd/design_random/ip/design_random_inverter_jitter_rand_9_0/sim/design_random_inverter_jitter_rand_9_0.v" into library xil_defaultlib
INFO: [VRFC 10-311] analyzing module design_random_inverter_jitter_rand_9_0
INFO: [VRFC 10-2263] Analyzing Verilog file "C:/Users/Octa476/Desktop/Random_generator_module/random_generator_project/random_generator_project.ip_user_files/bd/design_random/ip/design_random_inverter_jitter_rand_10_0/sim/design_random_inverter_jitter_rand_10_0.v" into library xil_defaultlib
INFO: [VRFC 10-311] analyzing module design_random_inverter_jitter_rand_10_0
INFO: [VRFC 10-2263] Analyzing Verilog file "C:/Users/Octa476/Desktop/Random_generator_module/random_generator_project/random_generator_project.ip_user_files/bd/design_random/ip/design_random_inverter_jitter_rand_11_0/sim/design_random_inverter_jitter_rand_11_0.v" into library xil_defaultlib
INFO: [VRFC 10-311] analyzing module design_random_inverter_jitter_rand_11_0
INFO: [VRFC 10-2263] Analyzing Verilog file "C:/Users/Octa476/Desktop/Random_generator_module/random_generator_project/random_generator_project.ip_user_files/bd/design_random/ip/design_random_inverter_jitter_rand_12_0/sim/design_random_inverter_jitter_rand_12_0.v" into library xil_defaultlib
INFO: [VRFC 10-311] analyzing module design_random_inverter_jitter_rand_12_0
INFO: [VRFC 10-2263] Analyzing Verilog file "C:/Users/Octa476/Desktop/Random_generator_module/random_generator_project/random_generator_project.ip_user_files/bd/design_random/ip/design_random_dff_module1_0_0/sim/design_random_dff_module1_0_0.v" into library xil_defaultlib
INFO: [VRFC 10-311] analyzing module design_random_dff_module1_0_0
INFO: [VRFC 10-2263] Analyzing Verilog file "C:/Users/Octa476/Desktop/Random_generator_module/random_generator_project/random_generator_project.ip_user_files/bd/design_random/ip/design_random_dff_module1_1_0/sim/design_random_dff_module1_1_0.v" into library xil_defaultlib
INFO: [VRFC 10-311] analyzing module design_random_dff_module1_1_0
INFO: [VRFC 10-2263] Analyzing Verilog file "C:/Users/Octa476/Desktop/Random_generator_module/random_generator_project/random_generator_project.ip_user_files/bd/design_random/ip/design_random_dff_module1_2_0/sim/design_random_dff_module1_2_0.v" into library xil_defaultlib
INFO: [VRFC 10-311] analyzing module design_random_dff_module1_2_0
INFO: [VRFC 10-2263] Analyzing Verilog file "C:/Users/Octa476/Desktop/Random_generator_module/random_generator_project/random_generator_project.ip_user_files/bd/design_random/ip/design_random_dff_module1_3_0/sim/design_random_dff_module1_3_0.v" into library xil_defaultlib
INFO: [VRFC 10-311] analyzing module design_random_dff_module1_3_0
INFO: [VRFC 10-2263] Analyzing Verilog file "C:/Users/Octa476/Desktop/Random_generator_module/random_generator_project/random_generator_project.ip_user_files/bd/design_random/ip/design_random_dff_module1_4_0/sim/design_random_dff_module1_4_0.v" into library xil_defaultlib
INFO: [VRFC 10-311] analyzing module design_random_dff_module1_4_0
INFO: [VRFC 10-2263] Analyzing Verilog file "C:/Users/Octa476/Desktop/Random_generator_module/random_generator_project/random_generator_project.ip_user_files/bd/design_random/ip/design_random_dff_module1_5_0/sim/design_random_dff_module1_5_0.v" into library xil_defaultlib
INFO: [VRFC 10-311] analyzing module design_random_dff_module1_5_0
INFO: [VRFC 10-2263] Analyzing Verilog file "C:/Users/Octa476/Desktop/Random_generator_module/random_generator_project/random_generator_project.ip_user_files/bd/design_random/ip/design_random_dff_module1_6_0/sim/design_random_dff_module1_6_0.v" into library xil_defaultlib
INFO: [VRFC 10-311] analyzing module design_random_dff_module1_6_0
INFO: [VRFC 10-2263] Analyzing Verilog file "C:/Users/Octa476/Desktop/Random_generator_module/random_generator_project/random_generator_project.ip_user_files/bd/design_random/sim/design_random.v" into library xil_defaultlib
INFO: [VRFC 10-311] analyzing module design_random
INFO: [VRFC 10-2263] Analyzing Verilog file "C:/Users/Octa476/Desktop/Random_generator_module/random_generator_project/random_generator_project.gen/sources_1/bd/design_random/hdl/design_random_wrapper.v" into library xil_defaultlib
INFO: [VRFC 10-311] analyzing module design_random_wrapper
INFO: [VRFC 10-2263] Analyzing Verilog file "C:/Users/Octa476/Desktop/Random_generator_module/random_generator_project/random_generator_project.srcs/sim_1/new/tb_design_random.v" into library xil_defaultlib
INFO: [VRFC 10-311] analyzing module tb_design_random
run_program: Time (s): cpu = 00:00:00 ; elapsed = 00:00:05 . Memory (MB): peak = 1437.773 ; gain = 0.000
INFO: [USF-XSim-69] 'compile' step finished in '6' seconds
INFO: [USF-XSim-3] XSim::Elaborate design
INFO: [USF-XSim-61] Executing 'ELABORATE' step in 'C:/Users/Octa476/Desktop/Random_generator_module/random_generator_project/random_generator_project.sim/sim_1/behav/xsim'
"xelab --incr --debug typical --relax --mt 2 -L xil_defaultlib -L unisims_ver -L unimacro_ver -L secureip -L xpm --snapshot tb_design_random_behav xil_defaultlib.tb_design_random xil_defaultlib.glbl -log elaborate.log"
Vivado Simulator v2024.2.0
Copyright 1986-2022 Xilinx, Inc. All Rights Reserved.
Copyright 2022-2024 Advanced Micro Devices, Inc. All Rights Reserved.
Running: D:/Xilinx/Vivado/2024.2/bin/unwrapped/win64.o/xelab.exe --incr --debug typical --relax --mt 2 -L xil_defaultlib -L unisims_ver -L unimacro_ver -L secureip -L xpm --snapshot tb_design_random_behav xil_defaultlib.tb_design_random xil_defaultlib.glbl -log elaborate.log 
Using 2 slave threads.
Starting static elaboration
Pass Through NonSizing Optimizer
Completed static elaboration
Starting simulation data flow analysis
Completed simulation data flow analysis
Time Resolution for simulation is 1ps
Compiling module xil_defaultlib.dff_module1
Compiling module xil_defaultlib.design_random_dff_module1_0_0
Compiling module xil_defaultlib.design_random_dff_module1_1_0
Compiling module xil_defaultlib.design_random_dff_module1_2_0
Compiling module xil_defaultlib.design_random_dff_module1_3_0
Compiling module xil_defaultlib.design_random_dff_module1_4_0
Compiling module xil_defaultlib.design_random_dff_module1_5_0
Compiling module xil_defaultlib.design_random_dff_module1_6_0
Compiling module xil_defaultlib.inverter_jitter_random
Compiling module xil_defaultlib.design_random_inverter_jitter_ra...
Compiling module xil_defaultlib.design_random_inverter_jitter_ra...
Compiling module xil_defaultlib.design_random_inverter_jitter_ra...
Compiling module xil_defaultlib.design_random_inverter_jitter_ra...
Compiling module xil_defaultlib.design_random_inverter_jitter_ra...
Compiling module xil_defaultlib.design_random_inverter_jitter_ra...
Compiling module xil_defaultlib.design_random_inverter_jitter_ra...
Compiling module xil_defaultlib.design_random_inverter_jitter_ra...
Compiling module xil_defaultlib.design_random_inverter_jitter_ra...
Compiling module xil_defaultlib.design_random_inverter_jitter_ra...
Compiling module xil_defaultlib.design_random_inverter_jitter_ra...
Compiling module xil_defaultlib.design_random_inverter_jitter_ra...
Compiling module xil_defaultlib.design_random_inverter_jitter_ra...
Compiling module xil_defaultlib.nand_module
Compiling module xil_defaultlib.design_random_nand_module_0_0
Compiling module xil_defaultlib.design_random_nand_module_1_0
Compiling module xil_defaultlib.design_random_nand_module_2_0
Compiling module xil_defaultlib.design_random_nand_module_3_0
Compiling module xil_defaultlib.design_random_nand_module_5_0
Compiling module xil_defaultlib.design_random_nand_module_6_0
Compiling module xil_defaultlib.xor_3
Compiling module xil_defaultlib.design_random_xor_3_0_0
Compiling module xil_defaultlib.xor_4
Compiling module xil_defaultlib.design_random_xor_4_0_0
Compiling module xil_defaultlib.design_random
Compiling module xil_defaultlib.design_random_wrapper
Compiling module xil_defaultlib.tb_design_random
Compiling module xil_defaultlib.glbl
Built simulation snapshot tb_design_random_behav
INFO: [USF-XSim-69] 'elaborate' step finished in '2' seconds
INFO: [USF-XSim-4] XSim::Simulate design
INFO: [USF-XSim-61] Executing 'SIMULATE' step in 'C:/Users/Octa476/Desktop/Random_generator_module/random_generator_project/random_generator_project.sim/sim_1/behav/xsim'
INFO: [USF-XSim-98] *** Running xsim
   with args "tb_design_random_behav -key {Behavioral:sim_1:Functional:tb_design_random} -tclbatch {tb_design_random.tcl} -protoinst "protoinst_files/design_random.protoinst" -log {simulate.log}"
INFO: [USF-XSim-8] Loading simulator feature
INFO: [Wavedata 42-565] Reading protoinst file protoinst_files/design_random.protoinst
Time resolution is 1 ps
source tb_design_random.tcl
# set curr_wave [current_wave_config]
# if { [string length $curr_wave] == 0 } {
#   if { [llength [get_objects]] > 0} {
#     add_wave /
#     set_property needs_save false [current_wave_config]
#   } else {
#      send_msg_id Add_Wave-1 WARNING "No top level signals found. Simulator will start without a wave window. If you want to open a wave window go to 'File->New Waveform Configuration' or type 'create_wave_config' in the TCL console."
#   }
# }
# run 1000ns
-1765511728
 1926115056
 1322774539
 1793175889
-2031390106
-1560988801
 2130638015
 1527297498
 1997698847
-1826867130
-1356465798
 1261419128
  658078637
INFO: [USF-XSim-96] XSim completed. Design snapshot 'tb_design_random_behav' loaded.
INFO: [USF-XSim-97] XSim simulation ran for 1000ns
launch_simulation: Time (s): cpu = 00:00:05 ; elapsed = 00:00:11 . Memory (MB): peak = 1437.773 ; gain = 0.000
WARNING: [filemgmt 56-199] Attempt to get parsing info during refresh. "On-the-fly" syntax checking information may be incorrect. [C:\Users\Octa476\Desktop\Random_generator_module\random_generator_project\random_generator_project.gen\sources_1\bd\design_random\hdl\design_random_wrapper.v:]
WARNING: [filemgmt 56-199] Attempt to get parsing info during refresh. "On-the-fly" syntax checking information may be incorrect. [C:\Users\Octa476\Desktop\Random_generator_module\random_generator_project\random_generator_project.srcs\sim_1\new\tb_design_random.v:]
WARNING: [filemgmt 56-199] Attempt to get parsing info during refresh. "On-the-fly" syntax checking information may be incorrect. [C:\Users\Octa476\Desktop\Random_generator_module\random_generator_project\random_generator_project.srcs\sources_1\new\inverter_jitter.v:]
WARNING: [filemgmt 56-199] Attempt to get parsing info during refresh. "On-the-fly" syntax checking information may be incorrect. [C:\Users\Octa476\Desktop\Random_generator_module\random_generator_project\random_generator_project.srcs\sim_1\new\tb_design_random.v:]
WARNING: [filemgmt 56-199] Attempt to get parsing info during refresh. "On-the-fly" syntax checking information may be incorrect. [C:\Users\Octa476\Desktop\Random_generator_module\random_generator_project\random_generator_project.srcs\sim_1\new\tb_design_random.v:]
WARNING: [filemgmt 56-199] Attempt to get parsing info during refresh. "On-the-fly" syntax checking information may be incorrect. [C:\Users\Octa476\Desktop\Random_generator_module\random_generator_project\random_generator_project.gen\sources_1\bd\design_random\hdl\design_random_wrapper.v:]
WARNING: [filemgmt 56-199] Attempt to get parsing info during refresh. "On-the-fly" syntax checking information may be incorrect. [C:\Users\Octa476\Desktop\Random_generator_module\random_generator_project\random_generator_project.srcs\sim_1\new\tb_design_random.v:]
WARNING: [filemgmt 56-199] Attempt to get parsing info during refresh. "On-the-fly" syntax checking information may be incorrect. [C:\Users\Octa476\Desktop\Random_generator_module\random_generator_project\random_generator_project.srcs\sources_1\new\inverter_jitter.v:]
WARNING: [filemgmt 56-199] Attempt to get parsing info during refresh. "On-the-fly" syntax checking information may be incorrect. [C:\Users\Octa476\Desktop\Random_generator_module\random_generator_project\random_generator_project.srcs\sim_1\new\tb_design_random.v:]
WARNING: [filemgmt 56-199] Attempt to get parsing info during refresh. "On-the-fly" syntax checking information may be incorrect. [C:\Users\Octa476\Desktop\Random_generator_module\random_generator_project\random_generator_project.srcs\sim_1\new\tb_design_random.v:]
WARNING: [filemgmt 56-199] Attempt to get parsing info during refresh. "On-the-fly" syntax checking information may be incorrect. [C:\Users\Octa476\Desktop\Random_generator_module\random_generator_project\random_generator_project.gen\sources_1\bd\design_random\hdl\design_random_wrapper.v:]
WARNING: [filemgmt 56-199] Attempt to get parsing info during refresh. "On-the-fly" syntax checking information may be incorrect. [C:\Users\Octa476\Desktop\Random_generator_module\random_generator_project\random_generator_project.srcs\sim_1\new\tb_design_random.v:]
WARNING: [filemgmt 56-199] Attempt to get parsing info during refresh. "On-the-fly" syntax checking information may be incorrect. [C:\Users\Octa476\Desktop\Random_generator_module\random_generator_project\random_generator_project.srcs\sources_1\new\inverter_jitter.v:]
WARNING: [filemgmt 56-199] Attempt to get parsing info during refresh. "On-the-fly" syntax checking information may be incorrect. [C:\Users\Octa476\Desktop\Random_generator_module\random_generator_project\random_generator_project.srcs\sources_1\new\inverter_jitter.v:]
WARNING: [filemgmt 56-199] Attempt to get parsing info during refresh. "On-the-fly" syntax checking information may be incorrect. [C:\Users\Octa476\Desktop\Random_generator_module\random_generator_project\random_generator_project.srcs\sources_1\new\inverter_jitter.v:]
restart
INFO: [Wavedata 42-604] Simulation restarted
run 1000000ns
-1765511728
 1926115056
 1322774539
 1793175889
-2031390106
-1560988801
 2130638015
 1527297498
 1997698847
-1826867130
-1356465798
 1261419128
  658078637
DONE: random_bytes.txt generat
$finish called at time : 80095 ns : File "C:/Users/Octa476/Desktop/Random_generator_module/random_generator_project/random_generator_project.srcs/sim_1/new/tb_design_random.v" Line 75
close_sim
INFO: [Simtcl 6-16] Simulation closed
launch_simulation
Command: launch_simulation 
INFO: [Vivado 12-12493] Simulation top is 'tb_design_random'
WARNING: [Vivado 12-13340] Unable to auto find GCC executables from simulator install path! (path not set)
INFO: [Vivado 12-5682] Launching behavioral simulation in 'C:/Users/Octa476/Desktop/Random_generator_module/random_generator_project/random_generator_project.sim/sim_1/behav/xsim'
INFO: [Vivado 12-13660] Precompiled IP simulation library mode is enabled (default). The design IP libraries will be referenced from the compiled library path. Please note that if the precompiled version of the library is not found from the path or the IP is in locked state, then the library source files for these IPs will be compiled locally as part of the compile order.
INFO: [Vivado 12-4795] Using compiled simulation libraries for IPs
INFO: [SIM-utils-51] Simulation object is 'sim_1'
INFO: [SIM-utils-72] Using boost library from 'D:/Xilinx/Vivado/2024.2/tps/boost_1_72_0'
INFO: [USF-XSim-7] Finding pre-compiled libraries...
INFO: [USF-XSim-11] File 'D:/Xilinx/Vivado/2024.2/data/xsim/xsim.ini' copied to run dir:'C:/Users/Octa476/Desktop/Random_generator_module/random_generator_project/random_generator_project.sim/sim_1/behav/xsim'
INFO: [SIM-utils-54] Inspecting design source files for 'tb_design_random' in fileset 'sim_1'...
INFO: [USF-XSim-97] Finding global include files...
INFO: [USF-XSim-98] Fetching design files from 'sim_1'...
INFO: [USF-XSim-2] XSim::Compile design
INFO: [USF-XSim-61] Executing 'COMPILE and ANALYZE' step in 'C:/Users/Octa476/Desktop/Random_generator_module/random_generator_project/random_generator_project.sim/sim_1/behav/xsim'
"xvlog --incr --relax -prj tb_design_random_vlog.prj"
INFO: [VRFC 10-2263] Analyzing Verilog file "C:/Users/Octa476/Desktop/Random_generator_module/random_generator_project/random_generator_project.srcs/sources_1/new/nand_module.v" into library xil_defaultlib
INFO: [VRFC 10-311] analyzing module nand_module
INFO: [VRFC 10-2263] Analyzing Verilog file "C:/Users/Octa476/Desktop/Random_generator_module/random_generator_project/random_generator_project.srcs/sources_1/new/xor_4.v" into library xil_defaultlib
INFO: [VRFC 10-311] analyzing module xor_4
INFO: [VRFC 10-2263] Analyzing Verilog file "C:/Users/Octa476/Desktop/Random_generator_module/random_generator_project/random_generator_project.srcs/sources_1/new/xor_3.v" into library xil_defaultlib
INFO: [VRFC 10-311] analyzing module xor_3
INFO: [VRFC 10-2263] Analyzing Verilog file "C:/Users/Octa476/Desktop/Random_generator_module/random_generator_project/random_generator_project.srcs/sources_1/new/inverter_jitter.v" into library xil_defaultlib
INFO: [VRFC 10-311] analyzing module inverter_jitter_random
WARNING: [VRFC 10-2500] empty parameter declaration is only allowed in SystemVerilog mode [C:/Users/Octa476/Desktop/Random_generator_module/random_generator_project/random_generator_project.srcs/sources_1/new/inverter_jitter.v:23]
INFO: [VRFC 10-2263] Analyzing Verilog file "C:/Users/Octa476/Desktop/Random_generator_module/random_generator_project/random_generator_project.srcs/sources_1/new/dff_module1.v" into library xil_defaultlib
INFO: [VRFC 10-311] analyzing module dff_module1
INFO: [VRFC 10-2263] Analyzing Verilog file "C:/Users/Octa476/Desktop/Random_generator_module/random_generator_project/random_generator_project.ip_user_files/bd/design_random/ip/design_random_nand_module_0_0/sim/design_random_nand_module_0_0.v" into library xil_defaultlib
INFO: [VRFC 10-311] analyzing module design_random_nand_module_0_0
INFO: [VRFC 10-2263] Analyzing Verilog file "C:/Users/Octa476/Desktop/Random_generator_module/random_generator_project/random_generator_project.ip_user_files/bd/design_random/ip/design_random_nand_module_1_0/sim/design_random_nand_module_1_0.v" into library xil_defaultlib
INFO: [VRFC 10-311] analyzing module design_random_nand_module_1_0
INFO: [VRFC 10-2263] Analyzing Verilog file "C:/Users/Octa476/Desktop/Random_generator_module/random_generator_project/random_generator_project.ip_user_files/bd/design_random/ip/design_random_nand_module_2_0/sim/design_random_nand_module_2_0.v" into library xil_defaultlib
INFO: [VRFC 10-311] analyzing module design_random_nand_module_2_0
INFO: [VRFC 10-2263] Analyzing Verilog file "C:/Users/Octa476/Desktop/Random_generator_module/random_generator_project/random_generator_project.ip_user_files/bd/design_random/ip/design_random_nand_module_3_0/sim/design_random_nand_module_3_0.v" into library xil_defaultlib
INFO: [VRFC 10-311] analyzing module design_random_nand_module_3_0
INFO: [VRFC 10-2263] Analyzing Verilog file "C:/Users/Octa476/Desktop/Random_generator_module/random_generator_project/random_generator_project.ip_user_files/bd/design_random/ip/design_random_xor_4_0_0/sim/design_random_xor_4_0_0.v" into library xil_defaultlib
INFO: [VRFC 10-311] analyzing module design_random_xor_4_0_0
INFO: [VRFC 10-2263] Analyzing Verilog file "C:/Users/Octa476/Desktop/Random_generator_module/random_generator_project/random_generator_project.ip_user_files/bd/design_random/ip/design_random_nand_module_5_0/sim/design_random_nand_module_5_0.v" into library xil_defaultlib
INFO: [VRFC 10-311] analyzing module design_random_nand_module_5_0
INFO: [VRFC 10-2263] Analyzing Verilog file "C:/Users/Octa476/Desktop/Random_generator_module/random_generator_project/random_generator_project.ip_user_files/bd/design_random/ip/design_random_nand_module_6_0/sim/design_random_nand_module_6_0.v" into library xil_defaultlib
INFO: [VRFC 10-311] analyzing module design_random_nand_module_6_0
INFO: [VRFC 10-2263] Analyzing Verilog file "C:/Users/Octa476/Desktop/Random_generator_module/random_generator_project/random_generator_project.ip_user_files/bd/design_random/ip/design_random_xor_3_0_0/sim/design_random_xor_3_0_0.v" into library xil_defaultlib
INFO: [VRFC 10-311] analyzing module design_random_xor_3_0_0
INFO: [VRFC 10-2263] Analyzing Verilog file "C:/Users/Octa476/Desktop/Random_generator_module/random_generator_project/random_generator_project.ip_user_files/bd/design_random/ip/design_random_inverter_jitter_rand_0_0/sim/design_random_inverter_jitter_rand_0_0.v" into library xil_defaultlib
INFO: [VRFC 10-311] analyzing module design_random_inverter_jitter_rand_0_0
INFO: [VRFC 10-2263] Analyzing Verilog file "C:/Users/Octa476/Desktop/Random_generator_module/random_generator_project/random_generator_project.ip_user_files/bd/design_random/ip/design_random_inverter_jitter_rand_1_0/sim/design_random_inverter_jitter_rand_1_0.v" into library xil_defaultlib
INFO: [VRFC 10-311] analyzing module design_random_inverter_jitter_rand_1_0
INFO: [VRFC 10-2263] Analyzing Verilog file "C:/Users/Octa476/Desktop/Random_generator_module/random_generator_project/random_generator_project.ip_user_files/bd/design_random/ip/design_random_inverter_jitter_rand_2_0/sim/design_random_inverter_jitter_rand_2_0.v" into library xil_defaultlib
INFO: [VRFC 10-311] analyzing module design_random_inverter_jitter_rand_2_0
INFO: [VRFC 10-2263] Analyzing Verilog file "C:/Users/Octa476/Desktop/Random_generator_module/random_generator_project/random_generator_project.ip_user_files/bd/design_random/ip/design_random_inverter_jitter_rand_3_0/sim/design_random_inverter_jitter_rand_3_0.v" into library xil_defaultlib
INFO: [VRFC 10-311] analyzing module design_random_inverter_jitter_rand_3_0
INFO: [VRFC 10-2263] Analyzing Verilog file "C:/Users/Octa476/Desktop/Random_generator_module/random_generator_project/random_generator_project.ip_user_files/bd/design_random/ip/design_random_inverter_jitter_rand_4_0/sim/design_random_inverter_jitter_rand_4_0.v" into library xil_defaultlib
INFO: [VRFC 10-311] analyzing module design_random_inverter_jitter_rand_4_0
INFO: [VRFC 10-2263] Analyzing Verilog file "C:/Users/Octa476/Desktop/Random_generator_module/random_generator_project/random_generator_project.ip_user_files/bd/design_random/ip/design_random_inverter_jitter_rand_5_0/sim/design_random_inverter_jitter_rand_5_0.v" into library xil_defaultlib
INFO: [VRFC 10-311] analyzing module design_random_inverter_jitter_rand_5_0
INFO: [VRFC 10-2263] Analyzing Verilog file "C:/Users/Octa476/Desktop/Random_generator_module/random_generator_project/random_generator_project.ip_user_files/bd/design_random/ip/design_random_inverter_jitter_rand_6_0/sim/design_random_inverter_jitter_rand_6_0.v" into library xil_defaultlib
INFO: [VRFC 10-311] analyzing module design_random_inverter_jitter_rand_6_0
INFO: [VRFC 10-2263] Analyzing Verilog file "C:/Users/Octa476/Desktop/Random_generator_module/random_generator_project/random_generator_project.ip_user_files/bd/design_random/ip/design_random_inverter_jitter_rand_7_0/sim/design_random_inverter_jitter_rand_7_0.v" into library xil_defaultlib
INFO: [VRFC 10-311] analyzing module design_random_inverter_jitter_rand_7_0
INFO: [VRFC 10-2263] Analyzing Verilog file "C:/Users/Octa476/Desktop/Random_generator_module/random_generator_project/random_generator_project.ip_user_files/bd/design_random/ip/design_random_inverter_jitter_rand_8_0/sim/design_random_inverter_jitter_rand_8_0.v" into library xil_defaultlib
INFO: [VRFC 10-311] analyzing module design_random_inverter_jitter_rand_8_0
INFO: [VRFC 10-2263] Analyzing Verilog file "C:/Users/Octa476/Desktop/Random_generator_module/random_generator_project/random_generator_project.ip_user_files/bd/design_random/ip/design_random_inverter_jitter_rand_9_0/sim/design_random_inverter_jitter_rand_9_0.v" into library xil_defaultlib
INFO: [VRFC 10-311] analyzing module design_random_inverter_jitter_rand_9_0
INFO: [VRFC 10-2263] Analyzing Verilog file "C:/Users/Octa476/Desktop/Random_generator_module/random_generator_project/random_generator_project.ip_user_files/bd/design_random/ip/design_random_inverter_jitter_rand_10_0/sim/design_random_inverter_jitter_rand_10_0.v" into library xil_defaultlib
INFO: [VRFC 10-311] analyzing module design_random_inverter_jitter_rand_10_0
INFO: [VRFC 10-2263] Analyzing Verilog file "C:/Users/Octa476/Desktop/Random_generator_module/random_generator_project/random_generator_project.ip_user_files/bd/design_random/ip/design_random_inverter_jitter_rand_11_0/sim/design_random_inverter_jitter_rand_11_0.v" into library xil_defaultlib
INFO: [VRFC 10-311] analyzing module design_random_inverter_jitter_rand_11_0
INFO: [VRFC 10-2263] Analyzing Verilog file "C:/Users/Octa476/Desktop/Random_generator_module/random_generator_project/random_generator_project.ip_user_files/bd/design_random/ip/design_random_inverter_jitter_rand_12_0/sim/design_random_inverter_jitter_rand_12_0.v" into library xil_defaultlib
INFO: [VRFC 10-311] analyzing module design_random_inverter_jitter_rand_12_0
INFO: [VRFC 10-2263] Analyzing Verilog file "C:/Users/Octa476/Desktop/Random_generator_module/random_generator_project/random_generator_project.ip_user_files/bd/design_random/ip/design_random_dff_module1_0_0/sim/design_random_dff_module1_0_0.v" into library xil_defaultlib
INFO: [VRFC 10-311] analyzing module design_random_dff_module1_0_0
INFO: [VRFC 10-2263] Analyzing Verilog file "C:/Users/Octa476/Desktop/Random_generator_module/random_generator_project/random_generator_project.ip_user_files/bd/design_random/ip/design_random_dff_module1_1_0/sim/design_random_dff_module1_1_0.v" into library xil_defaultlib
INFO: [VRFC 10-311] analyzing module design_random_dff_module1_1_0
INFO: [VRFC 10-2263] Analyzing Verilog file "C:/Users/Octa476/Desktop/Random_generator_module/random_generator_project/random_generator_project.ip_user_files/bd/design_random/ip/design_random_dff_module1_2_0/sim/design_random_dff_module1_2_0.v" into library xil_defaultlib
INFO: [VRFC 10-311] analyzing module design_random_dff_module1_2_0
INFO: [VRFC 10-2263] Analyzing Verilog file "C:/Users/Octa476/Desktop/Random_generator_module/random_generator_project/random_generator_project.ip_user_files/bd/design_random/ip/design_random_dff_module1_3_0/sim/design_random_dff_module1_3_0.v" into library xil_defaultlib
INFO: [VRFC 10-311] analyzing module design_random_dff_module1_3_0
INFO: [VRFC 10-2263] Analyzing Verilog file "C:/Users/Octa476/Desktop/Random_generator_module/random_generator_project/random_generator_project.ip_user_files/bd/design_random/ip/design_random_dff_module1_4_0/sim/design_random_dff_module1_4_0.v" into library xil_defaultlib
INFO: [VRFC 10-311] analyzing module design_random_dff_module1_4_0
INFO: [VRFC 10-2263] Analyzing Verilog file "C:/Users/Octa476/Desktop/Random_generator_module/random_generator_project/random_generator_project.ip_user_files/bd/design_random/ip/design_random_dff_module1_5_0/sim/design_random_dff_module1_5_0.v" into library xil_defaultlib
INFO: [VRFC 10-311] analyzing module design_random_dff_module1_5_0
INFO: [VRFC 10-2263] Analyzing Verilog file "C:/Users/Octa476/Desktop/Random_generator_module/random_generator_project/random_generator_project.ip_user_files/bd/design_random/ip/design_random_dff_module1_6_0/sim/design_random_dff_module1_6_0.v" into library xil_defaultlib
INFO: [VRFC 10-311] analyzing module design_random_dff_module1_6_0
INFO: [VRFC 10-2263] Analyzing Verilog file "C:/Users/Octa476/Desktop/Random_generator_module/random_generator_project/random_generator_project.ip_user_files/bd/design_random/sim/design_random.v" into library xil_defaultlib
INFO: [VRFC 10-311] analyzing module design_random
INFO: [VRFC 10-2263] Analyzing Verilog file "C:/Users/Octa476/Desktop/Random_generator_module/random_generator_project/random_generator_project.gen/sources_1/bd/design_random/hdl/design_random_wrapper.v" into library xil_defaultlib
INFO: [VRFC 10-311] analyzing module design_random_wrapper
INFO: [VRFC 10-2263] Analyzing Verilog file "C:/Users/Octa476/Desktop/Random_generator_module/random_generator_project/random_generator_project.srcs/sim_1/new/tb_design_random.v" into library xil_defaultlib
INFO: [VRFC 10-311] analyzing module tb_design_random
run_program: Time (s): cpu = 00:00:00 ; elapsed = 00:00:05 . Memory (MB): peak = 2485.668 ; gain = 0.000
INFO: [USF-XSim-69] 'compile' step finished in '5' seconds
INFO: [USF-XSim-3] XSim::Elaborate design
INFO: [USF-XSim-61] Executing 'ELABORATE' step in 'C:/Users/Octa476/Desktop/Random_generator_module/random_generator_project/random_generator_project.sim/sim_1/behav/xsim'
"xelab --incr --debug typical --relax --mt 2 -L xil_defaultlib -L unisims_ver -L unimacro_ver -L secureip -L xpm --snapshot tb_design_random_behav xil_defaultlib.tb_design_random xil_defaultlib.glbl -log elaborate.log"
Vivado Simulator v2024.2.0
Copyright 1986-2022 Xilinx, Inc. All Rights Reserved.
Copyright 2022-2024 Advanced Micro Devices, Inc. All Rights Reserved.
Running: D:/Xilinx/Vivado/2024.2/bin/unwrapped/win64.o/xelab.exe --incr --debug typical --relax --mt 2 -L xil_defaultlib -L unisims_ver -L unimacro_ver -L secureip -L xpm --snapshot tb_design_random_behav xil_defaultlib.tb_design_random xil_defaultlib.glbl -log elaborate.log 
Using 2 slave threads.
Starting static elaboration
Pass Through NonSizing Optimizer
Completed static elaboration
Starting simulation data flow analysis
Completed simulation data flow analysis
Time Resolution for simulation is 1ps
Compiling module xil_defaultlib.dff_module1
Compiling module xil_defaultlib.design_random_dff_module1_0_0
Compiling module xil_defaultlib.design_random_dff_module1_1_0
Compiling module xil_defaultlib.design_random_dff_module1_2_0
Compiling module xil_defaultlib.design_random_dff_module1_3_0
Compiling module xil_defaultlib.design_random_dff_module1_4_0
Compiling module xil_defaultlib.design_random_dff_module1_5_0
Compiling module xil_defaultlib.design_random_dff_module1_6_0
Compiling module xil_defaultlib.inverter_jitter_random
Compiling module xil_defaultlib.design_random_inverter_jitter_ra...
Compiling module xil_defaultlib.design_random_inverter_jitter_ra...
Compiling module xil_defaultlib.design_random_inverter_jitter_ra...
Compiling module xil_defaultlib.design_random_inverter_jitter_ra...
Compiling module xil_defaultlib.design_random_inverter_jitter_ra...
Compiling module xil_defaultlib.design_random_inverter_jitter_ra...
Compiling module xil_defaultlib.design_random_inverter_jitter_ra...
Compiling module xil_defaultlib.design_random_inverter_jitter_ra...
Compiling module xil_defaultlib.design_random_inverter_jitter_ra...
Compiling module xil_defaultlib.design_random_inverter_jitter_ra...
Compiling module xil_defaultlib.design_random_inverter_jitter_ra...
Compiling module xil_defaultlib.design_random_inverter_jitter_ra...
Compiling module xil_defaultlib.design_random_inverter_jitter_ra...
Compiling module xil_defaultlib.nand_module
Compiling module xil_defaultlib.design_random_nand_module_0_0
Compiling module xil_defaultlib.design_random_nand_module_1_0
Compiling module xil_defaultlib.design_random_nand_module_2_0
Compiling module xil_defaultlib.design_random_nand_module_3_0
Compiling module xil_defaultlib.design_random_nand_module_5_0
Compiling module xil_defaultlib.design_random_nand_module_6_0
Compiling module xil_defaultlib.xor_3
Compiling module xil_defaultlib.design_random_xor_3_0_0
Compiling module xil_defaultlib.xor_4
Compiling module xil_defaultlib.design_random_xor_4_0_0
Compiling module xil_defaultlib.design_random
Compiling module xil_defaultlib.design_random_wrapper
Compiling module xil_defaultlib.tb_design_random
Compiling module xil_defaultlib.glbl
Built simulation snapshot tb_design_random_behav
INFO: [USF-XSim-69] 'elaborate' step finished in '2' seconds
INFO: [USF-XSim-4] XSim::Simulate design
INFO: [USF-XSim-61] Executing 'SIMULATE' step in 'C:/Users/Octa476/Desktop/Random_generator_module/random_generator_project/random_generator_project.sim/sim_1/behav/xsim'
INFO: [USF-XSim-98] *** Running xsim
   with args "tb_design_random_behav -key {Behavioral:sim_1:Functional:tb_design_random} -tclbatch {tb_design_random.tcl} -protoinst "protoinst_files/design_random.protoinst" -log {simulate.log}"
INFO: [USF-XSim-8] Loading simulator feature
INFO: [Wavedata 42-565] Reading protoinst file protoinst_files/design_random.protoinst
Time resolution is 1 ps
source tb_design_random.tcl
# set curr_wave [current_wave_config]
# if { [string length $curr_wave] == 0 } {
#   if { [llength [get_objects]] > 0} {
#     add_wave /
#     set_property needs_save false [current_wave_config]
#   } else {
#      send_msg_id Add_Wave-1 WARNING "No top level signals found. Simulator will start without a wave window. If you want to open a wave window go to 'File->New Waveform Configuration' or type 'create_wave_config' in the TCL console."
#   }
# }
# run 1000ns
-1765511728
 1926115056
 1322774539
 1793175889
-2031390106
-1560988801
 2130638015
 1527297498
 1997698847
-1826867130
-1356465798
 1261419128
  658078637
INFO: [USF-XSim-96] XSim completed. Design snapshot 'tb_design_random_behav' loaded.
INFO: [USF-XSim-97] XSim simulation ran for 1000ns
launch_simulation: Time (s): cpu = 00:00:04 ; elapsed = 00:00:11 . Memory (MB): peak = 2485.668 ; gain = 0.000
restart
INFO: [Wavedata 42-604] Simulation restarted
run 10000000ns
-1765511728
 1926115056
 1322774539
 1793175889
-2031390106
-1560988801
 2130638015
 1527297498
 1997698847
-1826867130
-1356465798
 1261419128
  658078637
run: Time (s): cpu = 00:00:05 ; elapsed = 00:00:21 . Memory (MB): peak = 2485.668 ; gain = 0.000
run 100000000ns
run: Time (s): cpu = 00:00:46 ; elapsed = 00:03:23 . Memory (MB): peak = 2485.668 ; gain = 0.000
WARNING: [filemgmt 56-199] Attempt to get parsing info during refresh. "On-the-fly" syntax checking information may be incorrect. [C:\Users\Octa476\Desktop\Random_generator_module\random_generator_project\random_generator_project.gen\sources_1\bd\design_random\hdl\design_random_wrapper.v:]
WARNING: [filemgmt 56-199] Attempt to get parsing info during refresh. "On-the-fly" syntax checking information may be incorrect. [C:\Users\Octa476\Desktop\Random_generator_module\random_generator_project\random_generator_project.srcs\sim_1\new\tb_design_random.v:]
WARNING: [filemgmt 56-199] Attempt to get parsing info during refresh. "On-the-fly" syntax checking information may be incorrect. [C:\Users\Octa476\Desktop\Random_generator_module\random_generator_project\random_generator_project.srcs\sources_1\new\inverter_jitter.v:]
WARNING: [filemgmt 56-199] Attempt to get parsing info during refresh. "On-the-fly" syntax checking information may be incorrect. [C:\Users\Octa476\Desktop\Random_generator_module\random_generator_project\random_generator_project.srcs\sim_1\new\tb_design_random.v:]
WARNING: [filemgmt 56-199] Attempt to get parsing info during refresh. "On-the-fly" syntax checking information may be incorrect. [C:\Users\Octa476\Desktop\Random_generator_module\random_generator_project\random_generator_project.srcs\sim_1\new\tb_design_random.v:]
open_bd_design {C:/Users/Octa476/Desktop/Random_generator_module/random_generator_project/random_generator_project.srcs/sources_1/bd/design_random/design_random.bd}
open_bd_design {C:/Users/Octa476/Desktop/Random_generator_module/random_generator_project/random_generator_project.srcs/sources_1/bd/design_random/design_random.bd}
close_sim
INFO: xsimkernel Simulation Memory Usage: 37696 KB (Peak: 37696 KB), Simulation CPU Usage: 220999 ms
INFO: [Simtcl 6-16] Simulation closed
launch_simulation
Command: launch_simulation 
INFO: [Vivado 12-12493] Simulation top is 'tb_design_random'
WARNING: [Vivado 12-13340] Unable to auto find GCC executables from simulator install path! (path not set)
INFO: [Vivado 12-5682] Launching behavioral simulation in 'C:/Users/Octa476/Desktop/Random_generator_module/random_generator_project/random_generator_project.sim/sim_1/behav/xsim'
INFO: [Vivado 12-13660] Precompiled IP simulation library mode is enabled (default). The design IP libraries will be referenced from the compiled library path. Please note that if the precompiled version of the library is not found from the path or the IP is in locked state, then the library source files for these IPs will be compiled locally as part of the compile order.
INFO: [Vivado 12-4795] Using compiled simulation libraries for IPs
INFO: [SIM-utils-51] Simulation object is 'sim_1'
INFO: [SIM-utils-72] Using boost library from 'D:/Xilinx/Vivado/2024.2/tps/boost_1_72_0'
INFO: [USF-XSim-7] Finding pre-compiled libraries...
INFO: [USF-XSim-11] File 'D:/Xilinx/Vivado/2024.2/data/xsim/xsim.ini' copied to run dir:'C:/Users/Octa476/Desktop/Random_generator_module/random_generator_project/random_generator_project.sim/sim_1/behav/xsim'
INFO: [SIM-utils-54] Inspecting design source files for 'tb_design_random' in fileset 'sim_1'...
INFO: [USF-XSim-97] Finding global include files...
INFO: [USF-XSim-98] Fetching design files from 'sim_1'...
INFO: [USF-XSim-2] XSim::Compile design
INFO: [USF-XSim-61] Executing 'COMPILE and ANALYZE' step in 'C:/Users/Octa476/Desktop/Random_generator_module/random_generator_project/random_generator_project.sim/sim_1/behav/xsim'
"xvlog --incr --relax -prj tb_design_random_vlog.prj"
INFO: [VRFC 10-2263] Analyzing Verilog file "C:/Users/Octa476/Desktop/Random_generator_module/random_generator_project/random_generator_project.srcs/sources_1/new/nand_module.v" into library xil_defaultlib
INFO: [VRFC 10-311] analyzing module nand_module
INFO: [VRFC 10-2263] Analyzing Verilog file "C:/Users/Octa476/Desktop/Random_generator_module/random_generator_project/random_generator_project.srcs/sources_1/new/xor_4.v" into library xil_defaultlib
INFO: [VRFC 10-311] analyzing module xor_4
INFO: [VRFC 10-2263] Analyzing Verilog file "C:/Users/Octa476/Desktop/Random_generator_module/random_generator_project/random_generator_project.srcs/sources_1/new/xor_3.v" into library xil_defaultlib
INFO: [VRFC 10-311] analyzing module xor_3
INFO: [VRFC 10-2263] Analyzing Verilog file "C:/Users/Octa476/Desktop/Random_generator_module/random_generator_project/random_generator_project.srcs/sources_1/new/inverter_jitter.v" into library xil_defaultlib
INFO: [VRFC 10-311] analyzing module inverter_jitter_random
WARNING: [VRFC 10-2500] empty parameter declaration is only allowed in SystemVerilog mode [C:/Users/Octa476/Desktop/Random_generator_module/random_generator_project/random_generator_project.srcs/sources_1/new/inverter_jitter.v:23]
INFO: [VRFC 10-2263] Analyzing Verilog file "C:/Users/Octa476/Desktop/Random_generator_module/random_generator_project/random_generator_project.srcs/sources_1/new/dff_module1.v" into library xil_defaultlib
INFO: [VRFC 10-311] analyzing module dff_module1
INFO: [VRFC 10-2263] Analyzing Verilog file "C:/Users/Octa476/Desktop/Random_generator_module/random_generator_project/random_generator_project.ip_user_files/bd/design_random/ip/design_random_nand_module_0_0/sim/design_random_nand_module_0_0.v" into library xil_defaultlib
INFO: [VRFC 10-311] analyzing module design_random_nand_module_0_0
INFO: [VRFC 10-2263] Analyzing Verilog file "C:/Users/Octa476/Desktop/Random_generator_module/random_generator_project/random_generator_project.ip_user_files/bd/design_random/ip/design_random_nand_module_1_0/sim/design_random_nand_module_1_0.v" into library xil_defaultlib
INFO: [VRFC 10-311] analyzing module design_random_nand_module_1_0
INFO: [VRFC 10-2263] Analyzing Verilog file "C:/Users/Octa476/Desktop/Random_generator_module/random_generator_project/random_generator_project.ip_user_files/bd/design_random/ip/design_random_nand_module_2_0/sim/design_random_nand_module_2_0.v" into library xil_defaultlib
INFO: [VRFC 10-311] analyzing module design_random_nand_module_2_0
INFO: [VRFC 10-2263] Analyzing Verilog file "C:/Users/Octa476/Desktop/Random_generator_module/random_generator_project/random_generator_project.ip_user_files/bd/design_random/ip/design_random_nand_module_3_0/sim/design_random_nand_module_3_0.v" into library xil_defaultlib
INFO: [VRFC 10-311] analyzing module design_random_nand_module_3_0
INFO: [VRFC 10-2263] Analyzing Verilog file "C:/Users/Octa476/Desktop/Random_generator_module/random_generator_project/random_generator_project.ip_user_files/bd/design_random/ip/design_random_xor_4_0_0/sim/design_random_xor_4_0_0.v" into library xil_defaultlib
INFO: [VRFC 10-311] analyzing module design_random_xor_4_0_0
INFO: [VRFC 10-2263] Analyzing Verilog file "C:/Users/Octa476/Desktop/Random_generator_module/random_generator_project/random_generator_project.ip_user_files/bd/design_random/ip/design_random_nand_module_5_0/sim/design_random_nand_module_5_0.v" into library xil_defaultlib
INFO: [VRFC 10-311] analyzing module design_random_nand_module_5_0
INFO: [VRFC 10-2263] Analyzing Verilog file "C:/Users/Octa476/Desktop/Random_generator_module/random_generator_project/random_generator_project.ip_user_files/bd/design_random/ip/design_random_nand_module_6_0/sim/design_random_nand_module_6_0.v" into library xil_defaultlib
INFO: [VRFC 10-311] analyzing module design_random_nand_module_6_0
INFO: [VRFC 10-2263] Analyzing Verilog file "C:/Users/Octa476/Desktop/Random_generator_module/random_generator_project/random_generator_project.ip_user_files/bd/design_random/ip/design_random_xor_3_0_0/sim/design_random_xor_3_0_0.v" into library xil_defaultlib
INFO: [VRFC 10-311] analyzing module design_random_xor_3_0_0
INFO: [VRFC 10-2263] Analyzing Verilog file "C:/Users/Octa476/Desktop/Random_generator_module/random_generator_project/random_generator_project.ip_user_files/bd/design_random/ip/design_random_inverter_jitter_rand_0_0/sim/design_random_inverter_jitter_rand_0_0.v" into library xil_defaultlib
INFO: [VRFC 10-311] analyzing module design_random_inverter_jitter_rand_0_0
INFO: [VRFC 10-2263] Analyzing Verilog file "C:/Users/Octa476/Desktop/Random_generator_module/random_generator_project/random_generator_project.ip_user_files/bd/design_random/ip/design_random_inverter_jitter_rand_1_0/sim/design_random_inverter_jitter_rand_1_0.v" into library xil_defaultlib
INFO: [VRFC 10-311] analyzing module design_random_inverter_jitter_rand_1_0
INFO: [VRFC 10-2263] Analyzing Verilog file "C:/Users/Octa476/Desktop/Random_generator_module/random_generator_project/random_generator_project.ip_user_files/bd/design_random/ip/design_random_inverter_jitter_rand_2_0/sim/design_random_inverter_jitter_rand_2_0.v" into library xil_defaultlib
INFO: [VRFC 10-311] analyzing module design_random_inverter_jitter_rand_2_0
INFO: [VRFC 10-2263] Analyzing Verilog file "C:/Users/Octa476/Desktop/Random_generator_module/random_generator_project/random_generator_project.ip_user_files/bd/design_random/ip/design_random_inverter_jitter_rand_3_0/sim/design_random_inverter_jitter_rand_3_0.v" into library xil_defaultlib
INFO: [VRFC 10-311] analyzing module design_random_inverter_jitter_rand_3_0
INFO: [VRFC 10-2263] Analyzing Verilog file "C:/Users/Octa476/Desktop/Random_generator_module/random_generator_project/random_generator_project.ip_user_files/bd/design_random/ip/design_random_inverter_jitter_rand_4_0/sim/design_random_inverter_jitter_rand_4_0.v" into library xil_defaultlib
INFO: [VRFC 10-311] analyzing module design_random_inverter_jitter_rand_4_0
INFO: [VRFC 10-2263] Analyzing Verilog file "C:/Users/Octa476/Desktop/Random_generator_module/random_generator_project/random_generator_project.ip_user_files/bd/design_random/ip/design_random_inverter_jitter_rand_5_0/sim/design_random_inverter_jitter_rand_5_0.v" into library xil_defaultlib
INFO: [VRFC 10-311] analyzing module design_random_inverter_jitter_rand_5_0
INFO: [VRFC 10-2263] Analyzing Verilog file "C:/Users/Octa476/Desktop/Random_generator_module/random_generator_project/random_generator_project.ip_user_files/bd/design_random/ip/design_random_inverter_jitter_rand_6_0/sim/design_random_inverter_jitter_rand_6_0.v" into library xil_defaultlib
INFO: [VRFC 10-311] analyzing module design_random_inverter_jitter_rand_6_0
INFO: [VRFC 10-2263] Analyzing Verilog file "C:/Users/Octa476/Desktop/Random_generator_module/random_generator_project/random_generator_project.ip_user_files/bd/design_random/ip/design_random_inverter_jitter_rand_7_0/sim/design_random_inverter_jitter_rand_7_0.v" into library xil_defaultlib
INFO: [VRFC 10-311] analyzing module design_random_inverter_jitter_rand_7_0
INFO: [VRFC 10-2263] Analyzing Verilog file "C:/Users/Octa476/Desktop/Random_generator_module/random_generator_project/random_generator_project.ip_user_files/bd/design_random/ip/design_random_inverter_jitter_rand_8_0/sim/design_random_inverter_jitter_rand_8_0.v" into library xil_defaultlib
INFO: [VRFC 10-311] analyzing module design_random_inverter_jitter_rand_8_0
INFO: [VRFC 10-2263] Analyzing Verilog file "C:/Users/Octa476/Desktop/Random_generator_module/random_generator_project/random_generator_project.ip_user_files/bd/design_random/ip/design_random_inverter_jitter_rand_9_0/sim/design_random_inverter_jitter_rand_9_0.v" into library xil_defaultlib
INFO: [VRFC 10-311] analyzing module design_random_inverter_jitter_rand_9_0
INFO: [VRFC 10-2263] Analyzing Verilog file "C:/Users/Octa476/Desktop/Random_generator_module/random_generator_project/random_generator_project.ip_user_files/bd/design_random/ip/design_random_inverter_jitter_rand_10_0/sim/design_random_inverter_jitter_rand_10_0.v" into library xil_defaultlib
INFO: [VRFC 10-311] analyzing module design_random_inverter_jitter_rand_10_0
INFO: [VRFC 10-2263] Analyzing Verilog file "C:/Users/Octa476/Desktop/Random_generator_module/random_generator_project/random_generator_project.ip_user_files/bd/design_random/ip/design_random_inverter_jitter_rand_11_0/sim/design_random_inverter_jitter_rand_11_0.v" into library xil_defaultlib
INFO: [VRFC 10-311] analyzing module design_random_inverter_jitter_rand_11_0
INFO: [VRFC 10-2263] Analyzing Verilog file "C:/Users/Octa476/Desktop/Random_generator_module/random_generator_project/random_generator_project.ip_user_files/bd/design_random/ip/design_random_inverter_jitter_rand_12_0/sim/design_random_inverter_jitter_rand_12_0.v" into library xil_defaultlib
INFO: [VRFC 10-311] analyzing module design_random_inverter_jitter_rand_12_0
INFO: [VRFC 10-2263] Analyzing Verilog file "C:/Users/Octa476/Desktop/Random_generator_module/random_generator_project/random_generator_project.ip_user_files/bd/design_random/ip/design_random_dff_module1_0_0/sim/design_random_dff_module1_0_0.v" into library xil_defaultlib
INFO: [VRFC 10-311] analyzing module design_random_dff_module1_0_0
INFO: [VRFC 10-2263] Analyzing Verilog file "C:/Users/Octa476/Desktop/Random_generator_module/random_generator_project/random_generator_project.ip_user_files/bd/design_random/ip/design_random_dff_module1_1_0/sim/design_random_dff_module1_1_0.v" into library xil_defaultlib
INFO: [VRFC 10-311] analyzing module design_random_dff_module1_1_0
INFO: [VRFC 10-2263] Analyzing Verilog file "C:/Users/Octa476/Desktop/Random_generator_module/random_generator_project/random_generator_project.ip_user_files/bd/design_random/ip/design_random_dff_module1_2_0/sim/design_random_dff_module1_2_0.v" into library xil_defaultlib
INFO: [VRFC 10-311] analyzing module design_random_dff_module1_2_0
INFO: [VRFC 10-2263] Analyzing Verilog file "C:/Users/Octa476/Desktop/Random_generator_module/random_generator_project/random_generator_project.ip_user_files/bd/design_random/ip/design_random_dff_module1_3_0/sim/design_random_dff_module1_3_0.v" into library xil_defaultlib
INFO: [VRFC 10-311] analyzing module design_random_dff_module1_3_0
INFO: [VRFC 10-2263] Analyzing Verilog file "C:/Users/Octa476/Desktop/Random_generator_module/random_generator_project/random_generator_project.ip_user_files/bd/design_random/ip/design_random_dff_module1_4_0/sim/design_random_dff_module1_4_0.v" into library xil_defaultlib
INFO: [VRFC 10-311] analyzing module design_random_dff_module1_4_0
INFO: [VRFC 10-2263] Analyzing Verilog file "C:/Users/Octa476/Desktop/Random_generator_module/random_generator_project/random_generator_project.ip_user_files/bd/design_random/ip/design_random_dff_module1_5_0/sim/design_random_dff_module1_5_0.v" into library xil_defaultlib
INFO: [VRFC 10-311] analyzing module design_random_dff_module1_5_0
INFO: [VRFC 10-2263] Analyzing Verilog file "C:/Users/Octa476/Desktop/Random_generator_module/random_generator_project/random_generator_project.ip_user_files/bd/design_random/ip/design_random_dff_module1_6_0/sim/design_random_dff_module1_6_0.v" into library xil_defaultlib
INFO: [VRFC 10-311] analyzing module design_random_dff_module1_6_0
INFO: [VRFC 10-2263] Analyzing Verilog file "C:/Users/Octa476/Desktop/Random_generator_module/random_generator_project/random_generator_project.ip_user_files/bd/design_random/sim/design_random.v" into library xil_defaultlib
INFO: [VRFC 10-311] analyzing module design_random
INFO: [VRFC 10-2263] Analyzing Verilog file "C:/Users/Octa476/Desktop/Random_generator_module/random_generator_project/random_generator_project.gen/sources_1/bd/design_random/hdl/design_random_wrapper.v" into library xil_defaultlib
INFO: [VRFC 10-311] analyzing module design_random_wrapper
INFO: [VRFC 10-2263] Analyzing Verilog file "C:/Users/Octa476/Desktop/Random_generator_module/random_generator_project/random_generator_project.srcs/sim_1/new/tb_design_random.v" into library xil_defaultlib
INFO: [VRFC 10-311] analyzing module tb_design_random
run_program: Time (s): cpu = 00:00:00 ; elapsed = 00:00:07 . Memory (MB): peak = 2485.668 ; gain = 0.000
INFO: [USF-XSim-69] 'compile' step finished in '8' seconds
INFO: [USF-XSim-3] XSim::Elaborate design
INFO: [USF-XSim-61] Executing 'ELABORATE' step in 'C:/Users/Octa476/Desktop/Random_generator_module/random_generator_project/random_generator_project.sim/sim_1/behav/xsim'
"xelab --incr --debug typical --relax --mt 2 -L xil_defaultlib -L unisims_ver -L unimacro_ver -L secureip -L xpm --snapshot tb_design_random_behav xil_defaultlib.tb_design_random xil_defaultlib.glbl -log elaborate.log"
Vivado Simulator v2024.2.0
Copyright 1986-2022 Xilinx, Inc. All Rights Reserved.
Copyright 2022-2024 Advanced Micro Devices, Inc. All Rights Reserved.
Running: D:/Xilinx/Vivado/2024.2/bin/unwrapped/win64.o/xelab.exe --incr --debug typical --relax --mt 2 -L xil_defaultlib -L unisims_ver -L unimacro_ver -L secureip -L xpm --snapshot tb_design_random_behav xil_defaultlib.tb_design_random xil_defaultlib.glbl -log elaborate.log 
Using 2 slave threads.
Starting static elaboration
Pass Through NonSizing Optimizer
Completed static elaboration
Starting simulation data flow analysis
Completed simulation data flow analysis
Time Resolution for simulation is 1ps
Compiling module xil_defaultlib.dff_module1
Compiling module xil_defaultlib.design_random_dff_module1_0_0
Compiling module xil_defaultlib.design_random_dff_module1_1_0
Compiling module xil_defaultlib.design_random_dff_module1_2_0
Compiling module xil_defaultlib.design_random_dff_module1_3_0
Compiling module xil_defaultlib.design_random_dff_module1_4_0
Compiling module xil_defaultlib.design_random_dff_module1_5_0
Compiling module xil_defaultlib.design_random_dff_module1_6_0
Compiling module xil_defaultlib.inverter_jitter_random
Compiling module xil_defaultlib.design_random_inverter_jitter_ra...
Compiling module xil_defaultlib.design_random_inverter_jitter_ra...
Compiling module xil_defaultlib.design_random_inverter_jitter_ra...
Compiling module xil_defaultlib.design_random_inverter_jitter_ra...
Compiling module xil_defaultlib.design_random_inverter_jitter_ra...
Compiling module xil_defaultlib.design_random_inverter_jitter_ra...
Compiling module xil_defaultlib.design_random_inverter_jitter_ra...
Compiling module xil_defaultlib.design_random_inverter_jitter_ra...
Compiling module xil_defaultlib.design_random_inverter_jitter_ra...
Compiling module xil_defaultlib.design_random_inverter_jitter_ra...
Compiling module xil_defaultlib.design_random_inverter_jitter_ra...
Compiling module xil_defaultlib.design_random_inverter_jitter_ra...
Compiling module xil_defaultlib.design_random_inverter_jitter_ra...
Compiling module xil_defaultlib.nand_module
Compiling module xil_defaultlib.design_random_nand_module_0_0
Compiling module xil_defaultlib.design_random_nand_module_1_0
Compiling module xil_defaultlib.design_random_nand_module_2_0
Compiling module xil_defaultlib.design_random_nand_module_3_0
Compiling module xil_defaultlib.design_random_nand_module_5_0
Compiling module xil_defaultlib.design_random_nand_module_6_0
Compiling module xil_defaultlib.xor_3
Compiling module xil_defaultlib.design_random_xor_3_0_0
Compiling module xil_defaultlib.xor_4
Compiling module xil_defaultlib.design_random_xor_4_0_0
Compiling module xil_defaultlib.design_random
Compiling module xil_defaultlib.design_random_wrapper
Compiling module xil_defaultlib.tb_design_random
Compiling module xil_defaultlib.glbl
Built simulation snapshot tb_design_random_behav
INFO: [USF-XSim-69] 'elaborate' step finished in '4' seconds
INFO: [USF-XSim-4] XSim::Simulate design
INFO: [USF-XSim-61] Executing 'SIMULATE' step in 'C:/Users/Octa476/Desktop/Random_generator_module/random_generator_project/random_generator_project.sim/sim_1/behav/xsim'
INFO: [USF-XSim-98] *** Running xsim
   with args "tb_design_random_behav -key {Behavioral:sim_1:Functional:tb_design_random} -tclbatch {tb_design_random.tcl} -protoinst "protoinst_files/design_random.protoinst" -log {simulate.log}"
INFO: [USF-XSim-8] Loading simulator feature
INFO: [Wavedata 42-565] Reading protoinst file protoinst_files/design_random.protoinst
Time resolution is 1 ps
source tb_design_random.tcl
# set curr_wave [current_wave_config]
# if { [string length $curr_wave] == 0 } {
#   if { [llength [get_objects]] > 0} {
#     add_wave /
#     set_property needs_save false [current_wave_config]
#   } else {
#      send_msg_id Add_Wave-1 WARNING "No top level signals found. Simulator will start without a wave window. If you want to open a wave window go to 'File->New Waveform Configuration' or type 'create_wave_config' in the TCL console."
#   }
# }
# run 1000ns
-1765511728
 1926115056
 1322774539
 1793175889
-2031390106
-1560988801
 2130638015
 1527297498
 1997698847
-1826867130
-1356465798
 1261419128
  658078637
INFO: [USF-XSim-96] XSim completed. Design snapshot 'tb_design_random_behav' loaded.
INFO: [USF-XSim-97] XSim simulation ran for 1000ns
launch_simulation: Time (s): cpu = 00:00:06 ; elapsed = 00:00:16 . Memory (MB): peak = 2485.668 ; gain = 0.000
WARNING: [filemgmt 56-199] Attempt to get parsing info during refresh. "On-the-fly" syntax checking information may be incorrect. [C:\Users\Octa476\Desktop\Random_generator_module\random_generator_project\random_generator_project.gen\sources_1\bd\design_random\hdl\design_random_wrapper.v:]
WARNING: [filemgmt 56-199] Attempt to get parsing info during refresh. "On-the-fly" syntax checking information may be incorrect. [C:\Users\Octa476\Desktop\Random_generator_module\random_generator_project\random_generator_project.srcs\sim_1\new\tb_design_random.v:]
WARNING: [filemgmt 56-199] Attempt to get parsing info during refresh. "On-the-fly" syntax checking information may be incorrect. [C:\Users\Octa476\Desktop\Random_generator_module\random_generator_project\random_generator_project.srcs\sources_1\new\inverter_jitter.v:]
WARNING: [filemgmt 56-199] Attempt to get parsing info during refresh. "On-the-fly" syntax checking information may be incorrect. [C:\Users\Octa476\Desktop\Random_generator_module\random_generator_project\random_generator_project.srcs\sim_1\new\tb_design_random.v:]
WARNING: [filemgmt 56-199] Attempt to get parsing info during refresh. "On-the-fly" syntax checking information may be incorrect. [C:\Users\Octa476\Desktop\Random_generator_module\random_generator_project\random_generator_project.srcs\sim_1\new\tb_design_random.v:]
report_ip_status -name ip_status 
update_module_reference [get_ips  {design_random_inverter_jitter_rand_3_0 design_random_inverter_jitter_rand_0_0 design_random_inverter_jitter_rand_4_0 design_random_inverter_jitter_rand_11_0 design_random_inverter_jitter_rand_1_0 design_random_inverter_jitter_rand_2_0 design_random_inverter_jitter_rand_7_0 design_random_inverter_jitter_rand_5_0 design_random_inverter_jitter_rand_9_0 design_random_inverter_jitter_rand_12_0 design_random_inverter_jitter_rand_8_0 design_random_inverter_jitter_rand_6_0 design_random_inverter_jitter_rand_10_0}]
Upgrading 'C:/Users/Octa476/Desktop/Random_generator_module/random_generator_project/random_generator_project.srcs/sources_1/bd/design_random/design_random.bd'
INFO: [IP_Flow 19-3420] Updated design_random_inverter_jitter_rand_0_0 to use current project options
INFO: [IP_Flow 19-3420] Updated design_random_inverter_jitter_rand_10_0 to use current project options
INFO: [IP_Flow 19-3420] Updated design_random_inverter_jitter_rand_11_0 to use current project options
INFO: [IP_Flow 19-3420] Updated design_random_inverter_jitter_rand_12_0 to use current project options
INFO: [IP_Flow 19-3420] Updated design_random_inverter_jitter_rand_1_0 to use current project options
INFO: [IP_Flow 19-3420] Updated design_random_inverter_jitter_rand_2_0 to use current project options
INFO: [IP_Flow 19-3420] Updated design_random_inverter_jitter_rand_3_0 to use current project options
INFO: [IP_Flow 19-3420] Updated design_random_inverter_jitter_rand_4_0 to use current project options
INFO: [IP_Flow 19-3420] Updated design_random_inverter_jitter_rand_5_0 to use current project options
INFO: [IP_Flow 19-3420] Updated design_random_inverter_jitter_rand_6_0 to use current project options
INFO: [IP_Flow 19-3420] Updated design_random_inverter_jitter_rand_7_0 to use current project options
INFO: [IP_Flow 19-3420] Updated design_random_inverter_jitter_rand_8_0 to use current project options
INFO: [IP_Flow 19-3420] Updated design_random_inverter_jitter_rand_9_0 to use current project options
Wrote  : <C:\Users\Octa476\Desktop\Random_generator_module\random_generator_project\random_generator_project.srcs\sources_1\bd\design_random\design_random.bd> 
Wrote  : <C:/Users/Octa476/Desktop/Random_generator_module/random_generator_project/random_generator_project.srcs/sources_1/bd/design_random/ui/bd_32dbe44.ui> 
upgrade_ip: Time (s): cpu = 00:00:08 ; elapsed = 00:00:06 . Memory (MB): peak = 2485.668 ; gain = 0.000
update_module_reference: Time (s): cpu = 00:00:09 ; elapsed = 00:00:10 . Memory (MB): peak = 2485.668 ; gain = 0.000
close_sim
INFO: [Simtcl 6-16] Simulation closed
generate_target Simulation [get_files C:/Users/Octa476/Desktop/Random_generator_module/random_generator_project/random_generator_project.srcs/sources_1/bd/design_random/design_random.bd]
Wrote  : <C:\Users\Octa476\Desktop\Random_generator_module\random_generator_project\random_generator_project.srcs\sources_1\bd\design_random\design_random.bd> 
Verilog Output written to : c:/Users/Octa476/Desktop/Random_generator_module/random_generator_project/random_generator_project.gen/sources_1/bd/design_random/synth/design_random.v
Verilog Output written to : c:/Users/Octa476/Desktop/Random_generator_module/random_generator_project/random_generator_project.gen/sources_1/bd/design_random/sim/design_random.v
Verilog Output written to : c:/Users/Octa476/Desktop/Random_generator_module/random_generator_project/random_generator_project.gen/sources_1/bd/design_random/hdl/design_random_wrapper.v
INFO: [BD 41-1029] Generation completed for the IP Integrator block inverter_jitter_rand_0 .
INFO: [BD 41-1029] Generation completed for the IP Integrator block inverter_jitter_rand_1 .
INFO: [BD 41-1029] Generation completed for the IP Integrator block inverter_jitter_rand_2 .
INFO: [BD 41-1029] Generation completed for the IP Integrator block inverter_jitter_rand_3 .
INFO: [BD 41-1029] Generation completed for the IP Integrator block inverter_jitter_rand_4 .
INFO: [BD 41-1029] Generation completed for the IP Integrator block inverter_jitter_rand_5 .
INFO: [BD 41-1029] Generation completed for the IP Integrator block inverter_jitter_rand_6 .
INFO: [BD 41-1029] Generation completed for the IP Integrator block inverter_jitter_rand_7 .
INFO: [BD 41-1029] Generation completed for the IP Integrator block inverter_jitter_rand_8 .
INFO: [BD 41-1029] Generation completed for the IP Integrator block inverter_jitter_rand_9 .
INFO: [BD 41-1029] Generation completed for the IP Integrator block inverter_jitter_rand_10 .
INFO: [BD 41-1029] Generation completed for the IP Integrator block inverter_jitter_rand_11 .
INFO: [BD 41-1029] Generation completed for the IP Integrator block inverter_jitter_rand_12 .
Exporting to file c:/Users/Octa476/Desktop/Random_generator_module/random_generator_project/random_generator_project.gen/sources_1/bd/design_random/hw_handoff/design_random.hwh
Generated Hardware Definition File c:/Users/Octa476/Desktop/Random_generator_module/random_generator_project/random_generator_project.gen/sources_1/bd/design_random/synth/design_random.hwdef
export_ip_user_files -of_objects [get_files C:/Users/Octa476/Desktop/Random_generator_module/random_generator_project/random_generator_project.srcs/sources_1/bd/design_random/design_random.bd] -no_script -sync -force -quiet
export_simulation -of_objects [get_files C:/Users/Octa476/Desktop/Random_generator_module/random_generator_project/random_generator_project.srcs/sources_1/bd/design_random/design_random.bd] -directory C:/Users/Octa476/Desktop/Random_generator_module/random_generator_project/random_generator_project.ip_user_files/sim_scripts -ip_user_files_dir C:/Users/Octa476/Desktop/Random_generator_module/random_generator_project/random_generator_project.ip_user_files -ipstatic_source_dir C:/Users/Octa476/Desktop/Random_generator_module/random_generator_project/random_generator_project.ip_user_files/ipstatic -lib_map_path [list {modelsim=C:/Users/Octa476/Desktop/Random_generator_module/random_generator_project/random_generator_project.cache/compile_simlib/modelsim} {questa=C:/Users/Octa476/Desktop/Random_generator_module/random_generator_project/random_generator_project.cache/compile_simlib/questa} {riviera=C:/Users/Octa476/Desktop/Random_generator_module/random_generator_project/random_generator_project.cache/compile_simlib/riviera} {activehdl=C:/Users/Octa476/Desktop/Random_generator_module/random_generator_project/random_generator_project.cache/compile_simlib/activehdl}] -use_ip_compiled_libs -force -quiet
launch_simulation
Command: launch_simulation 
INFO: [Vivado 12-12493] Simulation top is 'tb_design_random'
WARNING: [Vivado 12-13340] Unable to auto find GCC executables from simulator install path! (path not set)
INFO: [Vivado 12-5682] Launching behavioral simulation in 'C:/Users/Octa476/Desktop/Random_generator_module/random_generator_project/random_generator_project.sim/sim_1/behav/xsim'
INFO: [Vivado 12-13660] Precompiled IP simulation library mode is enabled (default). The design IP libraries will be referenced from the compiled library path. Please note that if the precompiled version of the library is not found from the path or the IP is in locked state, then the library source files for these IPs will be compiled locally as part of the compile order.
INFO: [Vivado 12-4795] Using compiled simulation libraries for IPs
INFO: [SIM-utils-51] Simulation object is 'sim_1'
INFO: [SIM-utils-72] Using boost library from 'D:/Xilinx/Vivado/2024.2/tps/boost_1_72_0'
INFO: [USF-XSim-7] Finding pre-compiled libraries...
INFO: [USF-XSim-11] File 'D:/Xilinx/Vivado/2024.2/data/xsim/xsim.ini' copied to run dir:'C:/Users/Octa476/Desktop/Random_generator_module/random_generator_project/random_generator_project.sim/sim_1/behav/xsim'
INFO: [SIM-utils-54] Inspecting design source files for 'tb_design_random' in fileset 'sim_1'...
INFO: [USF-XSim-97] Finding global include files...
INFO: [USF-XSim-98] Fetching design files from 'sim_1'...
INFO: [USF-XSim-2] XSim::Compile design
INFO: [USF-XSim-61] Executing 'COMPILE and ANALYZE' step in 'C:/Users/Octa476/Desktop/Random_generator_module/random_generator_project/random_generator_project.sim/sim_1/behav/xsim'
"xvlog --incr --relax -prj tb_design_random_vlog.prj"
INFO: [VRFC 10-2263] Analyzing Verilog file "C:/Users/Octa476/Desktop/Random_generator_module/random_generator_project/random_generator_project.srcs/sources_1/new/nand_module.v" into library xil_defaultlib
INFO: [VRFC 10-311] analyzing module nand_module
INFO: [VRFC 10-2263] Analyzing Verilog file "C:/Users/Octa476/Desktop/Random_generator_module/random_generator_project/random_generator_project.srcs/sources_1/new/xor_4.v" into library xil_defaultlib
INFO: [VRFC 10-311] analyzing module xor_4
INFO: [VRFC 10-2263] Analyzing Verilog file "C:/Users/Octa476/Desktop/Random_generator_module/random_generator_project/random_generator_project.srcs/sources_1/new/xor_3.v" into library xil_defaultlib
INFO: [VRFC 10-311] analyzing module xor_3
INFO: [VRFC 10-2263] Analyzing Verilog file "C:/Users/Octa476/Desktop/Random_generator_module/random_generator_project/random_generator_project.srcs/sources_1/new/inverter_jitter.v" into library xil_defaultlib
INFO: [VRFC 10-311] analyzing module inverter_jitter_random
WARNING: [VRFC 10-2500] empty parameter declaration is only allowed in SystemVerilog mode [C:/Users/Octa476/Desktop/Random_generator_module/random_generator_project/random_generator_project.srcs/sources_1/new/inverter_jitter.v:23]
WARNING: [VRFC 10-3489] invalid expression in system call 'urandom' [C:/Users/Octa476/Desktop/Random_generator_module/random_generator_project/random_generator_project.srcs/sources_1/new/inverter_jitter.v:33]
INFO: [VRFC 10-2263] Analyzing Verilog file "C:/Users/Octa476/Desktop/Random_generator_module/random_generator_project/random_generator_project.srcs/sources_1/new/dff_module1.v" into library xil_defaultlib
INFO: [VRFC 10-311] analyzing module dff_module1
INFO: [VRFC 10-2263] Analyzing Verilog file "C:/Users/Octa476/Desktop/Random_generator_module/random_generator_project/random_generator_project.ip_user_files/bd/design_random/ip/design_random_nand_module_0_0/sim/design_random_nand_module_0_0.v" into library xil_defaultlib
INFO: [VRFC 10-311] analyzing module design_random_nand_module_0_0
INFO: [VRFC 10-2263] Analyzing Verilog file "C:/Users/Octa476/Desktop/Random_generator_module/random_generator_project/random_generator_project.ip_user_files/bd/design_random/ip/design_random_nand_module_1_0/sim/design_random_nand_module_1_0.v" into library xil_defaultlib
INFO: [VRFC 10-311] analyzing module design_random_nand_module_1_0
INFO: [VRFC 10-2263] Analyzing Verilog file "C:/Users/Octa476/Desktop/Random_generator_module/random_generator_project/random_generator_project.ip_user_files/bd/design_random/ip/design_random_nand_module_2_0/sim/design_random_nand_module_2_0.v" into library xil_defaultlib
INFO: [VRFC 10-311] analyzing module design_random_nand_module_2_0
INFO: [VRFC 10-2263] Analyzing Verilog file "C:/Users/Octa476/Desktop/Random_generator_module/random_generator_project/random_generator_project.ip_user_files/bd/design_random/ip/design_random_nand_module_3_0/sim/design_random_nand_module_3_0.v" into library xil_defaultlib
INFO: [VRFC 10-311] analyzing module design_random_nand_module_3_0
INFO: [VRFC 10-2263] Analyzing Verilog file "C:/Users/Octa476/Desktop/Random_generator_module/random_generator_project/random_generator_project.ip_user_files/bd/design_random/ip/design_random_xor_4_0_0/sim/design_random_xor_4_0_0.v" into library xil_defaultlib
INFO: [VRFC 10-311] analyzing module design_random_xor_4_0_0
INFO: [VRFC 10-2263] Analyzing Verilog file "C:/Users/Octa476/Desktop/Random_generator_module/random_generator_project/random_generator_project.ip_user_files/bd/design_random/ip/design_random_nand_module_5_0/sim/design_random_nand_module_5_0.v" into library xil_defaultlib
INFO: [VRFC 10-311] analyzing module design_random_nand_module_5_0
INFO: [VRFC 10-2263] Analyzing Verilog file "C:/Users/Octa476/Desktop/Random_generator_module/random_generator_project/random_generator_project.ip_user_files/bd/design_random/ip/design_random_nand_module_6_0/sim/design_random_nand_module_6_0.v" into library xil_defaultlib
INFO: [VRFC 10-311] analyzing module design_random_nand_module_6_0
INFO: [VRFC 10-2263] Analyzing Verilog file "C:/Users/Octa476/Desktop/Random_generator_module/random_generator_project/random_generator_project.ip_user_files/bd/design_random/ip/design_random_xor_3_0_0/sim/design_random_xor_3_0_0.v" into library xil_defaultlib
INFO: [VRFC 10-311] analyzing module design_random_xor_3_0_0
INFO: [VRFC 10-2263] Analyzing Verilog file "C:/Users/Octa476/Desktop/Random_generator_module/random_generator_project/random_generator_project.ip_user_files/bd/design_random/ip/design_random_inverter_jitter_rand_0_0/sim/design_random_inverter_jitter_rand_0_0.v" into library xil_defaultlib
INFO: [VRFC 10-311] analyzing module design_random_inverter_jitter_rand_0_0
INFO: [VRFC 10-2263] Analyzing Verilog file "C:/Users/Octa476/Desktop/Random_generator_module/random_generator_project/random_generator_project.ip_user_files/bd/design_random/ip/design_random_inverter_jitter_rand_1_0/sim/design_random_inverter_jitter_rand_1_0.v" into library xil_defaultlib
INFO: [VRFC 10-311] analyzing module design_random_inverter_jitter_rand_1_0
INFO: [VRFC 10-2263] Analyzing Verilog file "C:/Users/Octa476/Desktop/Random_generator_module/random_generator_project/random_generator_project.ip_user_files/bd/design_random/ip/design_random_inverter_jitter_rand_2_0/sim/design_random_inverter_jitter_rand_2_0.v" into library xil_defaultlib
INFO: [VRFC 10-311] analyzing module design_random_inverter_jitter_rand_2_0
INFO: [VRFC 10-2263] Analyzing Verilog file "C:/Users/Octa476/Desktop/Random_generator_module/random_generator_project/random_generator_project.ip_user_files/bd/design_random/ip/design_random_inverter_jitter_rand_3_0/sim/design_random_inverter_jitter_rand_3_0.v" into library xil_defaultlib
INFO: [VRFC 10-311] analyzing module design_random_inverter_jitter_rand_3_0
INFO: [VRFC 10-2263] Analyzing Verilog file "C:/Users/Octa476/Desktop/Random_generator_module/random_generator_project/random_generator_project.ip_user_files/bd/design_random/ip/design_random_inverter_jitter_rand_4_0/sim/design_random_inverter_jitter_rand_4_0.v" into library xil_defaultlib
INFO: [VRFC 10-311] analyzing module design_random_inverter_jitter_rand_4_0
INFO: [VRFC 10-2263] Analyzing Verilog file "C:/Users/Octa476/Desktop/Random_generator_module/random_generator_project/random_generator_project.ip_user_files/bd/design_random/ip/design_random_inverter_jitter_rand_5_0/sim/design_random_inverter_jitter_rand_5_0.v" into library xil_defaultlib
INFO: [VRFC 10-311] analyzing module design_random_inverter_jitter_rand_5_0
INFO: [VRFC 10-2263] Analyzing Verilog file "C:/Users/Octa476/Desktop/Random_generator_module/random_generator_project/random_generator_project.ip_user_files/bd/design_random/ip/design_random_inverter_jitter_rand_6_0/sim/design_random_inverter_jitter_rand_6_0.v" into library xil_defaultlib
INFO: [VRFC 10-311] analyzing module design_random_inverter_jitter_rand_6_0
INFO: [VRFC 10-2263] Analyzing Verilog file "C:/Users/Octa476/Desktop/Random_generator_module/random_generator_project/random_generator_project.ip_user_files/bd/design_random/ip/design_random_inverter_jitter_rand_7_0/sim/design_random_inverter_jitter_rand_7_0.v" into library xil_defaultlib
INFO: [VRFC 10-311] analyzing module design_random_inverter_jitter_rand_7_0
INFO: [VRFC 10-2263] Analyzing Verilog file "C:/Users/Octa476/Desktop/Random_generator_module/random_generator_project/random_generator_project.ip_user_files/bd/design_random/ip/design_random_inverter_jitter_rand_8_0/sim/design_random_inverter_jitter_rand_8_0.v" into library xil_defaultlib
INFO: [VRFC 10-311] analyzing module design_random_inverter_jitter_rand_8_0
INFO: [VRFC 10-2263] Analyzing Verilog file "C:/Users/Octa476/Desktop/Random_generator_module/random_generator_project/random_generator_project.ip_user_files/bd/design_random/ip/design_random_inverter_jitter_rand_9_0/sim/design_random_inverter_jitter_rand_9_0.v" into library xil_defaultlib
INFO: [VRFC 10-311] analyzing module design_random_inverter_jitter_rand_9_0
INFO: [VRFC 10-2263] Analyzing Verilog file "C:/Users/Octa476/Desktop/Random_generator_module/random_generator_project/random_generator_project.ip_user_files/bd/design_random/ip/design_random_inverter_jitter_rand_10_0/sim/design_random_inverter_jitter_rand_10_0.v" into library xil_defaultlib
INFO: [VRFC 10-311] analyzing module design_random_inverter_jitter_rand_10_0
INFO: [VRFC 10-2263] Analyzing Verilog file "C:/Users/Octa476/Desktop/Random_generator_module/random_generator_project/random_generator_project.ip_user_files/bd/design_random/ip/design_random_inverter_jitter_rand_11_0/sim/design_random_inverter_jitter_rand_11_0.v" into library xil_defaultlib
INFO: [VRFC 10-311] analyzing module design_random_inverter_jitter_rand_11_0
INFO: [VRFC 10-2263] Analyzing Verilog file "C:/Users/Octa476/Desktop/Random_generator_module/random_generator_project/random_generator_project.ip_user_files/bd/design_random/ip/design_random_inverter_jitter_rand_12_0/sim/design_random_inverter_jitter_rand_12_0.v" into library xil_defaultlib
INFO: [VRFC 10-311] analyzing module design_random_inverter_jitter_rand_12_0
INFO: [VRFC 10-2263] Analyzing Verilog file "C:/Users/Octa476/Desktop/Random_generator_module/random_generator_project/random_generator_project.ip_user_files/bd/design_random/ip/design_random_dff_module1_0_0/sim/design_random_dff_module1_0_0.v" into library xil_defaultlib
INFO: [VRFC 10-311] analyzing module design_random_dff_module1_0_0
INFO: [VRFC 10-2263] Analyzing Verilog file "C:/Users/Octa476/Desktop/Random_generator_module/random_generator_project/random_generator_project.ip_user_files/bd/design_random/ip/design_random_dff_module1_1_0/sim/design_random_dff_module1_1_0.v" into library xil_defaultlib
INFO: [VRFC 10-311] analyzing module design_random_dff_module1_1_0
INFO: [VRFC 10-2263] Analyzing Verilog file "C:/Users/Octa476/Desktop/Random_generator_module/random_generator_project/random_generator_project.ip_user_files/bd/design_random/ip/design_random_dff_module1_2_0/sim/design_random_dff_module1_2_0.v" into library xil_defaultlib
INFO: [VRFC 10-311] analyzing module design_random_dff_module1_2_0
INFO: [VRFC 10-2263] Analyzing Verilog file "C:/Users/Octa476/Desktop/Random_generator_module/random_generator_project/random_generator_project.ip_user_files/bd/design_random/ip/design_random_dff_module1_3_0/sim/design_random_dff_module1_3_0.v" into library xil_defaultlib
INFO: [VRFC 10-311] analyzing module design_random_dff_module1_3_0
INFO: [VRFC 10-2263] Analyzing Verilog file "C:/Users/Octa476/Desktop/Random_generator_module/random_generator_project/random_generator_project.ip_user_files/bd/design_random/ip/design_random_dff_module1_4_0/sim/design_random_dff_module1_4_0.v" into library xil_defaultlib
INFO: [VRFC 10-311] analyzing module design_random_dff_module1_4_0
INFO: [VRFC 10-2263] Analyzing Verilog file "C:/Users/Octa476/Desktop/Random_generator_module/random_generator_project/random_generator_project.ip_user_files/bd/design_random/ip/design_random_dff_module1_5_0/sim/design_random_dff_module1_5_0.v" into library xil_defaultlib
INFO: [VRFC 10-311] analyzing module design_random_dff_module1_5_0
INFO: [VRFC 10-2263] Analyzing Verilog file "C:/Users/Octa476/Desktop/Random_generator_module/random_generator_project/random_generator_project.ip_user_files/bd/design_random/ip/design_random_dff_module1_6_0/sim/design_random_dff_module1_6_0.v" into library xil_defaultlib
INFO: [VRFC 10-311] analyzing module design_random_dff_module1_6_0
INFO: [VRFC 10-2263] Analyzing Verilog file "C:/Users/Octa476/Desktop/Random_generator_module/random_generator_project/random_generator_project.ip_user_files/bd/design_random/sim/design_random.v" into library xil_defaultlib
INFO: [VRFC 10-311] analyzing module design_random
INFO: [VRFC 10-2263] Analyzing Verilog file "C:/Users/Octa476/Desktop/Random_generator_module/random_generator_project/random_generator_project.gen/sources_1/bd/design_random/hdl/design_random_wrapper.v" into library xil_defaultlib
INFO: [VRFC 10-311] analyzing module design_random_wrapper
INFO: [VRFC 10-2263] Analyzing Verilog file "C:/Users/Octa476/Desktop/Random_generator_module/random_generator_project/random_generator_project.srcs/sim_1/new/tb_design_random.v" into library xil_defaultlib
INFO: [VRFC 10-311] analyzing module tb_design_random
run_program: Time (s): cpu = 00:00:00 ; elapsed = 00:00:05 . Memory (MB): peak = 2485.668 ; gain = 0.000
INFO: [USF-XSim-69] 'compile' step finished in '6' seconds
INFO: [USF-XSim-3] XSim::Elaborate design
INFO: [USF-XSim-61] Executing 'ELABORATE' step in 'C:/Users/Octa476/Desktop/Random_generator_module/random_generator_project/random_generator_project.sim/sim_1/behav/xsim'
"xelab --incr --debug typical --relax --mt 2 -L xil_defaultlib -L unisims_ver -L unimacro_ver -L secureip -L xpm --snapshot tb_design_random_behav xil_defaultlib.tb_design_random xil_defaultlib.glbl -log elaborate.log"
Vivado Simulator v2024.2.0
Copyright 1986-2022 Xilinx, Inc. All Rights Reserved.
Copyright 2022-2024 Advanced Micro Devices, Inc. All Rights Reserved.
Running: D:/Xilinx/Vivado/2024.2/bin/unwrapped/win64.o/xelab.exe --incr --debug typical --relax --mt 2 -L xil_defaultlib -L unisims_ver -L unimacro_ver -L secureip -L xpm --snapshot tb_design_random_behav xil_defaultlib.tb_design_random xil_defaultlib.glbl -log elaborate.log 
Using 2 slave threads.
Starting static elaboration
Pass Through NonSizing Optimizer
WARNING: [VRFC 10-3489] invalid expression in system call 'urandom' [C:/Users/Octa476/Desktop/Random_generator_module/random_generator_project/random_generator_project.srcs/sources_1/new/inverter_jitter.v:33]
Completed static elaboration
Starting simulation data flow analysis
Completed simulation data flow analysis
Time Resolution for simulation is 1ps
Compiling module xil_defaultlib.dff_module1
Compiling module xil_defaultlib.design_random_dff_module1_0_0
Compiling module xil_defaultlib.design_random_dff_module1_1_0
Compiling module xil_defaultlib.design_random_dff_module1_2_0
Compiling module xil_defaultlib.design_random_dff_module1_3_0
Compiling module xil_defaultlib.design_random_dff_module1_4_0
Compiling module xil_defaultlib.design_random_dff_module1_5_0
Compiling module xil_defaultlib.design_random_dff_module1_6_0
Compiling module xil_defaultlib.inverter_jitter_random
Compiling module xil_defaultlib.design_random_inverter_jitter_ra...
Compiling module xil_defaultlib.design_random_inverter_jitter_ra...
Compiling module xil_defaultlib.design_random_inverter_jitter_ra...
Compiling module xil_defaultlib.design_random_inverter_jitter_ra...
Compiling module xil_defaultlib.design_random_inverter_jitter_ra...
Compiling module xil_defaultlib.design_random_inverter_jitter_ra...
Compiling module xil_defaultlib.design_random_inverter_jitter_ra...
Compiling module xil_defaultlib.design_random_inverter_jitter_ra...
Compiling module xil_defaultlib.design_random_inverter_jitter_ra...
Compiling module xil_defaultlib.design_random_inverter_jitter_ra...
Compiling module xil_defaultlib.design_random_inverter_jitter_ra...
Compiling module xil_defaultlib.design_random_inverter_jitter_ra...
Compiling module xil_defaultlib.design_random_inverter_jitter_ra...
Compiling module xil_defaultlib.nand_module
Compiling module xil_defaultlib.design_random_nand_module_0_0
Compiling module xil_defaultlib.design_random_nand_module_1_0
Compiling module xil_defaultlib.design_random_nand_module_2_0
Compiling module xil_defaultlib.design_random_nand_module_3_0
Compiling module xil_defaultlib.design_random_nand_module_5_0
Compiling module xil_defaultlib.design_random_nand_module_6_0
Compiling module xil_defaultlib.xor_3
Compiling module xil_defaultlib.design_random_xor_3_0_0
Compiling module xil_defaultlib.xor_4
Compiling module xil_defaultlib.design_random_xor_4_0_0
Compiling module xil_defaultlib.design_random
Compiling module xil_defaultlib.design_random_wrapper
Compiling module xil_defaultlib.tb_design_random
Compiling module xil_defaultlib.glbl
Built simulation snapshot tb_design_random_behav
INFO: [USF-XSim-69] 'elaborate' step finished in '4' seconds
INFO: [USF-XSim-4] XSim::Simulate design
INFO: [USF-XSim-61] Executing 'SIMULATE' step in 'C:/Users/Octa476/Desktop/Random_generator_module/random_generator_project/random_generator_project.sim/sim_1/behav/xsim'
INFO: [USF-XSim-98] *** Running xsim
   with args "tb_design_random_behav -key {Behavioral:sim_1:Functional:tb_design_random} -tclbatch {tb_design_random.tcl} -protoinst "protoinst_files/design_random.protoinst" -log {simulate.log}"
INFO: [USF-XSim-8] Loading simulator feature
INFO: [Wavedata 42-565] Reading protoinst file protoinst_files/design_random.protoinst
Time resolution is 1 ps
source tb_design_random.tcl
# set curr_wave [current_wave_config]
# if { [string length $curr_wave] == 0 } {
#   if { [llength [get_objects]] > 0} {
#     add_wave /
#     set_property needs_save false [current_wave_config]
#   } else {
#      send_msg_id Add_Wave-1 WARNING "No top level signals found. Simulator will start without a wave window. If you want to open a wave window go to 'File->New Waveform Configuration' or type 'create_wave_config' in the TCL console."
#   }
# }
# run 1000ns
-1492869964
-1492869964
-1492869964
-1492869964
-1492869964
-1492869964
-1492869964
-1492869964
-1492869964
-1492869964
-1492869964
-1492869964
-1492869964
INFO: [USF-XSim-96] XSim completed. Design snapshot 'tb_design_random_behav' loaded.
INFO: [USF-XSim-97] XSim simulation ran for 1000ns
launch_simulation: Time (s): cpu = 00:00:05 ; elapsed = 00:00:14 . Memory (MB): peak = 2485.668 ; gain = 0.000
WARNING: [filemgmt 56-199] Attempt to get parsing info during refresh. "On-the-fly" syntax checking information may be incorrect. [C:\Users\Octa476\Desktop\Random_generator_module\random_generator_project\random_generator_project.gen\sources_1\bd\design_random\hdl\design_random_wrapper.v:]
WARNING: [filemgmt 56-199] Attempt to get parsing info during refresh. "On-the-fly" syntax checking information may be incorrect. [C:\Users\Octa476\Desktop\Random_generator_module\random_generator_project\random_generator_project.srcs\sim_1\new\tb_design_random.v:]
WARNING: [filemgmt 56-199] Attempt to get parsing info during refresh. "On-the-fly" syntax checking information may be incorrect. [C:\Users\Octa476\Desktop\Random_generator_module\random_generator_project\random_generator_project.srcs\sources_1\new\inverter_jitter.v:]
WARNING: [filemgmt 56-199] Attempt to get parsing info during refresh. "On-the-fly" syntax checking information may be incorrect. [C:\Users\Octa476\Desktop\Random_generator_module\random_generator_project\random_generator_project.srcs\sim_1\new\tb_design_random.v:]
WARNING: [filemgmt 56-199] Attempt to get parsing info during refresh. "On-the-fly" syntax checking information may be incorrect. [C:\Users\Octa476\Desktop\Random_generator_module\random_generator_project\random_generator_project.srcs\sim_1\new\tb_design_random.v:]
WARNING: [filemgmt 56-199] Attempt to get parsing info during refresh. "On-the-fly" syntax checking information may be incorrect. [C:\Users\Octa476\Desktop\Random_generator_module\random_generator_project\random_generator_project.gen\sources_1\bd\design_random\hdl\design_random_wrapper.v:]
WARNING: [filemgmt 56-199] Attempt to get parsing info during refresh. "On-the-fly" syntax checking information may be incorrect. [C:\Users\Octa476\Desktop\Random_generator_module\random_generator_project\random_generator_project.srcs\sim_1\new\tb_design_random.v:]
WARNING: [filemgmt 56-199] Attempt to get parsing info during refresh. "On-the-fly" syntax checking information may be incorrect. [C:\Users\Octa476\Desktop\Random_generator_module\random_generator_project\random_generator_project.srcs\sources_1\new\inverter_jitter.v:]
WARNING: [filemgmt 56-199] Attempt to get parsing info during refresh. "On-the-fly" syntax checking information may be incorrect. [C:\Users\Octa476\Desktop\Random_generator_module\random_generator_project\random_generator_project.srcs\sim_1\new\tb_design_random.v:]
WARNING: [filemgmt 56-199] Attempt to get parsing info during refresh. "On-the-fly" syntax checking information may be incorrect. [C:\Users\Octa476\Desktop\Random_generator_module\random_generator_project\random_generator_project.srcs\sim_1\new\tb_design_random.v:]
close_sim
INFO: [Simtcl 6-16] Simulation closed
report_ip_status -name ip_status 
update_module_reference [get_ips  {design_random_inverter_jitter_rand_3_0 design_random_inverter_jitter_rand_0_0 design_random_inverter_jitter_rand_4_0 design_random_inverter_jitter_rand_11_0 design_random_inverter_jitter_rand_1_0 design_random_inverter_jitter_rand_2_0 design_random_inverter_jitter_rand_7_0 design_random_inverter_jitter_rand_5_0 design_random_inverter_jitter_rand_9_0 design_random_inverter_jitter_rand_12_0 design_random_inverter_jitter_rand_8_0 design_random_inverter_jitter_rand_6_0 design_random_inverter_jitter_rand_10_0}]
Upgrading 'C:/Users/Octa476/Desktop/Random_generator_module/random_generator_project/random_generator_project.srcs/sources_1/bd/design_random/design_random.bd'
INFO: [IP_Flow 19-3420] Updated design_random_inverter_jitter_rand_0_0 to use current project options
INFO: [IP_Flow 19-3420] Updated design_random_inverter_jitter_rand_10_0 to use current project options
INFO: [IP_Flow 19-3420] Updated design_random_inverter_jitter_rand_11_0 to use current project options
INFO: [IP_Flow 19-3420] Updated design_random_inverter_jitter_rand_12_0 to use current project options
INFO: [IP_Flow 19-3420] Updated design_random_inverter_jitter_rand_1_0 to use current project options
INFO: [IP_Flow 19-3420] Updated design_random_inverter_jitter_rand_2_0 to use current project options
INFO: [IP_Flow 19-3420] Updated design_random_inverter_jitter_rand_3_0 to use current project options
INFO: [IP_Flow 19-3420] Updated design_random_inverter_jitter_rand_4_0 to use current project options
INFO: [IP_Flow 19-3420] Updated design_random_inverter_jitter_rand_5_0 to use current project options
INFO: [IP_Flow 19-3420] Updated design_random_inverter_jitter_rand_6_0 to use current project options
INFO: [IP_Flow 19-3420] Updated design_random_inverter_jitter_rand_7_0 to use current project options
INFO: [IP_Flow 19-3420] Updated design_random_inverter_jitter_rand_8_0 to use current project options
INFO: [IP_Flow 19-3420] Updated design_random_inverter_jitter_rand_9_0 to use current project options
Wrote  : <C:\Users\Octa476\Desktop\Random_generator_module\random_generator_project\random_generator_project.srcs\sources_1\bd\design_random\design_random.bd> 
Wrote  : <C:/Users/Octa476/Desktop/Random_generator_module/random_generator_project/random_generator_project.srcs/sources_1/bd/design_random/ui/bd_32dbe44.ui> 
generate_target Simulation [get_files C:/Users/Octa476/Desktop/Random_generator_module/random_generator_project/random_generator_project.srcs/sources_1/bd/design_random/design_random.bd]
Wrote  : <C:\Users\Octa476\Desktop\Random_generator_module\random_generator_project\random_generator_project.srcs\sources_1\bd\design_random\design_random.bd> 
Verilog Output written to : c:/Users/Octa476/Desktop/Random_generator_module/random_generator_project/random_generator_project.gen/sources_1/bd/design_random/synth/design_random.v
Verilog Output written to : c:/Users/Octa476/Desktop/Random_generator_module/random_generator_project/random_generator_project.gen/sources_1/bd/design_random/sim/design_random.v
Verilog Output written to : c:/Users/Octa476/Desktop/Random_generator_module/random_generator_project/random_generator_project.gen/sources_1/bd/design_random/hdl/design_random_wrapper.v
INFO: [BD 41-1029] Generation completed for the IP Integrator block inverter_jitter_rand_0 .
INFO: [BD 41-1029] Generation completed for the IP Integrator block inverter_jitter_rand_1 .
INFO: [BD 41-1029] Generation completed for the IP Integrator block inverter_jitter_rand_2 .
INFO: [BD 41-1029] Generation completed for the IP Integrator block inverter_jitter_rand_3 .
INFO: [BD 41-1029] Generation completed for the IP Integrator block inverter_jitter_rand_4 .
INFO: [BD 41-1029] Generation completed for the IP Integrator block inverter_jitter_rand_5 .
INFO: [BD 41-1029] Generation completed for the IP Integrator block inverter_jitter_rand_6 .
INFO: [BD 41-1029] Generation completed for the IP Integrator block inverter_jitter_rand_7 .
INFO: [BD 41-1029] Generation completed for the IP Integrator block inverter_jitter_rand_8 .
INFO: [BD 41-1029] Generation completed for the IP Integrator block inverter_jitter_rand_9 .
INFO: [BD 41-1029] Generation completed for the IP Integrator block inverter_jitter_rand_10 .
INFO: [BD 41-1029] Generation completed for the IP Integrator block inverter_jitter_rand_11 .
INFO: [BD 41-1029] Generation completed for the IP Integrator block inverter_jitter_rand_12 .
Exporting to file c:/Users/Octa476/Desktop/Random_generator_module/random_generator_project/random_generator_project.gen/sources_1/bd/design_random/hw_handoff/design_random.hwh
Generated Hardware Definition File c:/Users/Octa476/Desktop/Random_generator_module/random_generator_project/random_generator_project.gen/sources_1/bd/design_random/synth/design_random.hwdef
export_ip_user_files -of_objects [get_files C:/Users/Octa476/Desktop/Random_generator_module/random_generator_project/random_generator_project.srcs/sources_1/bd/design_random/design_random.bd] -no_script -sync -force -quiet
export_simulation -of_objects [get_files C:/Users/Octa476/Desktop/Random_generator_module/random_generator_project/random_generator_project.srcs/sources_1/bd/design_random/design_random.bd] -directory C:/Users/Octa476/Desktop/Random_generator_module/random_generator_project/random_generator_project.ip_user_files/sim_scripts -ip_user_files_dir C:/Users/Octa476/Desktop/Random_generator_module/random_generator_project/random_generator_project.ip_user_files -ipstatic_source_dir C:/Users/Octa476/Desktop/Random_generator_module/random_generator_project/random_generator_project.ip_user_files/ipstatic -lib_map_path [list {modelsim=C:/Users/Octa476/Desktop/Random_generator_module/random_generator_project/random_generator_project.cache/compile_simlib/modelsim} {questa=C:/Users/Octa476/Desktop/Random_generator_module/random_generator_project/random_generator_project.cache/compile_simlib/questa} {riviera=C:/Users/Octa476/Desktop/Random_generator_module/random_generator_project/random_generator_project.cache/compile_simlib/riviera} {activehdl=C:/Users/Octa476/Desktop/Random_generator_module/random_generator_project/random_generator_project.cache/compile_simlib/activehdl}] -use_ip_compiled_libs -force -quiet
launch_simulation
Command: launch_simulation 
INFO: [Vivado 12-12493] Simulation top is 'tb_design_random'
WARNING: [Vivado 12-13340] Unable to auto find GCC executables from simulator install path! (path not set)
INFO: [Vivado 12-5682] Launching behavioral simulation in 'C:/Users/Octa476/Desktop/Random_generator_module/random_generator_project/random_generator_project.sim/sim_1/behav/xsim'
INFO: [Vivado 12-13660] Precompiled IP simulation library mode is enabled (default). The design IP libraries will be referenced from the compiled library path. Please note that if the precompiled version of the library is not found from the path or the IP is in locked state, then the library source files for these IPs will be compiled locally as part of the compile order.
INFO: [Vivado 12-4795] Using compiled simulation libraries for IPs
INFO: [SIM-utils-51] Simulation object is 'sim_1'
INFO: [SIM-utils-72] Using boost library from 'D:/Xilinx/Vivado/2024.2/tps/boost_1_72_0'
INFO: [USF-XSim-7] Finding pre-compiled libraries...
INFO: [USF-XSim-11] File 'D:/Xilinx/Vivado/2024.2/data/xsim/xsim.ini' copied to run dir:'C:/Users/Octa476/Desktop/Random_generator_module/random_generator_project/random_generator_project.sim/sim_1/behav/xsim'
INFO: [SIM-utils-54] Inspecting design source files for 'tb_design_random' in fileset 'sim_1'...
INFO: [USF-XSim-97] Finding global include files...
INFO: [USF-XSim-98] Fetching design files from 'sim_1'...
INFO: [USF-XSim-2] XSim::Compile design
INFO: [USF-XSim-61] Executing 'COMPILE and ANALYZE' step in 'C:/Users/Octa476/Desktop/Random_generator_module/random_generator_project/random_generator_project.sim/sim_1/behav/xsim'
"xvlog --incr --relax -prj tb_design_random_vlog.prj"
INFO: [VRFC 10-2263] Analyzing Verilog file "C:/Users/Octa476/Desktop/Random_generator_module/random_generator_project/random_generator_project.srcs/sources_1/new/nand_module.v" into library xil_defaultlib
INFO: [VRFC 10-311] analyzing module nand_module
INFO: [VRFC 10-2263] Analyzing Verilog file "C:/Users/Octa476/Desktop/Random_generator_module/random_generator_project/random_generator_project.srcs/sources_1/new/xor_4.v" into library xil_defaultlib
INFO: [VRFC 10-311] analyzing module xor_4
INFO: [VRFC 10-2263] Analyzing Verilog file "C:/Users/Octa476/Desktop/Random_generator_module/random_generator_project/random_generator_project.srcs/sources_1/new/xor_3.v" into library xil_defaultlib
INFO: [VRFC 10-311] analyzing module xor_3
INFO: [VRFC 10-2263] Analyzing Verilog file "C:/Users/Octa476/Desktop/Random_generator_module/random_generator_project/random_generator_project.srcs/sources_1/new/inverter_jitter.v" into library xil_defaultlib
INFO: [VRFC 10-311] analyzing module inverter_jitter_random
WARNING: [VRFC 10-2500] empty parameter declaration is only allowed in SystemVerilog mode [C:/Users/Octa476/Desktop/Random_generator_module/random_generator_project/random_generator_project.srcs/sources_1/new/inverter_jitter.v:23]
INFO: [VRFC 10-2263] Analyzing Verilog file "C:/Users/Octa476/Desktop/Random_generator_module/random_generator_project/random_generator_project.srcs/sources_1/new/dff_module1.v" into library xil_defaultlib
INFO: [VRFC 10-311] analyzing module dff_module1
INFO: [VRFC 10-2263] Analyzing Verilog file "C:/Users/Octa476/Desktop/Random_generator_module/random_generator_project/random_generator_project.ip_user_files/bd/design_random/ip/design_random_nand_module_0_0/sim/design_random_nand_module_0_0.v" into library xil_defaultlib
INFO: [VRFC 10-311] analyzing module design_random_nand_module_0_0
INFO: [VRFC 10-2263] Analyzing Verilog file "C:/Users/Octa476/Desktop/Random_generator_module/random_generator_project/random_generator_project.ip_user_files/bd/design_random/ip/design_random_nand_module_1_0/sim/design_random_nand_module_1_0.v" into library xil_defaultlib
INFO: [VRFC 10-311] analyzing module design_random_nand_module_1_0
INFO: [VRFC 10-2263] Analyzing Verilog file "C:/Users/Octa476/Desktop/Random_generator_module/random_generator_project/random_generator_project.ip_user_files/bd/design_random/ip/design_random_nand_module_2_0/sim/design_random_nand_module_2_0.v" into library xil_defaultlib
INFO: [VRFC 10-311] analyzing module design_random_nand_module_2_0
INFO: [VRFC 10-2263] Analyzing Verilog file "C:/Users/Octa476/Desktop/Random_generator_module/random_generator_project/random_generator_project.ip_user_files/bd/design_random/ip/design_random_nand_module_3_0/sim/design_random_nand_module_3_0.v" into library xil_defaultlib
INFO: [VRFC 10-311] analyzing module design_random_nand_module_3_0
INFO: [VRFC 10-2263] Analyzing Verilog file "C:/Users/Octa476/Desktop/Random_generator_module/random_generator_project/random_generator_project.ip_user_files/bd/design_random/ip/design_random_xor_4_0_0/sim/design_random_xor_4_0_0.v" into library xil_defaultlib
INFO: [VRFC 10-311] analyzing module design_random_xor_4_0_0
INFO: [VRFC 10-2263] Analyzing Verilog file "C:/Users/Octa476/Desktop/Random_generator_module/random_generator_project/random_generator_project.ip_user_files/bd/design_random/ip/design_random_nand_module_5_0/sim/design_random_nand_module_5_0.v" into library xil_defaultlib
INFO: [VRFC 10-311] analyzing module design_random_nand_module_5_0
INFO: [VRFC 10-2263] Analyzing Verilog file "C:/Users/Octa476/Desktop/Random_generator_module/random_generator_project/random_generator_project.ip_user_files/bd/design_random/ip/design_random_nand_module_6_0/sim/design_random_nand_module_6_0.v" into library xil_defaultlib
INFO: [VRFC 10-311] analyzing module design_random_nand_module_6_0
INFO: [VRFC 10-2263] Analyzing Verilog file "C:/Users/Octa476/Desktop/Random_generator_module/random_generator_project/random_generator_project.ip_user_files/bd/design_random/ip/design_random_xor_3_0_0/sim/design_random_xor_3_0_0.v" into library xil_defaultlib
INFO: [VRFC 10-311] analyzing module design_random_xor_3_0_0
INFO: [VRFC 10-2263] Analyzing Verilog file "C:/Users/Octa476/Desktop/Random_generator_module/random_generator_project/random_generator_project.ip_user_files/bd/design_random/ip/design_random_inverter_jitter_rand_0_0/sim/design_random_inverter_jitter_rand_0_0.v" into library xil_defaultlib
INFO: [VRFC 10-311] analyzing module design_random_inverter_jitter_rand_0_0
INFO: [VRFC 10-2263] Analyzing Verilog file "C:/Users/Octa476/Desktop/Random_generator_module/random_generator_project/random_generator_project.ip_user_files/bd/design_random/ip/design_random_inverter_jitter_rand_1_0/sim/design_random_inverter_jitter_rand_1_0.v" into library xil_defaultlib
INFO: [VRFC 10-311] analyzing module design_random_inverter_jitter_rand_1_0
INFO: [VRFC 10-2263] Analyzing Verilog file "C:/Users/Octa476/Desktop/Random_generator_module/random_generator_project/random_generator_project.ip_user_files/bd/design_random/ip/design_random_inverter_jitter_rand_2_0/sim/design_random_inverter_jitter_rand_2_0.v" into library xil_defaultlib
INFO: [VRFC 10-311] analyzing module design_random_inverter_jitter_rand_2_0
INFO: [VRFC 10-2263] Analyzing Verilog file "C:/Users/Octa476/Desktop/Random_generator_module/random_generator_project/random_generator_project.ip_user_files/bd/design_random/ip/design_random_inverter_jitter_rand_3_0/sim/design_random_inverter_jitter_rand_3_0.v" into library xil_defaultlib
INFO: [VRFC 10-311] analyzing module design_random_inverter_jitter_rand_3_0
INFO: [VRFC 10-2263] Analyzing Verilog file "C:/Users/Octa476/Desktop/Random_generator_module/random_generator_project/random_generator_project.ip_user_files/bd/design_random/ip/design_random_inverter_jitter_rand_4_0/sim/design_random_inverter_jitter_rand_4_0.v" into library xil_defaultlib
INFO: [VRFC 10-311] analyzing module design_random_inverter_jitter_rand_4_0
INFO: [VRFC 10-2263] Analyzing Verilog file "C:/Users/Octa476/Desktop/Random_generator_module/random_generator_project/random_generator_project.ip_user_files/bd/design_random/ip/design_random_inverter_jitter_rand_5_0/sim/design_random_inverter_jitter_rand_5_0.v" into library xil_defaultlib
INFO: [VRFC 10-311] analyzing module design_random_inverter_jitter_rand_5_0
INFO: [VRFC 10-2263] Analyzing Verilog file "C:/Users/Octa476/Desktop/Random_generator_module/random_generator_project/random_generator_project.ip_user_files/bd/design_random/ip/design_random_inverter_jitter_rand_6_0/sim/design_random_inverter_jitter_rand_6_0.v" into library xil_defaultlib
INFO: [VRFC 10-311] analyzing module design_random_inverter_jitter_rand_6_0
INFO: [VRFC 10-2263] Analyzing Verilog file "C:/Users/Octa476/Desktop/Random_generator_module/random_generator_project/random_generator_project.ip_user_files/bd/design_random/ip/design_random_inverter_jitter_rand_7_0/sim/design_random_inverter_jitter_rand_7_0.v" into library xil_defaultlib
INFO: [VRFC 10-311] analyzing module design_random_inverter_jitter_rand_7_0
INFO: [VRFC 10-2263] Analyzing Verilog file "C:/Users/Octa476/Desktop/Random_generator_module/random_generator_project/random_generator_project.ip_user_files/bd/design_random/ip/design_random_inverter_jitter_rand_8_0/sim/design_random_inverter_jitter_rand_8_0.v" into library xil_defaultlib
INFO: [VRFC 10-311] analyzing module design_random_inverter_jitter_rand_8_0
INFO: [VRFC 10-2263] Analyzing Verilog file "C:/Users/Octa476/Desktop/Random_generator_module/random_generator_project/random_generator_project.ip_user_files/bd/design_random/ip/design_random_inverter_jitter_rand_9_0/sim/design_random_inverter_jitter_rand_9_0.v" into library xil_defaultlib
INFO: [VRFC 10-311] analyzing module design_random_inverter_jitter_rand_9_0
INFO: [VRFC 10-2263] Analyzing Verilog file "C:/Users/Octa476/Desktop/Random_generator_module/random_generator_project/random_generator_project.ip_user_files/bd/design_random/ip/design_random_inverter_jitter_rand_10_0/sim/design_random_inverter_jitter_rand_10_0.v" into library xil_defaultlib
INFO: [VRFC 10-311] analyzing module design_random_inverter_jitter_rand_10_0
INFO: [VRFC 10-2263] Analyzing Verilog file "C:/Users/Octa476/Desktop/Random_generator_module/random_generator_project/random_generator_project.ip_user_files/bd/design_random/ip/design_random_inverter_jitter_rand_11_0/sim/design_random_inverter_jitter_rand_11_0.v" into library xil_defaultlib
INFO: [VRFC 10-311] analyzing module design_random_inverter_jitter_rand_11_0
INFO: [VRFC 10-2263] Analyzing Verilog file "C:/Users/Octa476/Desktop/Random_generator_module/random_generator_project/random_generator_project.ip_user_files/bd/design_random/ip/design_random_inverter_jitter_rand_12_0/sim/design_random_inverter_jitter_rand_12_0.v" into library xil_defaultlib
INFO: [VRFC 10-311] analyzing module design_random_inverter_jitter_rand_12_0
INFO: [VRFC 10-2263] Analyzing Verilog file "C:/Users/Octa476/Desktop/Random_generator_module/random_generator_project/random_generator_project.ip_user_files/bd/design_random/ip/design_random_dff_module1_0_0/sim/design_random_dff_module1_0_0.v" into library xil_defaultlib
INFO: [VRFC 10-311] analyzing module design_random_dff_module1_0_0
INFO: [VRFC 10-2263] Analyzing Verilog file "C:/Users/Octa476/Desktop/Random_generator_module/random_generator_project/random_generator_project.ip_user_files/bd/design_random/ip/design_random_dff_module1_1_0/sim/design_random_dff_module1_1_0.v" into library xil_defaultlib
INFO: [VRFC 10-311] analyzing module design_random_dff_module1_1_0
INFO: [VRFC 10-2263] Analyzing Verilog file "C:/Users/Octa476/Desktop/Random_generator_module/random_generator_project/random_generator_project.ip_user_files/bd/design_random/ip/design_random_dff_module1_2_0/sim/design_random_dff_module1_2_0.v" into library xil_defaultlib
INFO: [VRFC 10-311] analyzing module design_random_dff_module1_2_0
INFO: [VRFC 10-2263] Analyzing Verilog file "C:/Users/Octa476/Desktop/Random_generator_module/random_generator_project/random_generator_project.ip_user_files/bd/design_random/ip/design_random_dff_module1_3_0/sim/design_random_dff_module1_3_0.v" into library xil_defaultlib
INFO: [VRFC 10-311] analyzing module design_random_dff_module1_3_0
INFO: [VRFC 10-2263] Analyzing Verilog file "C:/Users/Octa476/Desktop/Random_generator_module/random_generator_project/random_generator_project.ip_user_files/bd/design_random/ip/design_random_dff_module1_4_0/sim/design_random_dff_module1_4_0.v" into library xil_defaultlib
INFO: [VRFC 10-311] analyzing module design_random_dff_module1_4_0
INFO: [VRFC 10-2263] Analyzing Verilog file "C:/Users/Octa476/Desktop/Random_generator_module/random_generator_project/random_generator_project.ip_user_files/bd/design_random/ip/design_random_dff_module1_5_0/sim/design_random_dff_module1_5_0.v" into library xil_defaultlib
INFO: [VRFC 10-311] analyzing module design_random_dff_module1_5_0
INFO: [VRFC 10-2263] Analyzing Verilog file "C:/Users/Octa476/Desktop/Random_generator_module/random_generator_project/random_generator_project.ip_user_files/bd/design_random/ip/design_random_dff_module1_6_0/sim/design_random_dff_module1_6_0.v" into library xil_defaultlib
INFO: [VRFC 10-311] analyzing module design_random_dff_module1_6_0
INFO: [VRFC 10-2263] Analyzing Verilog file "C:/Users/Octa476/Desktop/Random_generator_module/random_generator_project/random_generator_project.ip_user_files/bd/design_random/sim/design_random.v" into library xil_defaultlib
INFO: [VRFC 10-311] analyzing module design_random
INFO: [VRFC 10-2263] Analyzing Verilog file "C:/Users/Octa476/Desktop/Random_generator_module/random_generator_project/random_generator_project.gen/sources_1/bd/design_random/hdl/design_random_wrapper.v" into library xil_defaultlib
INFO: [VRFC 10-311] analyzing module design_random_wrapper
INFO: [VRFC 10-2263] Analyzing Verilog file "C:/Users/Octa476/Desktop/Random_generator_module/random_generator_project/random_generator_project.srcs/sim_1/new/tb_design_random.v" into library xil_defaultlib
INFO: [VRFC 10-311] analyzing module tb_design_random
run_program: Time (s): cpu = 00:00:00 ; elapsed = 00:00:07 . Memory (MB): peak = 2485.668 ; gain = 0.000
INFO: [USF-XSim-69] 'compile' step finished in '7' seconds
INFO: [USF-XSim-3] XSim::Elaborate design
INFO: [USF-XSim-61] Executing 'ELABORATE' step in 'C:/Users/Octa476/Desktop/Random_generator_module/random_generator_project/random_generator_project.sim/sim_1/behav/xsim'
"xelab --incr --debug typical --relax --mt 2 -L xil_defaultlib -L unisims_ver -L unimacro_ver -L secureip -L xpm --snapshot tb_design_random_behav xil_defaultlib.tb_design_random xil_defaultlib.glbl -log elaborate.log"
Vivado Simulator v2024.2.0
Copyright 1986-2022 Xilinx, Inc. All Rights Reserved.
Copyright 2022-2024 Advanced Micro Devices, Inc. All Rights Reserved.
Running: D:/Xilinx/Vivado/2024.2/bin/unwrapped/win64.o/xelab.exe --incr --debug typical --relax --mt 2 -L xil_defaultlib -L unisims_ver -L unimacro_ver -L secureip -L xpm --snapshot tb_design_random_behav xil_defaultlib.tb_design_random xil_defaultlib.glbl -log elaborate.log 
Using 2 slave threads.
Starting static elaboration
Pass Through NonSizing Optimizer
Completed static elaboration
Starting simulation data flow analysis
Completed simulation data flow analysis
Time Resolution for simulation is 1ps
Compiling module xil_defaultlib.dff_module1
Compiling module xil_defaultlib.design_random_dff_module1_0_0
Compiling module xil_defaultlib.design_random_dff_module1_1_0
Compiling module xil_defaultlib.design_random_dff_module1_2_0
Compiling module xil_defaultlib.design_random_dff_module1_3_0
Compiling module xil_defaultlib.design_random_dff_module1_4_0
Compiling module xil_defaultlib.design_random_dff_module1_5_0
Compiling module xil_defaultlib.design_random_dff_module1_6_0
Compiling module xil_defaultlib.inverter_jitter_random
Compiling module xil_defaultlib.design_random_inverter_jitter_ra...
Compiling module xil_defaultlib.design_random_inverter_jitter_ra...
Compiling module xil_defaultlib.design_random_inverter_jitter_ra...
Compiling module xil_defaultlib.design_random_inverter_jitter_ra...
Compiling module xil_defaultlib.design_random_inverter_jitter_ra...
Compiling module xil_defaultlib.design_random_inverter_jitter_ra...
Compiling module xil_defaultlib.design_random_inverter_jitter_ra...
Compiling module xil_defaultlib.design_random_inverter_jitter_ra...
Compiling module xil_defaultlib.design_random_inverter_jitter_ra...
Compiling module xil_defaultlib.design_random_inverter_jitter_ra...
Compiling module xil_defaultlib.design_random_inverter_jitter_ra...
Compiling module xil_defaultlib.design_random_inverter_jitter_ra...
Compiling module xil_defaultlib.design_random_inverter_jitter_ra...
Compiling module xil_defaultlib.nand_module
Compiling module xil_defaultlib.design_random_nand_module_0_0
Compiling module xil_defaultlib.design_random_nand_module_1_0
Compiling module xil_defaultlib.design_random_nand_module_2_0
Compiling module xil_defaultlib.design_random_nand_module_3_0
Compiling module xil_defaultlib.design_random_nand_module_5_0
Compiling module xil_defaultlib.design_random_nand_module_6_0
Compiling module xil_defaultlib.xor_3
Compiling module xil_defaultlib.design_random_xor_3_0_0
Compiling module xil_defaultlib.xor_4
Compiling module xil_defaultlib.design_random_xor_4_0_0
Compiling module xil_defaultlib.design_random
Compiling module xil_defaultlib.design_random_wrapper
Compiling module xil_defaultlib.tb_design_random
Compiling module xil_defaultlib.glbl
Built simulation snapshot tb_design_random_behav
INFO: [USF-XSim-69] 'elaborate' step finished in '3' seconds
INFO: [USF-XSim-4] XSim::Simulate design
INFO: [USF-XSim-61] Executing 'SIMULATE' step in 'C:/Users/Octa476/Desktop/Random_generator_module/random_generator_project/random_generator_project.sim/sim_1/behav/xsim'
INFO: [USF-XSim-98] *** Running xsim
   with args "tb_design_random_behav -key {Behavioral:sim_1:Functional:tb_design_random} -tclbatch {tb_design_random.tcl} -protoinst "protoinst_files/design_random.protoinst" -log {simulate.log}"
INFO: [USF-XSim-8] Loading simulator feature
INFO: [Wavedata 42-565] Reading protoinst file protoinst_files/design_random.protoinst
Time resolution is 1 ps
source tb_design_random.tcl
# set curr_wave [current_wave_config]
# if { [string length $curr_wave] == 0 } {
#   if { [llength [get_objects]] > 0} {
#     add_wave /
#     set_property needs_save false [current_wave_config]
#   } else {
#      send_msg_id Add_Wave-1 WARNING "No top level signals found. Simulator will start without a wave window. If you want to open a wave window go to 'File->New Waveform Configuration' or type 'create_wave_config' in the TCL console."
#   }
# }
# run 1000ns
-1765511728
 1926115056
 1322774539
 1793175889
-2031390106
-1560988801
 2130638015
 1527297498
 1997698847
-1826867130
-1356465798
 1261419128
  658078637
INFO: [USF-XSim-96] XSim completed. Design snapshot 'tb_design_random_behav' loaded.
INFO: [USF-XSim-97] XSim simulation ran for 1000ns
launch_simulation: Time (s): cpu = 00:00:06 ; elapsed = 00:00:15 . Memory (MB): peak = 2485.668 ; gain = 0.000
WARNING: [filemgmt 56-199] Attempt to get parsing info during refresh. "On-the-fly" syntax checking information may be incorrect. [C:\Users\Octa476\Desktop\Random_generator_module\random_generator_project\random_generator_project.gen\sources_1\bd\design_random\hdl\design_random_wrapper.v:]
WARNING: [filemgmt 56-199] Attempt to get parsing info during refresh. "On-the-fly" syntax checking information may be incorrect. [C:\Users\Octa476\Desktop\Random_generator_module\random_generator_project\random_generator_project.srcs\sim_1\new\tb_design_random.v:]
WARNING: [filemgmt 56-199] Attempt to get parsing info during refresh. "On-the-fly" syntax checking information may be incorrect. [C:\Users\Octa476\Desktop\Random_generator_module\random_generator_project\random_generator_project.srcs\sources_1\new\inverter_jitter.v:]
WARNING: [filemgmt 56-199] Attempt to get parsing info during refresh. "On-the-fly" syntax checking information may be incorrect. [C:\Users\Octa476\Desktop\Random_generator_module\random_generator_project\random_generator_project.srcs\sim_1\new\tb_design_random.v:]
WARNING: [filemgmt 56-199] Attempt to get parsing info during refresh. "On-the-fly" syntax checking information may be incorrect. [C:\Users\Octa476\Desktop\Random_generator_module\random_generator_project\random_generator_project.srcs\sim_1\new\tb_design_random.v:]
close_sim
INFO: [Simtcl 6-16] Simulation closed
report_ip_status -name ip_status 
update_module_reference [get_ips  {design_random_inverter_jitter_rand_3_0 design_random_inverter_jitter_rand_0_0 design_random_inverter_jitter_rand_4_0 design_random_inverter_jitter_rand_11_0 design_random_inverter_jitter_rand_1_0 design_random_inverter_jitter_rand_2_0 design_random_inverter_jitter_rand_7_0 design_random_inverter_jitter_rand_5_0 design_random_inverter_jitter_rand_9_0 design_random_inverter_jitter_rand_12_0 design_random_inverter_jitter_rand_8_0 design_random_inverter_jitter_rand_6_0 design_random_inverter_jitter_rand_10_0}]
Upgrading 'C:/Users/Octa476/Desktop/Random_generator_module/random_generator_project/random_generator_project.srcs/sources_1/bd/design_random/design_random.bd'
INFO: [IP_Flow 19-3420] Updated design_random_inverter_jitter_rand_0_0 to use current project options
INFO: [IP_Flow 19-3420] Updated design_random_inverter_jitter_rand_10_0 to use current project options
INFO: [IP_Flow 19-3420] Updated design_random_inverter_jitter_rand_11_0 to use current project options
INFO: [IP_Flow 19-3420] Updated design_random_inverter_jitter_rand_12_0 to use current project options
INFO: [IP_Flow 19-3420] Updated design_random_inverter_jitter_rand_1_0 to use current project options
INFO: [IP_Flow 19-3420] Updated design_random_inverter_jitter_rand_2_0 to use current project options
INFO: [IP_Flow 19-3420] Updated design_random_inverter_jitter_rand_3_0 to use current project options
INFO: [IP_Flow 19-3420] Updated design_random_inverter_jitter_rand_4_0 to use current project options
INFO: [IP_Flow 19-3420] Updated design_random_inverter_jitter_rand_5_0 to use current project options
INFO: [IP_Flow 19-3420] Updated design_random_inverter_jitter_rand_6_0 to use current project options
INFO: [IP_Flow 19-3420] Updated design_random_inverter_jitter_rand_7_0 to use current project options
INFO: [IP_Flow 19-3420] Updated design_random_inverter_jitter_rand_8_0 to use current project options
INFO: [IP_Flow 19-3420] Updated design_random_inverter_jitter_rand_9_0 to use current project options
Wrote  : <C:\Users\Octa476\Desktop\Random_generator_module\random_generator_project\random_generator_project.srcs\sources_1\bd\design_random\design_random.bd> 
Wrote  : <C:/Users/Octa476/Desktop/Random_generator_module/random_generator_project/random_generator_project.srcs/sources_1/bd/design_random/ui/bd_32dbe44.ui> 
report_ip_status -name ip_status 
generate_target Simulation [get_files C:/Users/Octa476/Desktop/Random_generator_module/random_generator_project/random_generator_project.srcs/sources_1/bd/design_random/design_random.bd]
Wrote  : <C:\Users\Octa476\Desktop\Random_generator_module\random_generator_project\random_generator_project.srcs\sources_1\bd\design_random\design_random.bd> 
Verilog Output written to : c:/Users/Octa476/Desktop/Random_generator_module/random_generator_project/random_generator_project.gen/sources_1/bd/design_random/synth/design_random.v
Verilog Output written to : c:/Users/Octa476/Desktop/Random_generator_module/random_generator_project/random_generator_project.gen/sources_1/bd/design_random/sim/design_random.v
Verilog Output written to : c:/Users/Octa476/Desktop/Random_generator_module/random_generator_project/random_generator_project.gen/sources_1/bd/design_random/hdl/design_random_wrapper.v
INFO: [BD 41-1029] Generation completed for the IP Integrator block inverter_jitter_rand_0 .
INFO: [BD 41-1029] Generation completed for the IP Integrator block inverter_jitter_rand_1 .
INFO: [BD 41-1029] Generation completed for the IP Integrator block inverter_jitter_rand_2 .
INFO: [BD 41-1029] Generation completed for the IP Integrator block inverter_jitter_rand_3 .
INFO: [BD 41-1029] Generation completed for the IP Integrator block inverter_jitter_rand_4 .
INFO: [BD 41-1029] Generation completed for the IP Integrator block inverter_jitter_rand_5 .
INFO: [BD 41-1029] Generation completed for the IP Integrator block inverter_jitter_rand_6 .
INFO: [BD 41-1029] Generation completed for the IP Integrator block inverter_jitter_rand_7 .
INFO: [BD 41-1029] Generation completed for the IP Integrator block inverter_jitter_rand_8 .
INFO: [BD 41-1029] Generation completed for the IP Integrator block inverter_jitter_rand_9 .
INFO: [BD 41-1029] Generation completed for the IP Integrator block inverter_jitter_rand_10 .
INFO: [BD 41-1029] Generation completed for the IP Integrator block inverter_jitter_rand_11 .
INFO: [BD 41-1029] Generation completed for the IP Integrator block inverter_jitter_rand_12 .
Exporting to file c:/Users/Octa476/Desktop/Random_generator_module/random_generator_project/random_generator_project.gen/sources_1/bd/design_random/hw_handoff/design_random.hwh
Generated Hardware Definition File c:/Users/Octa476/Desktop/Random_generator_module/random_generator_project/random_generator_project.gen/sources_1/bd/design_random/synth/design_random.hwdef
export_ip_user_files -of_objects [get_files C:/Users/Octa476/Desktop/Random_generator_module/random_generator_project/random_generator_project.srcs/sources_1/bd/design_random/design_random.bd] -no_script -sync -force -quiet
export_simulation -of_objects [get_files C:/Users/Octa476/Desktop/Random_generator_module/random_generator_project/random_generator_project.srcs/sources_1/bd/design_random/design_random.bd] -directory C:/Users/Octa476/Desktop/Random_generator_module/random_generator_project/random_generator_project.ip_user_files/sim_scripts -ip_user_files_dir C:/Users/Octa476/Desktop/Random_generator_module/random_generator_project/random_generator_project.ip_user_files -ipstatic_source_dir C:/Users/Octa476/Desktop/Random_generator_module/random_generator_project/random_generator_project.ip_user_files/ipstatic -lib_map_path [list {modelsim=C:/Users/Octa476/Desktop/Random_generator_module/random_generator_project/random_generator_project.cache/compile_simlib/modelsim} {questa=C:/Users/Octa476/Desktop/Random_generator_module/random_generator_project/random_generator_project.cache/compile_simlib/questa} {riviera=C:/Users/Octa476/Desktop/Random_generator_module/random_generator_project/random_generator_project.cache/compile_simlib/riviera} {activehdl=C:/Users/Octa476/Desktop/Random_generator_module/random_generator_project/random_generator_project.cache/compile_simlib/activehdl}] -use_ip_compiled_libs -force -quiet
launch_simulation
Command: launch_simulation 
INFO: [Vivado 12-12493] Simulation top is 'tb_design_random'
WARNING: [Vivado 12-13340] Unable to auto find GCC executables from simulator install path! (path not set)
INFO: [Vivado 12-5682] Launching behavioral simulation in 'C:/Users/Octa476/Desktop/Random_generator_module/random_generator_project/random_generator_project.sim/sim_1/behav/xsim'
INFO: [Vivado 12-13660] Precompiled IP simulation library mode is enabled (default). The design IP libraries will be referenced from the compiled library path. Please note that if the precompiled version of the library is not found from the path or the IP is in locked state, then the library source files for these IPs will be compiled locally as part of the compile order.
INFO: [Vivado 12-4795] Using compiled simulation libraries for IPs
INFO: [SIM-utils-51] Simulation object is 'sim_1'
INFO: [SIM-utils-72] Using boost library from 'D:/Xilinx/Vivado/2024.2/tps/boost_1_72_0'
INFO: [USF-XSim-7] Finding pre-compiled libraries...
INFO: [USF-XSim-11] File 'D:/Xilinx/Vivado/2024.2/data/xsim/xsim.ini' copied to run dir:'C:/Users/Octa476/Desktop/Random_generator_module/random_generator_project/random_generator_project.sim/sim_1/behav/xsim'
INFO: [SIM-utils-54] Inspecting design source files for 'tb_design_random' in fileset 'sim_1'...
INFO: [USF-XSim-97] Finding global include files...
INFO: [USF-XSim-98] Fetching design files from 'sim_1'...
INFO: [USF-XSim-2] XSim::Compile design
INFO: [USF-XSim-61] Executing 'COMPILE and ANALYZE' step in 'C:/Users/Octa476/Desktop/Random_generator_module/random_generator_project/random_generator_project.sim/sim_1/behav/xsim'
"xvlog --incr --relax -prj tb_design_random_vlog.prj"
INFO: [VRFC 10-2263] Analyzing Verilog file "C:/Users/Octa476/Desktop/Random_generator_module/random_generator_project/random_generator_project.srcs/sources_1/new/nand_module.v" into library xil_defaultlib
INFO: [VRFC 10-311] analyzing module nand_module
INFO: [VRFC 10-2263] Analyzing Verilog file "C:/Users/Octa476/Desktop/Random_generator_module/random_generator_project/random_generator_project.srcs/sources_1/new/xor_4.v" into library xil_defaultlib
INFO: [VRFC 10-311] analyzing module xor_4
INFO: [VRFC 10-2263] Analyzing Verilog file "C:/Users/Octa476/Desktop/Random_generator_module/random_generator_project/random_generator_project.srcs/sources_1/new/xor_3.v" into library xil_defaultlib
INFO: [VRFC 10-311] analyzing module xor_3
INFO: [VRFC 10-2263] Analyzing Verilog file "C:/Users/Octa476/Desktop/Random_generator_module/random_generator_project/random_generator_project.srcs/sources_1/new/inverter_jitter.v" into library xil_defaultlib
INFO: [VRFC 10-311] analyzing module inverter_jitter_random
WARNING: [VRFC 10-2500] empty parameter declaration is only allowed in SystemVerilog mode [C:/Users/Octa476/Desktop/Random_generator_module/random_generator_project/random_generator_project.srcs/sources_1/new/inverter_jitter.v:23]
INFO: [VRFC 10-2263] Analyzing Verilog file "C:/Users/Octa476/Desktop/Random_generator_module/random_generator_project/random_generator_project.srcs/sources_1/new/dff_module1.v" into library xil_defaultlib
INFO: [VRFC 10-311] analyzing module dff_module1
INFO: [VRFC 10-2263] Analyzing Verilog file "C:/Users/Octa476/Desktop/Random_generator_module/random_generator_project/random_generator_project.ip_user_files/bd/design_random/ip/design_random_nand_module_0_0/sim/design_random_nand_module_0_0.v" into library xil_defaultlib
INFO: [VRFC 10-311] analyzing module design_random_nand_module_0_0
INFO: [VRFC 10-2263] Analyzing Verilog file "C:/Users/Octa476/Desktop/Random_generator_module/random_generator_project/random_generator_project.ip_user_files/bd/design_random/ip/design_random_nand_module_1_0/sim/design_random_nand_module_1_0.v" into library xil_defaultlib
INFO: [VRFC 10-311] analyzing module design_random_nand_module_1_0
INFO: [VRFC 10-2263] Analyzing Verilog file "C:/Users/Octa476/Desktop/Random_generator_module/random_generator_project/random_generator_project.ip_user_files/bd/design_random/ip/design_random_nand_module_2_0/sim/design_random_nand_module_2_0.v" into library xil_defaultlib
INFO: [VRFC 10-311] analyzing module design_random_nand_module_2_0
INFO: [VRFC 10-2263] Analyzing Verilog file "C:/Users/Octa476/Desktop/Random_generator_module/random_generator_project/random_generator_project.ip_user_files/bd/design_random/ip/design_random_nand_module_3_0/sim/design_random_nand_module_3_0.v" into library xil_defaultlib
INFO: [VRFC 10-311] analyzing module design_random_nand_module_3_0
INFO: [VRFC 10-2263] Analyzing Verilog file "C:/Users/Octa476/Desktop/Random_generator_module/random_generator_project/random_generator_project.ip_user_files/bd/design_random/ip/design_random_xor_4_0_0/sim/design_random_xor_4_0_0.v" into library xil_defaultlib
INFO: [VRFC 10-311] analyzing module design_random_xor_4_0_0
INFO: [VRFC 10-2263] Analyzing Verilog file "C:/Users/Octa476/Desktop/Random_generator_module/random_generator_project/random_generator_project.ip_user_files/bd/design_random/ip/design_random_nand_module_5_0/sim/design_random_nand_module_5_0.v" into library xil_defaultlib
INFO: [VRFC 10-311] analyzing module design_random_nand_module_5_0
INFO: [VRFC 10-2263] Analyzing Verilog file "C:/Users/Octa476/Desktop/Random_generator_module/random_generator_project/random_generator_project.ip_user_files/bd/design_random/ip/design_random_nand_module_6_0/sim/design_random_nand_module_6_0.v" into library xil_defaultlib
INFO: [VRFC 10-311] analyzing module design_random_nand_module_6_0
INFO: [VRFC 10-2263] Analyzing Verilog file "C:/Users/Octa476/Desktop/Random_generator_module/random_generator_project/random_generator_project.ip_user_files/bd/design_random/ip/design_random_xor_3_0_0/sim/design_random_xor_3_0_0.v" into library xil_defaultlib
INFO: [VRFC 10-311] analyzing module design_random_xor_3_0_0
INFO: [VRFC 10-2263] Analyzing Verilog file "C:/Users/Octa476/Desktop/Random_generator_module/random_generator_project/random_generator_project.ip_user_files/bd/design_random/ip/design_random_inverter_jitter_rand_0_0/sim/design_random_inverter_jitter_rand_0_0.v" into library xil_defaultlib
INFO: [VRFC 10-311] analyzing module design_random_inverter_jitter_rand_0_0
INFO: [VRFC 10-2263] Analyzing Verilog file "C:/Users/Octa476/Desktop/Random_generator_module/random_generator_project/random_generator_project.ip_user_files/bd/design_random/ip/design_random_inverter_jitter_rand_1_0/sim/design_random_inverter_jitter_rand_1_0.v" into library xil_defaultlib
INFO: [VRFC 10-311] analyzing module design_random_inverter_jitter_rand_1_0
INFO: [VRFC 10-2263] Analyzing Verilog file "C:/Users/Octa476/Desktop/Random_generator_module/random_generator_project/random_generator_project.ip_user_files/bd/design_random/ip/design_random_inverter_jitter_rand_2_0/sim/design_random_inverter_jitter_rand_2_0.v" into library xil_defaultlib
INFO: [VRFC 10-311] analyzing module design_random_inverter_jitter_rand_2_0
INFO: [VRFC 10-2263] Analyzing Verilog file "C:/Users/Octa476/Desktop/Random_generator_module/random_generator_project/random_generator_project.ip_user_files/bd/design_random/ip/design_random_inverter_jitter_rand_3_0/sim/design_random_inverter_jitter_rand_3_0.v" into library xil_defaultlib
INFO: [VRFC 10-311] analyzing module design_random_inverter_jitter_rand_3_0
INFO: [VRFC 10-2263] Analyzing Verilog file "C:/Users/Octa476/Desktop/Random_generator_module/random_generator_project/random_generator_project.ip_user_files/bd/design_random/ip/design_random_inverter_jitter_rand_4_0/sim/design_random_inverter_jitter_rand_4_0.v" into library xil_defaultlib
INFO: [VRFC 10-311] analyzing module design_random_inverter_jitter_rand_4_0
INFO: [VRFC 10-2263] Analyzing Verilog file "C:/Users/Octa476/Desktop/Random_generator_module/random_generator_project/random_generator_project.ip_user_files/bd/design_random/ip/design_random_inverter_jitter_rand_5_0/sim/design_random_inverter_jitter_rand_5_0.v" into library xil_defaultlib
INFO: [VRFC 10-311] analyzing module design_random_inverter_jitter_rand_5_0
INFO: [VRFC 10-2263] Analyzing Verilog file "C:/Users/Octa476/Desktop/Random_generator_module/random_generator_project/random_generator_project.ip_user_files/bd/design_random/ip/design_random_inverter_jitter_rand_6_0/sim/design_random_inverter_jitter_rand_6_0.v" into library xil_defaultlib
INFO: [VRFC 10-311] analyzing module design_random_inverter_jitter_rand_6_0
INFO: [VRFC 10-2263] Analyzing Verilog file "C:/Users/Octa476/Desktop/Random_generator_module/random_generator_project/random_generator_project.ip_user_files/bd/design_random/ip/design_random_inverter_jitter_rand_7_0/sim/design_random_inverter_jitter_rand_7_0.v" into library xil_defaultlib
INFO: [VRFC 10-311] analyzing module design_random_inverter_jitter_rand_7_0
INFO: [VRFC 10-2263] Analyzing Verilog file "C:/Users/Octa476/Desktop/Random_generator_module/random_generator_project/random_generator_project.ip_user_files/bd/design_random/ip/design_random_inverter_jitter_rand_8_0/sim/design_random_inverter_jitter_rand_8_0.v" into library xil_defaultlib
INFO: [VRFC 10-311] analyzing module design_random_inverter_jitter_rand_8_0
INFO: [VRFC 10-2263] Analyzing Verilog file "C:/Users/Octa476/Desktop/Random_generator_module/random_generator_project/random_generator_project.ip_user_files/bd/design_random/ip/design_random_inverter_jitter_rand_9_0/sim/design_random_inverter_jitter_rand_9_0.v" into library xil_defaultlib
INFO: [VRFC 10-311] analyzing module design_random_inverter_jitter_rand_9_0
INFO: [VRFC 10-2263] Analyzing Verilog file "C:/Users/Octa476/Desktop/Random_generator_module/random_generator_project/random_generator_project.ip_user_files/bd/design_random/ip/design_random_inverter_jitter_rand_10_0/sim/design_random_inverter_jitter_rand_10_0.v" into library xil_defaultlib
INFO: [VRFC 10-311] analyzing module design_random_inverter_jitter_rand_10_0
INFO: [VRFC 10-2263] Analyzing Verilog file "C:/Users/Octa476/Desktop/Random_generator_module/random_generator_project/random_generator_project.ip_user_files/bd/design_random/ip/design_random_inverter_jitter_rand_11_0/sim/design_random_inverter_jitter_rand_11_0.v" into library xil_defaultlib
INFO: [VRFC 10-311] analyzing module design_random_inverter_jitter_rand_11_0
INFO: [VRFC 10-2263] Analyzing Verilog file "C:/Users/Octa476/Desktop/Random_generator_module/random_generator_project/random_generator_project.ip_user_files/bd/design_random/ip/design_random_inverter_jitter_rand_12_0/sim/design_random_inverter_jitter_rand_12_0.v" into library xil_defaultlib
INFO: [VRFC 10-311] analyzing module design_random_inverter_jitter_rand_12_0
INFO: [VRFC 10-2263] Analyzing Verilog file "C:/Users/Octa476/Desktop/Random_generator_module/random_generator_project/random_generator_project.ip_user_files/bd/design_random/ip/design_random_dff_module1_0_0/sim/design_random_dff_module1_0_0.v" into library xil_defaultlib
INFO: [VRFC 10-311] analyzing module design_random_dff_module1_0_0
INFO: [VRFC 10-2263] Analyzing Verilog file "C:/Users/Octa476/Desktop/Random_generator_module/random_generator_project/random_generator_project.ip_user_files/bd/design_random/ip/design_random_dff_module1_1_0/sim/design_random_dff_module1_1_0.v" into library xil_defaultlib
INFO: [VRFC 10-311] analyzing module design_random_dff_module1_1_0
INFO: [VRFC 10-2263] Analyzing Verilog file "C:/Users/Octa476/Desktop/Random_generator_module/random_generator_project/random_generator_project.ip_user_files/bd/design_random/ip/design_random_dff_module1_2_0/sim/design_random_dff_module1_2_0.v" into library xil_defaultlib
INFO: [VRFC 10-311] analyzing module design_random_dff_module1_2_0
INFO: [VRFC 10-2263] Analyzing Verilog file "C:/Users/Octa476/Desktop/Random_generator_module/random_generator_project/random_generator_project.ip_user_files/bd/design_random/ip/design_random_dff_module1_3_0/sim/design_random_dff_module1_3_0.v" into library xil_defaultlib
INFO: [VRFC 10-311] analyzing module design_random_dff_module1_3_0
INFO: [VRFC 10-2263] Analyzing Verilog file "C:/Users/Octa476/Desktop/Random_generator_module/random_generator_project/random_generator_project.ip_user_files/bd/design_random/ip/design_random_dff_module1_4_0/sim/design_random_dff_module1_4_0.v" into library xil_defaultlib
INFO: [VRFC 10-311] analyzing module design_random_dff_module1_4_0
INFO: [VRFC 10-2263] Analyzing Verilog file "C:/Users/Octa476/Desktop/Random_generator_module/random_generator_project/random_generator_project.ip_user_files/bd/design_random/ip/design_random_dff_module1_5_0/sim/design_random_dff_module1_5_0.v" into library xil_defaultlib
INFO: [VRFC 10-311] analyzing module design_random_dff_module1_5_0
INFO: [VRFC 10-2263] Analyzing Verilog file "C:/Users/Octa476/Desktop/Random_generator_module/random_generator_project/random_generator_project.ip_user_files/bd/design_random/ip/design_random_dff_module1_6_0/sim/design_random_dff_module1_6_0.v" into library xil_defaultlib
INFO: [VRFC 10-311] analyzing module design_random_dff_module1_6_0
INFO: [VRFC 10-2263] Analyzing Verilog file "C:/Users/Octa476/Desktop/Random_generator_module/random_generator_project/random_generator_project.ip_user_files/bd/design_random/sim/design_random.v" into library xil_defaultlib
INFO: [VRFC 10-311] analyzing module design_random
INFO: [VRFC 10-2263] Analyzing Verilog file "C:/Users/Octa476/Desktop/Random_generator_module/random_generator_project/random_generator_project.gen/sources_1/bd/design_random/hdl/design_random_wrapper.v" into library xil_defaultlib
INFO: [VRFC 10-311] analyzing module design_random_wrapper
INFO: [VRFC 10-2263] Analyzing Verilog file "C:/Users/Octa476/Desktop/Random_generator_module/random_generator_project/random_generator_project.srcs/sim_1/new/tb_design_random.v" into library xil_defaultlib
INFO: [VRFC 10-311] analyzing module tb_design_random
run_program: Time (s): cpu = 00:00:00 ; elapsed = 00:00:05 . Memory (MB): peak = 2485.668 ; gain = 0.000
INFO: [USF-XSim-69] 'compile' step finished in '6' seconds
INFO: [USF-XSim-3] XSim::Elaborate design
INFO: [USF-XSim-61] Executing 'ELABORATE' step in 'C:/Users/Octa476/Desktop/Random_generator_module/random_generator_project/random_generator_project.sim/sim_1/behav/xsim'
"xelab --incr --debug typical --relax --mt 2 -L xil_defaultlib -L unisims_ver -L unimacro_ver -L secureip -L xpm --snapshot tb_design_random_behav xil_defaultlib.tb_design_random xil_defaultlib.glbl -log elaborate.log"
Vivado Simulator v2024.2.0
Copyright 1986-2022 Xilinx, Inc. All Rights Reserved.
Copyright 2022-2024 Advanced Micro Devices, Inc. All Rights Reserved.
Running: D:/Xilinx/Vivado/2024.2/bin/unwrapped/win64.o/xelab.exe --incr --debug typical --relax --mt 2 -L xil_defaultlib -L unisims_ver -L unimacro_ver -L secureip -L xpm --snapshot tb_design_random_behav xil_defaultlib.tb_design_random xil_defaultlib.glbl -log elaborate.log 
Using 2 slave threads.
Starting static elaboration
Pass Through NonSizing Optimizer
Completed static elaboration
Starting simulation data flow analysis
Completed simulation data flow analysis
Time Resolution for simulation is 1ps
Compiling module xil_defaultlib.dff_module1
Compiling module xil_defaultlib.design_random_dff_module1_0_0
Compiling module xil_defaultlib.design_random_dff_module1_1_0
Compiling module xil_defaultlib.design_random_dff_module1_2_0
Compiling module xil_defaultlib.design_random_dff_module1_3_0
Compiling module xil_defaultlib.design_random_dff_module1_4_0
Compiling module xil_defaultlib.design_random_dff_module1_5_0
Compiling module xil_defaultlib.design_random_dff_module1_6_0
Compiling module xil_defaultlib.inverter_jitter_random
Compiling module xil_defaultlib.design_random_inverter_jitter_ra...
Compiling module xil_defaultlib.design_random_inverter_jitter_ra...
Compiling module xil_defaultlib.design_random_inverter_jitter_ra...
Compiling module xil_defaultlib.design_random_inverter_jitter_ra...
Compiling module xil_defaultlib.design_random_inverter_jitter_ra...
Compiling module xil_defaultlib.design_random_inverter_jitter_ra...
Compiling module xil_defaultlib.design_random_inverter_jitter_ra...
Compiling module xil_defaultlib.design_random_inverter_jitter_ra...
Compiling module xil_defaultlib.design_random_inverter_jitter_ra...
Compiling module xil_defaultlib.design_random_inverter_jitter_ra...
Compiling module xil_defaultlib.design_random_inverter_jitter_ra...
Compiling module xil_defaultlib.design_random_inverter_jitter_ra...
Compiling module xil_defaultlib.design_random_inverter_jitter_ra...
Compiling module xil_defaultlib.nand_module
Compiling module xil_defaultlib.design_random_nand_module_0_0
Compiling module xil_defaultlib.design_random_nand_module_1_0
Compiling module xil_defaultlib.design_random_nand_module_2_0
Compiling module xil_defaultlib.design_random_nand_module_3_0
Compiling module xil_defaultlib.design_random_nand_module_5_0
Compiling module xil_defaultlib.design_random_nand_module_6_0
Compiling module xil_defaultlib.xor_3
Compiling module xil_defaultlib.design_random_xor_3_0_0
Compiling module xil_defaultlib.xor_4
Compiling module xil_defaultlib.design_random_xor_4_0_0
Compiling module xil_defaultlib.design_random
Compiling module xil_defaultlib.design_random_wrapper
Compiling module xil_defaultlib.tb_design_random
Compiling module xil_defaultlib.glbl
Built simulation snapshot tb_design_random_behav
INFO: [USF-XSim-69] 'elaborate' step finished in '3' seconds
INFO: [USF-XSim-4] XSim::Simulate design
INFO: [USF-XSim-61] Executing 'SIMULATE' step in 'C:/Users/Octa476/Desktop/Random_generator_module/random_generator_project/random_generator_project.sim/sim_1/behav/xsim'
INFO: [USF-XSim-98] *** Running xsim
   with args "tb_design_random_behav -key {Behavioral:sim_1:Functional:tb_design_random} -tclbatch {tb_design_random.tcl} -protoinst "protoinst_files/design_random.protoinst" -log {simulate.log}"
INFO: [USF-XSim-8] Loading simulator feature
INFO: [Wavedata 42-565] Reading protoinst file protoinst_files/design_random.protoinst
Time resolution is 1 ps
source tb_design_random.tcl
# set curr_wave [current_wave_config]
# if { [string length $curr_wave] == 0 } {
#   if { [llength [get_objects]] > 0} {
#     add_wave /
#     set_property needs_save false [current_wave_config]
#   } else {
#      send_msg_id Add_Wave-1 WARNING "No top level signals found. Simulator will start without a wave window. If you want to open a wave window go to 'File->New Waveform Configuration' or type 'create_wave_config' in the TCL console."
#   }
# }
# run 1000ns
-1765511728
 1926115056
 1322774539
 1793175889
-2031390106
-1560988801
 2130638015
 1527297498
 1997698847
-1826867130
-1356465798
 1261419128
  658078637
INFO: [USF-XSim-96] XSim completed. Design snapshot 'tb_design_random_behav' loaded.
INFO: [USF-XSim-97] XSim simulation ran for 1000ns
launch_simulation: Time (s): cpu = 00:00:09 ; elapsed = 00:00:14 . Memory (MB): peak = 2485.668 ; gain = 0.000
WARNING: [filemgmt 56-199] Attempt to get parsing info during refresh. "On-the-fly" syntax checking information may be incorrect. [C:\Users\Octa476\Desktop\Random_generator_module\random_generator_project\random_generator_project.gen\sources_1\bd\design_random\hdl\design_random_wrapper.v:]
WARNING: [filemgmt 56-199] Attempt to get parsing info during refresh. "On-the-fly" syntax checking information may be incorrect. [C:\Users\Octa476\Desktop\Random_generator_module\random_generator_project\random_generator_project.srcs\sim_1\new\tb_design_random.v:]
WARNING: [filemgmt 56-199] Attempt to get parsing info during refresh. "On-the-fly" syntax checking information may be incorrect. [C:\Users\Octa476\Desktop\Random_generator_module\random_generator_project\random_generator_project.srcs\sources_1\new\inverter_jitter.v:]
WARNING: [filemgmt 56-199] Attempt to get parsing info during refresh. "On-the-fly" syntax checking information may be incorrect. [C:\Users\Octa476\Desktop\Random_generator_module\random_generator_project\random_generator_project.gen\sources_1\bd\design_random\hdl\design_random_wrapper.v:]
WARNING: [filemgmt 56-199] Attempt to get parsing info during refresh. "On-the-fly" syntax checking information may be incorrect. [C:\Users\Octa476\Desktop\Random_generator_module\random_generator_project\random_generator_project.gen\sources_1\bd\design_random\hdl\design_random_wrapper.v:]
WARNING: [filemgmt 56-199] Attempt to get parsing info during refresh. "On-the-fly" syntax checking information may be incorrect. [C:\Users\Octa476\Desktop\Random_generator_module\random_generator_project\random_generator_project.srcs\sim_1\new\tb_design_random.v:]
WARNING: [filemgmt 56-199] Attempt to get parsing info during refresh. "On-the-fly" syntax checking information may be incorrect. [C:\Users\Octa476\Desktop\Random_generator_module\random_generator_project\random_generator_project.srcs\sources_1\new\inverter_jitter.v:]
WARNING: [filemgmt 56-199] Attempt to get parsing info during refresh. "On-the-fly" syntax checking information may be incorrect. [C:\Users\Octa476\Desktop\Random_generator_module\random_generator_project\random_generator_project.srcs\sim_1\new\tb_design_random.v:]
WARNING: [filemgmt 56-199] Attempt to get parsing info during refresh. "On-the-fly" syntax checking information may be incorrect. [C:\Users\Octa476\Desktop\Random_generator_module\random_generator_project\random_generator_project.srcs\sim_1\new\tb_design_random.v:]
ERROR: [Common 17-180] Spawn failed: No error
report_ip_status -name ip_status 
update_module_reference [get_ips  {design_random_inverter_jitter_rand_3_0 design_random_inverter_jitter_rand_0_0 design_random_inverter_jitter_rand_4_0 design_random_inverter_jitter_rand_11_0 design_random_inverter_jitter_rand_1_0 design_random_inverter_jitter_rand_2_0 design_random_inverter_jitter_rand_7_0 design_random_inverter_jitter_rand_5_0 design_random_inverter_jitter_rand_9_0 design_random_inverter_jitter_rand_12_0 design_random_inverter_jitter_rand_8_0 design_random_inverter_jitter_rand_6_0 design_random_inverter_jitter_rand_10_0}]
Upgrading 'C:/Users/Octa476/Desktop/Random_generator_module/random_generator_project/random_generator_project.srcs/sources_1/bd/design_random/design_random.bd'
INFO: [IP_Flow 19-3420] Updated design_random_inverter_jitter_rand_0_0 to use current project options
INFO: [IP_Flow 19-3420] Updated design_random_inverter_jitter_rand_10_0 to use current project options
INFO: [IP_Flow 19-3420] Updated design_random_inverter_jitter_rand_11_0 to use current project options
INFO: [IP_Flow 19-3420] Updated design_random_inverter_jitter_rand_12_0 to use current project options
INFO: [IP_Flow 19-3420] Updated design_random_inverter_jitter_rand_1_0 to use current project options
INFO: [IP_Flow 19-3420] Updated design_random_inverter_jitter_rand_2_0 to use current project options
INFO: [IP_Flow 19-3420] Updated design_random_inverter_jitter_rand_3_0 to use current project options
INFO: [IP_Flow 19-3420] Updated design_random_inverter_jitter_rand_4_0 to use current project options
INFO: [IP_Flow 19-3420] Updated design_random_inverter_jitter_rand_5_0 to use current project options
INFO: [IP_Flow 19-3420] Updated design_random_inverter_jitter_rand_6_0 to use current project options
INFO: [IP_Flow 19-3420] Updated design_random_inverter_jitter_rand_7_0 to use current project options
INFO: [IP_Flow 19-3420] Updated design_random_inverter_jitter_rand_8_0 to use current project options
INFO: [IP_Flow 19-3420] Updated design_random_inverter_jitter_rand_9_0 to use current project options
Wrote  : <C:\Users\Octa476\Desktop\Random_generator_module\random_generator_project\random_generator_project.srcs\sources_1\bd\design_random\design_random.bd> 
upgrade_ip: Time (s): cpu = 00:00:15 ; elapsed = 00:00:07 . Memory (MB): peak = 2485.668 ; gain = 0.000
update_module_reference: Time (s): cpu = 00:00:15 ; elapsed = 00:00:07 . Memory (MB): peak = 2485.668 ; gain = 0.000
report_ip_status -name ip_status 
close_sim
INFO: [Simtcl 6-16] Simulation closed
generate_target Simulation [get_files C:/Users/Octa476/Desktop/Random_generator_module/random_generator_project/random_generator_project.srcs/sources_1/bd/design_random/design_random.bd]
Wrote  : <C:\Users\Octa476\Desktop\Random_generator_module\random_generator_project\random_generator_project.srcs\sources_1\bd\design_random\design_random.bd> 
Verilog Output written to : c:/Users/Octa476/Desktop/Random_generator_module/random_generator_project/random_generator_project.gen/sources_1/bd/design_random/synth/design_random.v
Verilog Output written to : c:/Users/Octa476/Desktop/Random_generator_module/random_generator_project/random_generator_project.gen/sources_1/bd/design_random/sim/design_random.v
Verilog Output written to : c:/Users/Octa476/Desktop/Random_generator_module/random_generator_project/random_generator_project.gen/sources_1/bd/design_random/hdl/design_random_wrapper.v
INFO: [BD 41-1029] Generation completed for the IP Integrator block inverter_jitter_rand_0 .
INFO: [BD 41-1029] Generation completed for the IP Integrator block inverter_jitter_rand_1 .
INFO: [BD 41-1029] Generation completed for the IP Integrator block inverter_jitter_rand_2 .
INFO: [BD 41-1029] Generation completed for the IP Integrator block inverter_jitter_rand_3 .
INFO: [BD 41-1029] Generation completed for the IP Integrator block inverter_jitter_rand_4 .
INFO: [BD 41-1029] Generation completed for the IP Integrator block inverter_jitter_rand_5 .
INFO: [BD 41-1029] Generation completed for the IP Integrator block inverter_jitter_rand_6 .
INFO: [BD 41-1029] Generation completed for the IP Integrator block inverter_jitter_rand_7 .
INFO: [BD 41-1029] Generation completed for the IP Integrator block inverter_jitter_rand_8 .
INFO: [BD 41-1029] Generation completed for the IP Integrator block inverter_jitter_rand_9 .
INFO: [BD 41-1029] Generation completed for the IP Integrator block inverter_jitter_rand_10 .
INFO: [BD 41-1029] Generation completed for the IP Integrator block inverter_jitter_rand_11 .
INFO: [BD 41-1029] Generation completed for the IP Integrator block inverter_jitter_rand_12 .
Exporting to file c:/Users/Octa476/Desktop/Random_generator_module/random_generator_project/random_generator_project.gen/sources_1/bd/design_random/hw_handoff/design_random.hwh
Generated Hardware Definition File c:/Users/Octa476/Desktop/Random_generator_module/random_generator_project/random_generator_project.gen/sources_1/bd/design_random/synth/design_random.hwdef
export_ip_user_files -of_objects [get_files C:/Users/Octa476/Desktop/Random_generator_module/random_generator_project/random_generator_project.srcs/sources_1/bd/design_random/design_random.bd] -no_script -sync -force -quiet
export_simulation -of_objects [get_files C:/Users/Octa476/Desktop/Random_generator_module/random_generator_project/random_generator_project.srcs/sources_1/bd/design_random/design_random.bd] -directory C:/Users/Octa476/Desktop/Random_generator_module/random_generator_project/random_generator_project.ip_user_files/sim_scripts -ip_user_files_dir C:/Users/Octa476/Desktop/Random_generator_module/random_generator_project/random_generator_project.ip_user_files -ipstatic_source_dir C:/Users/Octa476/Desktop/Random_generator_module/random_generator_project/random_generator_project.ip_user_files/ipstatic -lib_map_path [list {modelsim=C:/Users/Octa476/Desktop/Random_generator_module/random_generator_project/random_generator_project.cache/compile_simlib/modelsim} {questa=C:/Users/Octa476/Desktop/Random_generator_module/random_generator_project/random_generator_project.cache/compile_simlib/questa} {riviera=C:/Users/Octa476/Desktop/Random_generator_module/random_generator_project/random_generator_project.cache/compile_simlib/riviera} {activehdl=C:/Users/Octa476/Desktop/Random_generator_module/random_generator_project/random_generator_project.cache/compile_simlib/activehdl}] -use_ip_compiled_libs -force -quiet
launch_simulation
Command: launch_simulation 
INFO: [Vivado 12-12493] Simulation top is 'tb_design_random'
WARNING: [Vivado 12-13340] Unable to auto find GCC executables from simulator install path! (path not set)
INFO: [Vivado 12-5682] Launching behavioral simulation in 'C:/Users/Octa476/Desktop/Random_generator_module/random_generator_project/random_generator_project.sim/sim_1/behav/xsim'
INFO: [Vivado 12-13660] Precompiled IP simulation library mode is enabled (default). The design IP libraries will be referenced from the compiled library path. Please note that if the precompiled version of the library is not found from the path or the IP is in locked state, then the library source files for these IPs will be compiled locally as part of the compile order.
INFO: [Vivado 12-4795] Using compiled simulation libraries for IPs
INFO: [SIM-utils-51] Simulation object is 'sim_1'
INFO: [SIM-utils-72] Using boost library from 'D:/Xilinx/Vivado/2024.2/tps/boost_1_72_0'
INFO: [USF-XSim-7] Finding pre-compiled libraries...
INFO: [USF-XSim-11] File 'D:/Xilinx/Vivado/2024.2/data/xsim/xsim.ini' copied to run dir:'C:/Users/Octa476/Desktop/Random_generator_module/random_generator_project/random_generator_project.sim/sim_1/behav/xsim'
INFO: [SIM-utils-54] Inspecting design source files for 'tb_design_random' in fileset 'sim_1'...
INFO: [USF-XSim-97] Finding global include files...
INFO: [USF-XSim-98] Fetching design files from 'sim_1'...
INFO: [USF-XSim-2] XSim::Compile design
INFO: [USF-XSim-61] Executing 'COMPILE and ANALYZE' step in 'C:/Users/Octa476/Desktop/Random_generator_module/random_generator_project/random_generator_project.sim/sim_1/behav/xsim'
"xvlog --incr --relax -prj tb_design_random_vlog.prj"
INFO: [VRFC 10-2263] Analyzing Verilog file "C:/Users/Octa476/Desktop/Random_generator_module/random_generator_project/random_generator_project.srcs/sources_1/new/nand_module.v" into library xil_defaultlib
INFO: [VRFC 10-311] analyzing module nand_module
INFO: [VRFC 10-2263] Analyzing Verilog file "C:/Users/Octa476/Desktop/Random_generator_module/random_generator_project/random_generator_project.srcs/sources_1/new/xor_4.v" into library xil_defaultlib
INFO: [VRFC 10-311] analyzing module xor_4
INFO: [VRFC 10-2263] Analyzing Verilog file "C:/Users/Octa476/Desktop/Random_generator_module/random_generator_project/random_generator_project.srcs/sources_1/new/xor_3.v" into library xil_defaultlib
INFO: [VRFC 10-311] analyzing module xor_3
INFO: [VRFC 10-2263] Analyzing Verilog file "C:/Users/Octa476/Desktop/Random_generator_module/random_generator_project/random_generator_project.srcs/sources_1/new/inverter_jitter.v" into library xil_defaultlib
INFO: [VRFC 10-311] analyzing module inverter_jitter_random
WARNING: [VRFC 10-2500] empty parameter declaration is only allowed in SystemVerilog mode [C:/Users/Octa476/Desktop/Random_generator_module/random_generator_project/random_generator_project.srcs/sources_1/new/inverter_jitter.v:23]
INFO: [VRFC 10-2263] Analyzing Verilog file "C:/Users/Octa476/Desktop/Random_generator_module/random_generator_project/random_generator_project.srcs/sources_1/new/dff_module1.v" into library xil_defaultlib
INFO: [VRFC 10-311] analyzing module dff_module1
INFO: [VRFC 10-2263] Analyzing Verilog file "C:/Users/Octa476/Desktop/Random_generator_module/random_generator_project/random_generator_project.ip_user_files/bd/design_random/ip/design_random_nand_module_0_0/sim/design_random_nand_module_0_0.v" into library xil_defaultlib
INFO: [VRFC 10-311] analyzing module design_random_nand_module_0_0
INFO: [VRFC 10-2263] Analyzing Verilog file "C:/Users/Octa476/Desktop/Random_generator_module/random_generator_project/random_generator_project.ip_user_files/bd/design_random/ip/design_random_nand_module_1_0/sim/design_random_nand_module_1_0.v" into library xil_defaultlib
INFO: [VRFC 10-311] analyzing module design_random_nand_module_1_0
INFO: [VRFC 10-2263] Analyzing Verilog file "C:/Users/Octa476/Desktop/Random_generator_module/random_generator_project/random_generator_project.ip_user_files/bd/design_random/ip/design_random_nand_module_2_0/sim/design_random_nand_module_2_0.v" into library xil_defaultlib
INFO: [VRFC 10-311] analyzing module design_random_nand_module_2_0
INFO: [VRFC 10-2263] Analyzing Verilog file "C:/Users/Octa476/Desktop/Random_generator_module/random_generator_project/random_generator_project.ip_user_files/bd/design_random/ip/design_random_nand_module_3_0/sim/design_random_nand_module_3_0.v" into library xil_defaultlib
INFO: [VRFC 10-311] analyzing module design_random_nand_module_3_0
INFO: [VRFC 10-2263] Analyzing Verilog file "C:/Users/Octa476/Desktop/Random_generator_module/random_generator_project/random_generator_project.ip_user_files/bd/design_random/ip/design_random_xor_4_0_0/sim/design_random_xor_4_0_0.v" into library xil_defaultlib
INFO: [VRFC 10-311] analyzing module design_random_xor_4_0_0
INFO: [VRFC 10-2263] Analyzing Verilog file "C:/Users/Octa476/Desktop/Random_generator_module/random_generator_project/random_generator_project.ip_user_files/bd/design_random/ip/design_random_nand_module_5_0/sim/design_random_nand_module_5_0.v" into library xil_defaultlib
INFO: [VRFC 10-311] analyzing module design_random_nand_module_5_0
INFO: [VRFC 10-2263] Analyzing Verilog file "C:/Users/Octa476/Desktop/Random_generator_module/random_generator_project/random_generator_project.ip_user_files/bd/design_random/ip/design_random_nand_module_6_0/sim/design_random_nand_module_6_0.v" into library xil_defaultlib
INFO: [VRFC 10-311] analyzing module design_random_nand_module_6_0
INFO: [VRFC 10-2263] Analyzing Verilog file "C:/Users/Octa476/Desktop/Random_generator_module/random_generator_project/random_generator_project.ip_user_files/bd/design_random/ip/design_random_xor_3_0_0/sim/design_random_xor_3_0_0.v" into library xil_defaultlib
INFO: [VRFC 10-311] analyzing module design_random_xor_3_0_0
INFO: [VRFC 10-2263] Analyzing Verilog file "C:/Users/Octa476/Desktop/Random_generator_module/random_generator_project/random_generator_project.ip_user_files/bd/design_random/ip/design_random_inverter_jitter_rand_0_0/sim/design_random_inverter_jitter_rand_0_0.v" into library xil_defaultlib
INFO: [VRFC 10-311] analyzing module design_random_inverter_jitter_rand_0_0
INFO: [VRFC 10-2263] Analyzing Verilog file "C:/Users/Octa476/Desktop/Random_generator_module/random_generator_project/random_generator_project.ip_user_files/bd/design_random/ip/design_random_inverter_jitter_rand_1_0/sim/design_random_inverter_jitter_rand_1_0.v" into library xil_defaultlib
INFO: [VRFC 10-311] analyzing module design_random_inverter_jitter_rand_1_0
INFO: [VRFC 10-2263] Analyzing Verilog file "C:/Users/Octa476/Desktop/Random_generator_module/random_generator_project/random_generator_project.ip_user_files/bd/design_random/ip/design_random_inverter_jitter_rand_2_0/sim/design_random_inverter_jitter_rand_2_0.v" into library xil_defaultlib
INFO: [VRFC 10-311] analyzing module design_random_inverter_jitter_rand_2_0
INFO: [VRFC 10-2263] Analyzing Verilog file "C:/Users/Octa476/Desktop/Random_generator_module/random_generator_project/random_generator_project.ip_user_files/bd/design_random/ip/design_random_inverter_jitter_rand_3_0/sim/design_random_inverter_jitter_rand_3_0.v" into library xil_defaultlib
INFO: [VRFC 10-311] analyzing module design_random_inverter_jitter_rand_3_0
INFO: [VRFC 10-2263] Analyzing Verilog file "C:/Users/Octa476/Desktop/Random_generator_module/random_generator_project/random_generator_project.ip_user_files/bd/design_random/ip/design_random_inverter_jitter_rand_4_0/sim/design_random_inverter_jitter_rand_4_0.v" into library xil_defaultlib
INFO: [VRFC 10-311] analyzing module design_random_inverter_jitter_rand_4_0
INFO: [VRFC 10-2263] Analyzing Verilog file "C:/Users/Octa476/Desktop/Random_generator_module/random_generator_project/random_generator_project.ip_user_files/bd/design_random/ip/design_random_inverter_jitter_rand_5_0/sim/design_random_inverter_jitter_rand_5_0.v" into library xil_defaultlib
INFO: [VRFC 10-311] analyzing module design_random_inverter_jitter_rand_5_0
INFO: [VRFC 10-2263] Analyzing Verilog file "C:/Users/Octa476/Desktop/Random_generator_module/random_generator_project/random_generator_project.ip_user_files/bd/design_random/ip/design_random_inverter_jitter_rand_6_0/sim/design_random_inverter_jitter_rand_6_0.v" into library xil_defaultlib
INFO: [VRFC 10-311] analyzing module design_random_inverter_jitter_rand_6_0
INFO: [VRFC 10-2263] Analyzing Verilog file "C:/Users/Octa476/Desktop/Random_generator_module/random_generator_project/random_generator_project.ip_user_files/bd/design_random/ip/design_random_inverter_jitter_rand_7_0/sim/design_random_inverter_jitter_rand_7_0.v" into library xil_defaultlib
INFO: [VRFC 10-311] analyzing module design_random_inverter_jitter_rand_7_0
INFO: [VRFC 10-2263] Analyzing Verilog file "C:/Users/Octa476/Desktop/Random_generator_module/random_generator_project/random_generator_project.ip_user_files/bd/design_random/ip/design_random_inverter_jitter_rand_8_0/sim/design_random_inverter_jitter_rand_8_0.v" into library xil_defaultlib
INFO: [VRFC 10-311] analyzing module design_random_inverter_jitter_rand_8_0
INFO: [VRFC 10-2263] Analyzing Verilog file "C:/Users/Octa476/Desktop/Random_generator_module/random_generator_project/random_generator_project.ip_user_files/bd/design_random/ip/design_random_inverter_jitter_rand_9_0/sim/design_random_inverter_jitter_rand_9_0.v" into library xil_defaultlib
INFO: [VRFC 10-311] analyzing module design_random_inverter_jitter_rand_9_0
INFO: [VRFC 10-2263] Analyzing Verilog file "C:/Users/Octa476/Desktop/Random_generator_module/random_generator_project/random_generator_project.ip_user_files/bd/design_random/ip/design_random_inverter_jitter_rand_10_0/sim/design_random_inverter_jitter_rand_10_0.v" into library xil_defaultlib
INFO: [VRFC 10-311] analyzing module design_random_inverter_jitter_rand_10_0
INFO: [VRFC 10-2263] Analyzing Verilog file "C:/Users/Octa476/Desktop/Random_generator_module/random_generator_project/random_generator_project.ip_user_files/bd/design_random/ip/design_random_inverter_jitter_rand_11_0/sim/design_random_inverter_jitter_rand_11_0.v" into library xil_defaultlib
INFO: [VRFC 10-311] analyzing module design_random_inverter_jitter_rand_11_0
INFO: [VRFC 10-2263] Analyzing Verilog file "C:/Users/Octa476/Desktop/Random_generator_module/random_generator_project/random_generator_project.ip_user_files/bd/design_random/ip/design_random_inverter_jitter_rand_12_0/sim/design_random_inverter_jitter_rand_12_0.v" into library xil_defaultlib
INFO: [VRFC 10-311] analyzing module design_random_inverter_jitter_rand_12_0
INFO: [VRFC 10-2263] Analyzing Verilog file "C:/Users/Octa476/Desktop/Random_generator_module/random_generator_project/random_generator_project.ip_user_files/bd/design_random/ip/design_random_dff_module1_0_0/sim/design_random_dff_module1_0_0.v" into library xil_defaultlib
INFO: [VRFC 10-311] analyzing module design_random_dff_module1_0_0
INFO: [VRFC 10-2263] Analyzing Verilog file "C:/Users/Octa476/Desktop/Random_generator_module/random_generator_project/random_generator_project.ip_user_files/bd/design_random/ip/design_random_dff_module1_1_0/sim/design_random_dff_module1_1_0.v" into library xil_defaultlib
INFO: [VRFC 10-311] analyzing module design_random_dff_module1_1_0
INFO: [VRFC 10-2263] Analyzing Verilog file "C:/Users/Octa476/Desktop/Random_generator_module/random_generator_project/random_generator_project.ip_user_files/bd/design_random/ip/design_random_dff_module1_2_0/sim/design_random_dff_module1_2_0.v" into library xil_defaultlib
INFO: [VRFC 10-311] analyzing module design_random_dff_module1_2_0
INFO: [VRFC 10-2263] Analyzing Verilog file "C:/Users/Octa476/Desktop/Random_generator_module/random_generator_project/random_generator_project.ip_user_files/bd/design_random/ip/design_random_dff_module1_3_0/sim/design_random_dff_module1_3_0.v" into library xil_defaultlib
INFO: [VRFC 10-311] analyzing module design_random_dff_module1_3_0
INFO: [VRFC 10-2263] Analyzing Verilog file "C:/Users/Octa476/Desktop/Random_generator_module/random_generator_project/random_generator_project.ip_user_files/bd/design_random/ip/design_random_dff_module1_4_0/sim/design_random_dff_module1_4_0.v" into library xil_defaultlib
INFO: [VRFC 10-311] analyzing module design_random_dff_module1_4_0
INFO: [VRFC 10-2263] Analyzing Verilog file "C:/Users/Octa476/Desktop/Random_generator_module/random_generator_project/random_generator_project.ip_user_files/bd/design_random/ip/design_random_dff_module1_5_0/sim/design_random_dff_module1_5_0.v" into library xil_defaultlib
INFO: [VRFC 10-311] analyzing module design_random_dff_module1_5_0
INFO: [VRFC 10-2263] Analyzing Verilog file "C:/Users/Octa476/Desktop/Random_generator_module/random_generator_project/random_generator_project.ip_user_files/bd/design_random/ip/design_random_dff_module1_6_0/sim/design_random_dff_module1_6_0.v" into library xil_defaultlib
INFO: [VRFC 10-311] analyzing module design_random_dff_module1_6_0
INFO: [VRFC 10-2263] Analyzing Verilog file "C:/Users/Octa476/Desktop/Random_generator_module/random_generator_project/random_generator_project.ip_user_files/bd/design_random/sim/design_random.v" into library xil_defaultlib
INFO: [VRFC 10-311] analyzing module design_random
INFO: [VRFC 10-2263] Analyzing Verilog file "C:/Users/Octa476/Desktop/Random_generator_module/random_generator_project/random_generator_project.gen/sources_1/bd/design_random/hdl/design_random_wrapper.v" into library xil_defaultlib
INFO: [VRFC 10-311] analyzing module design_random_wrapper
INFO: [VRFC 10-2263] Analyzing Verilog file "C:/Users/Octa476/Desktop/Random_generator_module/random_generator_project/random_generator_project.srcs/sim_1/new/tb_design_random.v" into library xil_defaultlib
INFO: [VRFC 10-311] analyzing module tb_design_random
run_program: Time (s): cpu = 00:00:00 ; elapsed = 00:00:05 . Memory (MB): peak = 2485.668 ; gain = 0.000
INFO: [USF-XSim-69] 'compile' step finished in '5' seconds
INFO: [USF-XSim-3] XSim::Elaborate design
INFO: [USF-XSim-61] Executing 'ELABORATE' step in 'C:/Users/Octa476/Desktop/Random_generator_module/random_generator_project/random_generator_project.sim/sim_1/behav/xsim'
"xelab --incr --debug typical --relax --mt 2 -L xil_defaultlib -L unisims_ver -L unimacro_ver -L secureip -L xpm --snapshot tb_design_random_behav xil_defaultlib.tb_design_random xil_defaultlib.glbl -log elaborate.log"
Vivado Simulator v2024.2.0
Copyright 1986-2022 Xilinx, Inc. All Rights Reserved.
Copyright 2022-2024 Advanced Micro Devices, Inc. All Rights Reserved.
Running: D:/Xilinx/Vivado/2024.2/bin/unwrapped/win64.o/xelab.exe --incr --debug typical --relax --mt 2 -L xil_defaultlib -L unisims_ver -L unimacro_ver -L secureip -L xpm --snapshot tb_design_random_behav xil_defaultlib.tb_design_random xil_defaultlib.glbl -log elaborate.log 
Using 2 slave threads.
Starting static elaboration
Pass Through NonSizing Optimizer
Completed static elaboration
Starting simulation data flow analysis
Completed simulation data flow analysis
Time Resolution for simulation is 1ps
Compiling module xil_defaultlib.dff_module1
Compiling module xil_defaultlib.design_random_dff_module1_0_0
Compiling module xil_defaultlib.design_random_dff_module1_1_0
Compiling module xil_defaultlib.design_random_dff_module1_2_0
Compiling module xil_defaultlib.design_random_dff_module1_3_0
Compiling module xil_defaultlib.design_random_dff_module1_4_0
Compiling module xil_defaultlib.design_random_dff_module1_5_0
Compiling module xil_defaultlib.design_random_dff_module1_6_0
Compiling module xil_defaultlib.inverter_jitter_random
Compiling module xil_defaultlib.design_random_inverter_jitter_ra...
Compiling module xil_defaultlib.design_random_inverter_jitter_ra...
Compiling module xil_defaultlib.design_random_inverter_jitter_ra...
Compiling module xil_defaultlib.design_random_inverter_jitter_ra...
Compiling module xil_defaultlib.design_random_inverter_jitter_ra...
Compiling module xil_defaultlib.design_random_inverter_jitter_ra...
Compiling module xil_defaultlib.design_random_inverter_jitter_ra...
Compiling module xil_defaultlib.design_random_inverter_jitter_ra...
Compiling module xil_defaultlib.design_random_inverter_jitter_ra...
Compiling module xil_defaultlib.design_random_inverter_jitter_ra...
Compiling module xil_defaultlib.design_random_inverter_jitter_ra...
Compiling module xil_defaultlib.design_random_inverter_jitter_ra...
Compiling module xil_defaultlib.design_random_inverter_jitter_ra...
Compiling module xil_defaultlib.nand_module
Compiling module xil_defaultlib.design_random_nand_module_0_0
Compiling module xil_defaultlib.design_random_nand_module_1_0
Compiling module xil_defaultlib.design_random_nand_module_2_0
Compiling module xil_defaultlib.design_random_nand_module_3_0
Compiling module xil_defaultlib.design_random_nand_module_5_0
Compiling module xil_defaultlib.design_random_nand_module_6_0
Compiling module xil_defaultlib.xor_3
Compiling module xil_defaultlib.design_random_xor_3_0_0
Compiling module xil_defaultlib.xor_4
Compiling module xil_defaultlib.design_random_xor_4_0_0
Compiling module xil_defaultlib.design_random
Compiling module xil_defaultlib.design_random_wrapper
Compiling module xil_defaultlib.tb_design_random
Compiling module xil_defaultlib.glbl
Built simulation snapshot tb_design_random_behav
INFO: [USF-XSim-69] 'elaborate' step finished in '3' seconds
INFO: [USF-XSim-4] XSim::Simulate design
INFO: [USF-XSim-61] Executing 'SIMULATE' step in 'C:/Users/Octa476/Desktop/Random_generator_module/random_generator_project/random_generator_project.sim/sim_1/behav/xsim'
INFO: [USF-XSim-98] *** Running xsim
   with args "tb_design_random_behav -key {Behavioral:sim_1:Functional:tb_design_random} -tclbatch {tb_design_random.tcl} -protoinst "protoinst_files/design_random.protoinst" -log {simulate.log}"
INFO: [USF-XSim-8] Loading simulator feature
INFO: [Wavedata 42-565] Reading protoinst file protoinst_files/design_random.protoinst
Time resolution is 1 ps
source tb_design_random.tcl
# set curr_wave [current_wave_config]
# if { [string length $curr_wave] == 0 } {
#   if { [llength [get_objects]] > 0} {
#     add_wave /
#     set_property needs_save false [current_wave_config]
#   } else {
#      send_msg_id Add_Wave-1 WARNING "No top level signals found. Simulator will start without a wave window. If you want to open a wave window go to 'File->New Waveform Configuration' or type 'create_wave_config' in the TCL console."
#   }
# }
# run 1000ns
-1765511728
 1926115056
 1322774539
 1793175889
-2031390106
-1560988801
 2130638015
 1527297498
 1997698847
-1826867130
-1356465798
 1261419128
  658078637
INFO: [USF-XSim-96] XSim completed. Design snapshot 'tb_design_random_behav' loaded.
INFO: [USF-XSim-97] XSim simulation ran for 1000ns
launch_simulation: Time (s): cpu = 00:00:10 ; elapsed = 00:00:15 . Memory (MB): peak = 2485.668 ; gain = 0.000
WARNING: [filemgmt 56-199] Attempt to get parsing info during refresh. "On-the-fly" syntax checking information may be incorrect. [C:\Users\Octa476\Desktop\Random_generator_module\random_generator_project\random_generator_project.srcs\sim_1\new\tb_design_random.v:]
WARNING: [filemgmt 56-199] Attempt to get parsing info during refresh. "On-the-fly" syntax checking information may be incorrect. [C:\Users\Octa476\Desktop\Random_generator_module\random_generator_project\random_generator_project.srcs\sources_1\new\inverter_jitter.v:]
WARNING: [filemgmt 56-199] Attempt to get parsing info during refresh. "On-the-fly" syntax checking information may be incorrect. [C:\Users\Octa476\Desktop\Random_generator_module\random_generator_project\random_generator_project.srcs\sim_1\new\tb_design_random.v:]
WARNING: [filemgmt 56-199] Attempt to get parsing info during refresh. "On-the-fly" syntax checking information may be incorrect. [C:\Users\Octa476\Desktop\Random_generator_module\random_generator_project\random_generator_project.srcs\sim_1\new\tb_design_random.v:]
ERROR: [Common 17-180] Spawn failed: No error
restart
INFO: [Wavedata 42-604] Simulation restarted
run 1000000ns
-1765511728
 1926115056
 1322774539
 1793175889
-2031390106
-1560988801
 2130638015
 1527297498
 1997698847
-1826867130
-1356465798
 1261419128
  658078637
run 10000000ns
run: Time (s): cpu = 00:00:09 ; elapsed = 00:00:26 . Memory (MB): peak = 2485.668 ; gain = 0.000
run 100000000ns
INFO: [Common 17-41] Interrupt caught. Command should exit soon.
run: Time (s): cpu = 00:01:00 ; elapsed = 00:02:09 . Memory (MB): peak = 2485.668 ; gain = 0.000
INFO: [Common 17-344] 'run' was cancelled
WARNING: [filemgmt 56-199] Attempt to get parsing info during refresh. "On-the-fly" syntax checking information may be incorrect. [C:\Users\Octa476\Desktop\Random_generator_module\random_generator_project\random_generator_project.srcs\sim_1\new\tb_design_random.v:]
WARNING: [filemgmt 56-199] Attempt to get parsing info during refresh. "On-the-fly" syntax checking information may be incorrect. [C:\Users\Octa476\Desktop\Random_generator_module\random_generator_project\random_generator_project.srcs\sources_1\new\inverter_jitter.v:]
WARNING: [filemgmt 56-199] Attempt to get parsing info during refresh. "On-the-fly" syntax checking information may be incorrect. [C:\Users\Octa476\Desktop\Random_generator_module\random_generator_project\random_generator_project.srcs\sim_1\new\tb_design_random.v:]
WARNING: [filemgmt 56-199] Attempt to get parsing info during refresh. "On-the-fly" syntax checking information may be incorrect. [C:\Users\Octa476\Desktop\Random_generator_module\random_generator_project\random_generator_project.srcs\sim_1\new\tb_design_random.v:]
ERROR: [Common 17-180] Spawn failed: No error
WARNING: [filemgmt 56-199] Attempt to get parsing info during refresh. "On-the-fly" syntax checking information may be incorrect. [C:\Users\Octa476\Desktop\Random_generator_module\random_generator_project\random_generator_project.srcs\sim_1\new\tb_design_random.v:]
WARNING: [filemgmt 56-199] Attempt to get parsing info during refresh. "On-the-fly" syntax checking information may be incorrect. [C:\Users\Octa476\Desktop\Random_generator_module\random_generator_project\random_generator_project.srcs\sources_1\new\inverter_jitter.v:]
WARNING: [filemgmt 56-199] Attempt to get parsing info during refresh. "On-the-fly" syntax checking information may be incorrect. [C:\Users\Octa476\Desktop\Random_generator_module\random_generator_project\random_generator_project.srcs\sim_1\new\tb_design_random.v:]
WARNING: [filemgmt 56-199] Attempt to get parsing info during refresh. "On-the-fly" syntax checking information may be incorrect. [C:\Users\Octa476\Desktop\Random_generator_module\random_generator_project\random_generator_project.srcs\sim_1\new\tb_design_random.v:]
ERROR: [Common 17-180] Spawn failed: No error
close_sim
INFO: xsimkernel Simulation Memory Usage: 37680 KB (Peak: 37680 KB), Simulation CPU Usage: 154171 ms
INFO: [Simtcl 6-16] Simulation closed
report_ip_status -name ip_status 
update_module_reference [get_ips  {design_random_inverter_jitter_rand_3_0 design_random_inverter_jitter_rand_0_0 design_random_inverter_jitter_rand_4_0 design_random_inverter_jitter_rand_11_0 design_random_inverter_jitter_rand_1_0 design_random_inverter_jitter_rand_2_0 design_random_inverter_jitter_rand_7_0 design_random_inverter_jitter_rand_5_0 design_random_inverter_jitter_rand_9_0 design_random_inverter_jitter_rand_12_0 design_random_inverter_jitter_rand_8_0 design_random_inverter_jitter_rand_6_0 design_random_inverter_jitter_rand_10_0}]
Upgrading 'C:/Users/Octa476/Desktop/Random_generator_module/random_generator_project/random_generator_project.srcs/sources_1/bd/design_random/design_random.bd'
INFO: [IP_Flow 19-3420] Updated design_random_inverter_jitter_rand_0_0 to use current project options
INFO: [IP_Flow 19-3420] Updated design_random_inverter_jitter_rand_10_0 to use current project options
INFO: [IP_Flow 19-3420] Updated design_random_inverter_jitter_rand_11_0 to use current project options
INFO: [IP_Flow 19-3420] Updated design_random_inverter_jitter_rand_12_0 to use current project options
INFO: [IP_Flow 19-3420] Updated design_random_inverter_jitter_rand_1_0 to use current project options
INFO: [IP_Flow 19-3420] Updated design_random_inverter_jitter_rand_2_0 to use current project options
INFO: [IP_Flow 19-3420] Updated design_random_inverter_jitter_rand_3_0 to use current project options
INFO: [IP_Flow 19-3420] Updated design_random_inverter_jitter_rand_4_0 to use current project options
INFO: [IP_Flow 19-3420] Updated design_random_inverter_jitter_rand_5_0 to use current project options
INFO: [IP_Flow 19-3420] Updated design_random_inverter_jitter_rand_6_0 to use current project options
INFO: [IP_Flow 19-3420] Updated design_random_inverter_jitter_rand_7_0 to use current project options
INFO: [IP_Flow 19-3420] Updated design_random_inverter_jitter_rand_8_0 to use current project options
INFO: [IP_Flow 19-3420] Updated design_random_inverter_jitter_rand_9_0 to use current project options
Wrote  : <C:\Users\Octa476\Desktop\Random_generator_module\random_generator_project\random_generator_project.srcs\sources_1\bd\design_random\design_random.bd> 
report_ip_status -name ip_status 
generate_target Simulation [get_files C:/Users/Octa476/Desktop/Random_generator_module/random_generator_project/random_generator_project.srcs/sources_1/bd/design_random/design_random.bd]
Wrote  : <C:\Users\Octa476\Desktop\Random_generator_module\random_generator_project\random_generator_project.srcs\sources_1\bd\design_random\design_random.bd> 
Wrote  : <C:/Users/Octa476/Desktop/Random_generator_module/random_generator_project/random_generator_project.srcs/sources_1/bd/design_random/ui/bd_32dbe44.ui> 
Verilog Output written to : c:/Users/Octa476/Desktop/Random_generator_module/random_generator_project/random_generator_project.gen/sources_1/bd/design_random/synth/design_random.v
Verilog Output written to : c:/Users/Octa476/Desktop/Random_generator_module/random_generator_project/random_generator_project.gen/sources_1/bd/design_random/sim/design_random.v
Verilog Output written to : c:/Users/Octa476/Desktop/Random_generator_module/random_generator_project/random_generator_project.gen/sources_1/bd/design_random/hdl/design_random_wrapper.v
INFO: [BD 41-1029] Generation completed for the IP Integrator block inverter_jitter_rand_0 .
INFO: [BD 41-1029] Generation completed for the IP Integrator block inverter_jitter_rand_1 .
INFO: [BD 41-1029] Generation completed for the IP Integrator block inverter_jitter_rand_2 .
INFO: [BD 41-1029] Generation completed for the IP Integrator block inverter_jitter_rand_3 .
INFO: [BD 41-1029] Generation completed for the IP Integrator block inverter_jitter_rand_4 .
INFO: [BD 41-1029] Generation completed for the IP Integrator block inverter_jitter_rand_5 .
INFO: [BD 41-1029] Generation completed for the IP Integrator block inverter_jitter_rand_6 .
INFO: [BD 41-1029] Generation completed for the IP Integrator block inverter_jitter_rand_7 .
INFO: [BD 41-1029] Generation completed for the IP Integrator block inverter_jitter_rand_8 .
INFO: [BD 41-1029] Generation completed for the IP Integrator block inverter_jitter_rand_9 .
INFO: [BD 41-1029] Generation completed for the IP Integrator block inverter_jitter_rand_10 .
INFO: [BD 41-1029] Generation completed for the IP Integrator block inverter_jitter_rand_11 .
INFO: [BD 41-1029] Generation completed for the IP Integrator block inverter_jitter_rand_12 .
Exporting to file c:/Users/Octa476/Desktop/Random_generator_module/random_generator_project/random_generator_project.gen/sources_1/bd/design_random/hw_handoff/design_random.hwh
Generated Hardware Definition File c:/Users/Octa476/Desktop/Random_generator_module/random_generator_project/random_generator_project.gen/sources_1/bd/design_random/synth/design_random.hwdef
export_ip_user_files -of_objects [get_files C:/Users/Octa476/Desktop/Random_generator_module/random_generator_project/random_generator_project.srcs/sources_1/bd/design_random/design_random.bd] -no_script -sync -force -quiet
export_simulation -of_objects [get_files C:/Users/Octa476/Desktop/Random_generator_module/random_generator_project/random_generator_project.srcs/sources_1/bd/design_random/design_random.bd] -directory C:/Users/Octa476/Desktop/Random_generator_module/random_generator_project/random_generator_project.ip_user_files/sim_scripts -ip_user_files_dir C:/Users/Octa476/Desktop/Random_generator_module/random_generator_project/random_generator_project.ip_user_files -ipstatic_source_dir C:/Users/Octa476/Desktop/Random_generator_module/random_generator_project/random_generator_project.ip_user_files/ipstatic -lib_map_path [list {modelsim=C:/Users/Octa476/Desktop/Random_generator_module/random_generator_project/random_generator_project.cache/compile_simlib/modelsim} {questa=C:/Users/Octa476/Desktop/Random_generator_module/random_generator_project/random_generator_project.cache/compile_simlib/questa} {riviera=C:/Users/Octa476/Desktop/Random_generator_module/random_generator_project/random_generator_project.cache/compile_simlib/riviera} {activehdl=C:/Users/Octa476/Desktop/Random_generator_module/random_generator_project/random_generator_project.cache/compile_simlib/activehdl}] -use_ip_compiled_libs -force -quiet
launch_simulation
Command: launch_simulation 
INFO: [Vivado 12-12493] Simulation top is 'tb_design_random'
WARNING: [Vivado 12-13340] Unable to auto find GCC executables from simulator install path! (path not set)
INFO: [Vivado 12-5682] Launching behavioral simulation in 'C:/Users/Octa476/Desktop/Random_generator_module/random_generator_project/random_generator_project.sim/sim_1/behav/xsim'
INFO: [Vivado 12-13660] Precompiled IP simulation library mode is enabled (default). The design IP libraries will be referenced from the compiled library path. Please note that if the precompiled version of the library is not found from the path or the IP is in locked state, then the library source files for these IPs will be compiled locally as part of the compile order.
INFO: [Vivado 12-4795] Using compiled simulation libraries for IPs
INFO: [SIM-utils-51] Simulation object is 'sim_1'
INFO: [SIM-utils-72] Using boost library from 'D:/Xilinx/Vivado/2024.2/tps/boost_1_72_0'
INFO: [USF-XSim-7] Finding pre-compiled libraries...
INFO: [USF-XSim-11] File 'D:/Xilinx/Vivado/2024.2/data/xsim/xsim.ini' copied to run dir:'C:/Users/Octa476/Desktop/Random_generator_module/random_generator_project/random_generator_project.sim/sim_1/behav/xsim'
INFO: [SIM-utils-54] Inspecting design source files for 'tb_design_random' in fileset 'sim_1'...
INFO: [USF-XSim-97] Finding global include files...
INFO: [USF-XSim-98] Fetching design files from 'sim_1'...
INFO: [USF-XSim-2] XSim::Compile design
INFO: [USF-XSim-61] Executing 'COMPILE and ANALYZE' step in 'C:/Users/Octa476/Desktop/Random_generator_module/random_generator_project/random_generator_project.sim/sim_1/behav/xsim'
"xvlog --incr --relax -prj tb_design_random_vlog.prj"
INFO: [VRFC 10-2263] Analyzing Verilog file "C:/Users/Octa476/Desktop/Random_generator_module/random_generator_project/random_generator_project.srcs/sources_1/new/nand_module.v" into library xil_defaultlib
INFO: [VRFC 10-311] analyzing module nand_module
INFO: [VRFC 10-2263] Analyzing Verilog file "C:/Users/Octa476/Desktop/Random_generator_module/random_generator_project/random_generator_project.srcs/sources_1/new/xor_4.v" into library xil_defaultlib
INFO: [VRFC 10-311] analyzing module xor_4
INFO: [VRFC 10-2263] Analyzing Verilog file "C:/Users/Octa476/Desktop/Random_generator_module/random_generator_project/random_generator_project.srcs/sources_1/new/xor_3.v" into library xil_defaultlib
INFO: [VRFC 10-311] analyzing module xor_3
INFO: [VRFC 10-2263] Analyzing Verilog file "C:/Users/Octa476/Desktop/Random_generator_module/random_generator_project/random_generator_project.srcs/sources_1/new/inverter_jitter.v" into library xil_defaultlib
INFO: [VRFC 10-311] analyzing module inverter_jitter_random
WARNING: [VRFC 10-2500] empty parameter declaration is only allowed in SystemVerilog mode [C:/Users/Octa476/Desktop/Random_generator_module/random_generator_project/random_generator_project.srcs/sources_1/new/inverter_jitter.v:23]
INFO: [VRFC 10-2263] Analyzing Verilog file "C:/Users/Octa476/Desktop/Random_generator_module/random_generator_project/random_generator_project.srcs/sources_1/new/dff_module1.v" into library xil_defaultlib
INFO: [VRFC 10-311] analyzing module dff_module1
INFO: [VRFC 10-2263] Analyzing Verilog file "C:/Users/Octa476/Desktop/Random_generator_module/random_generator_project/random_generator_project.ip_user_files/bd/design_random/ip/design_random_nand_module_0_0/sim/design_random_nand_module_0_0.v" into library xil_defaultlib
INFO: [VRFC 10-311] analyzing module design_random_nand_module_0_0
INFO: [VRFC 10-2263] Analyzing Verilog file "C:/Users/Octa476/Desktop/Random_generator_module/random_generator_project/random_generator_project.ip_user_files/bd/design_random/ip/design_random_nand_module_1_0/sim/design_random_nand_module_1_0.v" into library xil_defaultlib
INFO: [VRFC 10-311] analyzing module design_random_nand_module_1_0
INFO: [VRFC 10-2263] Analyzing Verilog file "C:/Users/Octa476/Desktop/Random_generator_module/random_generator_project/random_generator_project.ip_user_files/bd/design_random/ip/design_random_nand_module_2_0/sim/design_random_nand_module_2_0.v" into library xil_defaultlib
INFO: [VRFC 10-311] analyzing module design_random_nand_module_2_0
INFO: [VRFC 10-2263] Analyzing Verilog file "C:/Users/Octa476/Desktop/Random_generator_module/random_generator_project/random_generator_project.ip_user_files/bd/design_random/ip/design_random_nand_module_3_0/sim/design_random_nand_module_3_0.v" into library xil_defaultlib
INFO: [VRFC 10-311] analyzing module design_random_nand_module_3_0
INFO: [VRFC 10-2263] Analyzing Verilog file "C:/Users/Octa476/Desktop/Random_generator_module/random_generator_project/random_generator_project.ip_user_files/bd/design_random/ip/design_random_xor_4_0_0/sim/design_random_xor_4_0_0.v" into library xil_defaultlib
INFO: [VRFC 10-311] analyzing module design_random_xor_4_0_0
INFO: [VRFC 10-2263] Analyzing Verilog file "C:/Users/Octa476/Desktop/Random_generator_module/random_generator_project/random_generator_project.ip_user_files/bd/design_random/ip/design_random_nand_module_5_0/sim/design_random_nand_module_5_0.v" into library xil_defaultlib
INFO: [VRFC 10-311] analyzing module design_random_nand_module_5_0
INFO: [VRFC 10-2263] Analyzing Verilog file "C:/Users/Octa476/Desktop/Random_generator_module/random_generator_project/random_generator_project.ip_user_files/bd/design_random/ip/design_random_nand_module_6_0/sim/design_random_nand_module_6_0.v" into library xil_defaultlib
INFO: [VRFC 10-311] analyzing module design_random_nand_module_6_0
INFO: [VRFC 10-2263] Analyzing Verilog file "C:/Users/Octa476/Desktop/Random_generator_module/random_generator_project/random_generator_project.ip_user_files/bd/design_random/ip/design_random_xor_3_0_0/sim/design_random_xor_3_0_0.v" into library xil_defaultlib
INFO: [VRFC 10-311] analyzing module design_random_xor_3_0_0
INFO: [VRFC 10-2263] Analyzing Verilog file "C:/Users/Octa476/Desktop/Random_generator_module/random_generator_project/random_generator_project.ip_user_files/bd/design_random/ip/design_random_inverter_jitter_rand_0_0/sim/design_random_inverter_jitter_rand_0_0.v" into library xil_defaultlib
INFO: [VRFC 10-311] analyzing module design_random_inverter_jitter_rand_0_0
INFO: [VRFC 10-2263] Analyzing Verilog file "C:/Users/Octa476/Desktop/Random_generator_module/random_generator_project/random_generator_project.ip_user_files/bd/design_random/ip/design_random_inverter_jitter_rand_1_0/sim/design_random_inverter_jitter_rand_1_0.v" into library xil_defaultlib
INFO: [VRFC 10-311] analyzing module design_random_inverter_jitter_rand_1_0
INFO: [VRFC 10-2263] Analyzing Verilog file "C:/Users/Octa476/Desktop/Random_generator_module/random_generator_project/random_generator_project.ip_user_files/bd/design_random/ip/design_random_inverter_jitter_rand_2_0/sim/design_random_inverter_jitter_rand_2_0.v" into library xil_defaultlib
INFO: [VRFC 10-311] analyzing module design_random_inverter_jitter_rand_2_0
INFO: [VRFC 10-2263] Analyzing Verilog file "C:/Users/Octa476/Desktop/Random_generator_module/random_generator_project/random_generator_project.ip_user_files/bd/design_random/ip/design_random_inverter_jitter_rand_3_0/sim/design_random_inverter_jitter_rand_3_0.v" into library xil_defaultlib
INFO: [VRFC 10-311] analyzing module design_random_inverter_jitter_rand_3_0
INFO: [VRFC 10-2263] Analyzing Verilog file "C:/Users/Octa476/Desktop/Random_generator_module/random_generator_project/random_generator_project.ip_user_files/bd/design_random/ip/design_random_inverter_jitter_rand_4_0/sim/design_random_inverter_jitter_rand_4_0.v" into library xil_defaultlib
INFO: [VRFC 10-311] analyzing module design_random_inverter_jitter_rand_4_0
INFO: [VRFC 10-2263] Analyzing Verilog file "C:/Users/Octa476/Desktop/Random_generator_module/random_generator_project/random_generator_project.ip_user_files/bd/design_random/ip/design_random_inverter_jitter_rand_5_0/sim/design_random_inverter_jitter_rand_5_0.v" into library xil_defaultlib
INFO: [VRFC 10-311] analyzing module design_random_inverter_jitter_rand_5_0
INFO: [VRFC 10-2263] Analyzing Verilog file "C:/Users/Octa476/Desktop/Random_generator_module/random_generator_project/random_generator_project.ip_user_files/bd/design_random/ip/design_random_inverter_jitter_rand_6_0/sim/design_random_inverter_jitter_rand_6_0.v" into library xil_defaultlib
INFO: [VRFC 10-311] analyzing module design_random_inverter_jitter_rand_6_0
INFO: [VRFC 10-2263] Analyzing Verilog file "C:/Users/Octa476/Desktop/Random_generator_module/random_generator_project/random_generator_project.ip_user_files/bd/design_random/ip/design_random_inverter_jitter_rand_7_0/sim/design_random_inverter_jitter_rand_7_0.v" into library xil_defaultlib
INFO: [VRFC 10-311] analyzing module design_random_inverter_jitter_rand_7_0
INFO: [VRFC 10-2263] Analyzing Verilog file "C:/Users/Octa476/Desktop/Random_generator_module/random_generator_project/random_generator_project.ip_user_files/bd/design_random/ip/design_random_inverter_jitter_rand_8_0/sim/design_random_inverter_jitter_rand_8_0.v" into library xil_defaultlib
INFO: [VRFC 10-311] analyzing module design_random_inverter_jitter_rand_8_0
INFO: [VRFC 10-2263] Analyzing Verilog file "C:/Users/Octa476/Desktop/Random_generator_module/random_generator_project/random_generator_project.ip_user_files/bd/design_random/ip/design_random_inverter_jitter_rand_9_0/sim/design_random_inverter_jitter_rand_9_0.v" into library xil_defaultlib
INFO: [VRFC 10-311] analyzing module design_random_inverter_jitter_rand_9_0
INFO: [VRFC 10-2263] Analyzing Verilog file "C:/Users/Octa476/Desktop/Random_generator_module/random_generator_project/random_generator_project.ip_user_files/bd/design_random/ip/design_random_inverter_jitter_rand_10_0/sim/design_random_inverter_jitter_rand_10_0.v" into library xil_defaultlib
INFO: [VRFC 10-311] analyzing module design_random_inverter_jitter_rand_10_0
INFO: [VRFC 10-2263] Analyzing Verilog file "C:/Users/Octa476/Desktop/Random_generator_module/random_generator_project/random_generator_project.ip_user_files/bd/design_random/ip/design_random_inverter_jitter_rand_11_0/sim/design_random_inverter_jitter_rand_11_0.v" into library xil_defaultlib
INFO: [VRFC 10-311] analyzing module design_random_inverter_jitter_rand_11_0
INFO: [VRFC 10-2263] Analyzing Verilog file "C:/Users/Octa476/Desktop/Random_generator_module/random_generator_project/random_generator_project.ip_user_files/bd/design_random/ip/design_random_inverter_jitter_rand_12_0/sim/design_random_inverter_jitter_rand_12_0.v" into library xil_defaultlib
INFO: [VRFC 10-311] analyzing module design_random_inverter_jitter_rand_12_0
INFO: [VRFC 10-2263] Analyzing Verilog file "C:/Users/Octa476/Desktop/Random_generator_module/random_generator_project/random_generator_project.ip_user_files/bd/design_random/ip/design_random_dff_module1_0_0/sim/design_random_dff_module1_0_0.v" into library xil_defaultlib
INFO: [VRFC 10-311] analyzing module design_random_dff_module1_0_0
INFO: [VRFC 10-2263] Analyzing Verilog file "C:/Users/Octa476/Desktop/Random_generator_module/random_generator_project/random_generator_project.ip_user_files/bd/design_random/ip/design_random_dff_module1_1_0/sim/design_random_dff_module1_1_0.v" into library xil_defaultlib
INFO: [VRFC 10-311] analyzing module design_random_dff_module1_1_0
INFO: [VRFC 10-2263] Analyzing Verilog file "C:/Users/Octa476/Desktop/Random_generator_module/random_generator_project/random_generator_project.ip_user_files/bd/design_random/ip/design_random_dff_module1_2_0/sim/design_random_dff_module1_2_0.v" into library xil_defaultlib
INFO: [VRFC 10-311] analyzing module design_random_dff_module1_2_0
INFO: [VRFC 10-2263] Analyzing Verilog file "C:/Users/Octa476/Desktop/Random_generator_module/random_generator_project/random_generator_project.ip_user_files/bd/design_random/ip/design_random_dff_module1_3_0/sim/design_random_dff_module1_3_0.v" into library xil_defaultlib
INFO: [VRFC 10-311] analyzing module design_random_dff_module1_3_0
INFO: [VRFC 10-2263] Analyzing Verilog file "C:/Users/Octa476/Desktop/Random_generator_module/random_generator_project/random_generator_project.ip_user_files/bd/design_random/ip/design_random_dff_module1_4_0/sim/design_random_dff_module1_4_0.v" into library xil_defaultlib
INFO: [VRFC 10-311] analyzing module design_random_dff_module1_4_0
INFO: [VRFC 10-2263] Analyzing Verilog file "C:/Users/Octa476/Desktop/Random_generator_module/random_generator_project/random_generator_project.ip_user_files/bd/design_random/ip/design_random_dff_module1_5_0/sim/design_random_dff_module1_5_0.v" into library xil_defaultlib
INFO: [VRFC 10-311] analyzing module design_random_dff_module1_5_0
INFO: [VRFC 10-2263] Analyzing Verilog file "C:/Users/Octa476/Desktop/Random_generator_module/random_generator_project/random_generator_project.ip_user_files/bd/design_random/ip/design_random_dff_module1_6_0/sim/design_random_dff_module1_6_0.v" into library xil_defaultlib
INFO: [VRFC 10-311] analyzing module design_random_dff_module1_6_0
INFO: [VRFC 10-2263] Analyzing Verilog file "C:/Users/Octa476/Desktop/Random_generator_module/random_generator_project/random_generator_project.ip_user_files/bd/design_random/sim/design_random.v" into library xil_defaultlib
INFO: [VRFC 10-311] analyzing module design_random
INFO: [VRFC 10-2263] Analyzing Verilog file "C:/Users/Octa476/Desktop/Random_generator_module/random_generator_project/random_generator_project.gen/sources_1/bd/design_random/hdl/design_random_wrapper.v" into library xil_defaultlib
INFO: [VRFC 10-311] analyzing module design_random_wrapper
INFO: [VRFC 10-2263] Analyzing Verilog file "C:/Users/Octa476/Desktop/Random_generator_module/random_generator_project/random_generator_project.srcs/sim_1/new/tb_design_random.v" into library xil_defaultlib
INFO: [VRFC 10-311] analyzing module tb_design_random
run_program: Time (s): cpu = 00:00:00 ; elapsed = 00:00:05 . Memory (MB): peak = 2485.668 ; gain = 0.000
INFO: [USF-XSim-69] 'compile' step finished in '5' seconds
INFO: [USF-XSim-3] XSim::Elaborate design
INFO: [USF-XSim-61] Executing 'ELABORATE' step in 'C:/Users/Octa476/Desktop/Random_generator_module/random_generator_project/random_generator_project.sim/sim_1/behav/xsim'
"xelab --incr --debug typical --relax --mt 2 -L xil_defaultlib -L unisims_ver -L unimacro_ver -L secureip -L xpm --snapshot tb_design_random_behav xil_defaultlib.tb_design_random xil_defaultlib.glbl -log elaborate.log"
Vivado Simulator v2024.2.0
Copyright 1986-2022 Xilinx, Inc. All Rights Reserved.
Copyright 2022-2024 Advanced Micro Devices, Inc. All Rights Reserved.
Running: D:/Xilinx/Vivado/2024.2/bin/unwrapped/win64.o/xelab.exe --incr --debug typical --relax --mt 2 -L xil_defaultlib -L unisims_ver -L unimacro_ver -L secureip -L xpm --snapshot tb_design_random_behav xil_defaultlib.tb_design_random xil_defaultlib.glbl -log elaborate.log 
Using 2 slave threads.
Starting static elaboration
Pass Through NonSizing Optimizer
Completed static elaboration
Starting simulation data flow analysis
Completed simulation data flow analysis
Time Resolution for simulation is 1ps
Compiling module xil_defaultlib.dff_module1
Compiling module xil_defaultlib.design_random_dff_module1_0_0
Compiling module xil_defaultlib.design_random_dff_module1_1_0
Compiling module xil_defaultlib.design_random_dff_module1_2_0
Compiling module xil_defaultlib.design_random_dff_module1_3_0
Compiling module xil_defaultlib.design_random_dff_module1_4_0
Compiling module xil_defaultlib.design_random_dff_module1_5_0
Compiling module xil_defaultlib.design_random_dff_module1_6_0
Compiling module xil_defaultlib.inverter_jitter_random
Compiling module xil_defaultlib.design_random_inverter_jitter_ra...
Compiling module xil_defaultlib.design_random_inverter_jitter_ra...
Compiling module xil_defaultlib.design_random_inverter_jitter_ra...
Compiling module xil_defaultlib.design_random_inverter_jitter_ra...
Compiling module xil_defaultlib.design_random_inverter_jitter_ra...
Compiling module xil_defaultlib.design_random_inverter_jitter_ra...
Compiling module xil_defaultlib.design_random_inverter_jitter_ra...
Compiling module xil_defaultlib.design_random_inverter_jitter_ra...
Compiling module xil_defaultlib.design_random_inverter_jitter_ra...
Compiling module xil_defaultlib.design_random_inverter_jitter_ra...
Compiling module xil_defaultlib.design_random_inverter_jitter_ra...
Compiling module xil_defaultlib.design_random_inverter_jitter_ra...
Compiling module xil_defaultlib.design_random_inverter_jitter_ra...
Compiling module xil_defaultlib.nand_module
Compiling module xil_defaultlib.design_random_nand_module_0_0
Compiling module xil_defaultlib.design_random_nand_module_1_0
Compiling module xil_defaultlib.design_random_nand_module_2_0
Compiling module xil_defaultlib.design_random_nand_module_3_0
Compiling module xil_defaultlib.design_random_nand_module_5_0
Compiling module xil_defaultlib.design_random_nand_module_6_0
Compiling module xil_defaultlib.xor_3
Compiling module xil_defaultlib.design_random_xor_3_0_0
Compiling module xil_defaultlib.xor_4
Compiling module xil_defaultlib.design_random_xor_4_0_0
Compiling module xil_defaultlib.design_random
Compiling module xil_defaultlib.design_random_wrapper
Compiling module xil_defaultlib.tb_design_random
Compiling module xil_defaultlib.glbl
Built simulation snapshot tb_design_random_behav
INFO: [USF-XSim-69] 'elaborate' step finished in '5' seconds
INFO: [USF-XSim-4] XSim::Simulate design
INFO: [USF-XSim-61] Executing 'SIMULATE' step in 'C:/Users/Octa476/Desktop/Random_generator_module/random_generator_project/random_generator_project.sim/sim_1/behav/xsim'
INFO: [USF-XSim-98] *** Running xsim
   with args "tb_design_random_behav -key {Behavioral:sim_1:Functional:tb_design_random} -tclbatch {tb_design_random.tcl} -protoinst "protoinst_files/design_random.protoinst" -log {simulate.log}"
INFO: [USF-XSim-8] Loading simulator feature
INFO: [Wavedata 42-565] Reading protoinst file protoinst_files/design_random.protoinst
Time resolution is 1 ps
source tb_design_random.tcl
# set curr_wave [current_wave_config]
# if { [string length $curr_wave] == 0 } {
#   if { [llength [get_objects]] > 0} {
#     add_wave /
#     set_property needs_save false [current_wave_config]
#   } else {
#      send_msg_id Add_Wave-1 WARNING "No top level signals found. Simulator will start without a wave window. If you want to open a wave window go to 'File->New Waveform Configuration' or type 'create_wave_config' in the TCL console."
#   }
# }
# run 1000ns
INFO: [USF-XSim-96] XSim completed. Design snapshot 'tb_design_random_behav' loaded.
INFO: [USF-XSim-97] XSim simulation ran for 1000ns
launch_simulation: Time (s): cpu = 00:00:11 ; elapsed = 00:00:17 . Memory (MB): peak = 2485.668 ; gain = 0.000
WARNING: [filemgmt 56-199] Attempt to get parsing info during refresh. "On-the-fly" syntax checking information may be incorrect. [C:\Users\Octa476\Desktop\Random_generator_module\random_generator_project\random_generator_project.srcs\sim_1\new\tb_design_random.v:]
WARNING: [filemgmt 56-199] Attempt to get parsing info during refresh. "On-the-fly" syntax checking information may be incorrect. [C:\Users\Octa476\Desktop\Random_generator_module\random_generator_project\random_generator_project.srcs\sources_1\new\inverter_jitter.v:]
WARNING: [filemgmt 56-199] Attempt to get parsing info during refresh. "On-the-fly" syntax checking information may be incorrect. [C:\Users\Octa476\Desktop\Random_generator_module\random_generator_project\random_generator_project.srcs\sim_1\new\tb_design_random.v:]
WARNING: [filemgmt 56-199] Attempt to get parsing info during refresh. "On-the-fly" syntax checking information may be incorrect. [C:\Users\Octa476\Desktop\Random_generator_module\random_generator_project\random_generator_project.srcs\sim_1\new\tb_design_random.v:]
ERROR: [Common 17-180] Spawn failed: No error
WARNING: [filemgmt 56-199] Attempt to get parsing info during refresh. "On-the-fly" syntax checking information may be incorrect. [C:\Users\Octa476\Desktop\Random_generator_module\random_generator_project\random_generator_project.srcs\sim_1\new\tb_design_random.v:]
WARNING: [filemgmt 56-199] Attempt to get parsing info during refresh. "On-the-fly" syntax checking information may be incorrect. [C:\Users\Octa476\Desktop\Random_generator_module\random_generator_project\random_generator_project.srcs\sources_1\new\inverter_jitter.v:]
WARNING: [filemgmt 56-199] Attempt to get parsing info during refresh. "On-the-fly" syntax checking information may be incorrect. [C:\Users\Octa476\Desktop\Random_generator_module\random_generator_project\random_generator_project.srcs\sim_1\new\tb_design_random.v:]
WARNING: [filemgmt 56-199] Attempt to get parsing info during refresh. "On-the-fly" syntax checking information may be incorrect. [C:\Users\Octa476\Desktop\Random_generator_module\random_generator_project\random_generator_project.srcs\sim_1\new\tb_design_random.v:]
ERROR: [Common 17-180] Spawn failed: No error
close_sim
INFO: [Simtcl 6-16] Simulation closed
report_ip_status -name ip_status 
update_module_reference [get_ips  {design_random_inverter_jitter_rand_3_0 design_random_inverter_jitter_rand_0_0 design_random_inverter_jitter_rand_4_0 design_random_inverter_jitter_rand_11_0 design_random_inverter_jitter_rand_1_0 design_random_inverter_jitter_rand_2_0 design_random_inverter_jitter_rand_7_0 design_random_inverter_jitter_rand_5_0 design_random_inverter_jitter_rand_9_0 design_random_inverter_jitter_rand_12_0 design_random_inverter_jitter_rand_8_0 design_random_inverter_jitter_rand_6_0 design_random_inverter_jitter_rand_10_0}]
Upgrading 'C:/Users/Octa476/Desktop/Random_generator_module/random_generator_project/random_generator_project.srcs/sources_1/bd/design_random/design_random.bd'
INFO: [IP_Flow 19-3420] Updated design_random_inverter_jitter_rand_0_0 to use current project options
INFO: [IP_Flow 19-3420] Updated design_random_inverter_jitter_rand_10_0 to use current project options
INFO: [IP_Flow 19-3420] Updated design_random_inverter_jitter_rand_11_0 to use current project options
INFO: [IP_Flow 19-3420] Updated design_random_inverter_jitter_rand_12_0 to use current project options
INFO: [IP_Flow 19-3420] Updated design_random_inverter_jitter_rand_1_0 to use current project options
INFO: [IP_Flow 19-3420] Updated design_random_inverter_jitter_rand_2_0 to use current project options
INFO: [IP_Flow 19-3420] Updated design_random_inverter_jitter_rand_3_0 to use current project options
INFO: [IP_Flow 19-3420] Updated design_random_inverter_jitter_rand_4_0 to use current project options
INFO: [IP_Flow 19-3420] Updated design_random_inverter_jitter_rand_5_0 to use current project options
INFO: [IP_Flow 19-3420] Updated design_random_inverter_jitter_rand_6_0 to use current project options
INFO: [IP_Flow 19-3420] Updated design_random_inverter_jitter_rand_7_0 to use current project options
INFO: [IP_Flow 19-3420] Updated design_random_inverter_jitter_rand_8_0 to use current project options
INFO: [IP_Flow 19-3420] Updated design_random_inverter_jitter_rand_9_0 to use current project options
Wrote  : <C:\Users\Octa476\Desktop\Random_generator_module\random_generator_project\random_generator_project.srcs\sources_1\bd\design_random\design_random.bd> 
update_module_reference: Time (s): cpu = 00:00:06 ; elapsed = 00:00:08 . Memory (MB): peak = 2514.344 ; gain = 0.000
report_ip_status -name ip_status 
generate_target Simulation [get_files C:/Users/Octa476/Desktop/Random_generator_module/random_generator_project/random_generator_project.srcs/sources_1/bd/design_random/design_random.bd]
Wrote  : <C:\Users\Octa476\Desktop\Random_generator_module\random_generator_project\random_generator_project.srcs\sources_1\bd\design_random\design_random.bd> 
Verilog Output written to : c:/Users/Octa476/Desktop/Random_generator_module/random_generator_project/random_generator_project.gen/sources_1/bd/design_random/synth/design_random.v
Verilog Output written to : c:/Users/Octa476/Desktop/Random_generator_module/random_generator_project/random_generator_project.gen/sources_1/bd/design_random/sim/design_random.v
Verilog Output written to : c:/Users/Octa476/Desktop/Random_generator_module/random_generator_project/random_generator_project.gen/sources_1/bd/design_random/hdl/design_random_wrapper.v
INFO: [BD 41-1029] Generation completed for the IP Integrator block inverter_jitter_rand_0 .
INFO: [BD 41-1029] Generation completed for the IP Integrator block inverter_jitter_rand_1 .
INFO: [BD 41-1029] Generation completed for the IP Integrator block inverter_jitter_rand_2 .
INFO: [BD 41-1029] Generation completed for the IP Integrator block inverter_jitter_rand_3 .
INFO: [BD 41-1029] Generation completed for the IP Integrator block inverter_jitter_rand_4 .
INFO: [BD 41-1029] Generation completed for the IP Integrator block inverter_jitter_rand_5 .
INFO: [BD 41-1029] Generation completed for the IP Integrator block inverter_jitter_rand_6 .
INFO: [BD 41-1029] Generation completed for the IP Integrator block inverter_jitter_rand_7 .
INFO: [BD 41-1029] Generation completed for the IP Integrator block inverter_jitter_rand_8 .
INFO: [BD 41-1029] Generation completed for the IP Integrator block inverter_jitter_rand_9 .
INFO: [BD 41-1029] Generation completed for the IP Integrator block inverter_jitter_rand_10 .
INFO: [BD 41-1029] Generation completed for the IP Integrator block inverter_jitter_rand_11 .
INFO: [BD 41-1029] Generation completed for the IP Integrator block inverter_jitter_rand_12 .
Exporting to file c:/Users/Octa476/Desktop/Random_generator_module/random_generator_project/random_generator_project.gen/sources_1/bd/design_random/hw_handoff/design_random.hwh
Generated Hardware Definition File c:/Users/Octa476/Desktop/Random_generator_module/random_generator_project/random_generator_project.gen/sources_1/bd/design_random/synth/design_random.hwdef
export_ip_user_files -of_objects [get_files C:/Users/Octa476/Desktop/Random_generator_module/random_generator_project/random_generator_project.srcs/sources_1/bd/design_random/design_random.bd] -no_script -sync -force -quiet
export_simulation -of_objects [get_files C:/Users/Octa476/Desktop/Random_generator_module/random_generator_project/random_generator_project.srcs/sources_1/bd/design_random/design_random.bd] -directory C:/Users/Octa476/Desktop/Random_generator_module/random_generator_project/random_generator_project.ip_user_files/sim_scripts -ip_user_files_dir C:/Users/Octa476/Desktop/Random_generator_module/random_generator_project/random_generator_project.ip_user_files -ipstatic_source_dir C:/Users/Octa476/Desktop/Random_generator_module/random_generator_project/random_generator_project.ip_user_files/ipstatic -lib_map_path [list {modelsim=C:/Users/Octa476/Desktop/Random_generator_module/random_generator_project/random_generator_project.cache/compile_simlib/modelsim} {questa=C:/Users/Octa476/Desktop/Random_generator_module/random_generator_project/random_generator_project.cache/compile_simlib/questa} {riviera=C:/Users/Octa476/Desktop/Random_generator_module/random_generator_project/random_generator_project.cache/compile_simlib/riviera} {activehdl=C:/Users/Octa476/Desktop/Random_generator_module/random_generator_project/random_generator_project.cache/compile_simlib/activehdl}] -use_ip_compiled_libs -force -quiet
launch_simulation
Command: launch_simulation 
INFO: [Vivado 12-12493] Simulation top is 'tb_design_random'
WARNING: [Vivado 12-13340] Unable to auto find GCC executables from simulator install path! (path not set)
INFO: [Vivado 12-5682] Launching behavioral simulation in 'C:/Users/Octa476/Desktop/Random_generator_module/random_generator_project/random_generator_project.sim/sim_1/behav/xsim'
INFO: [Vivado 12-13660] Precompiled IP simulation library mode is enabled (default). The design IP libraries will be referenced from the compiled library path. Please note that if the precompiled version of the library is not found from the path or the IP is in locked state, then the library source files for these IPs will be compiled locally as part of the compile order.
INFO: [Vivado 12-4795] Using compiled simulation libraries for IPs
INFO: [SIM-utils-51] Simulation object is 'sim_1'
INFO: [SIM-utils-72] Using boost library from 'D:/Xilinx/Vivado/2024.2/tps/boost_1_72_0'
INFO: [USF-XSim-7] Finding pre-compiled libraries...
INFO: [USF-XSim-11] File 'D:/Xilinx/Vivado/2024.2/data/xsim/xsim.ini' copied to run dir:'C:/Users/Octa476/Desktop/Random_generator_module/random_generator_project/random_generator_project.sim/sim_1/behav/xsim'
INFO: [SIM-utils-54] Inspecting design source files for 'tb_design_random' in fileset 'sim_1'...
INFO: [USF-XSim-97] Finding global include files...
INFO: [USF-XSim-98] Fetching design files from 'sim_1'...
INFO: [USF-XSim-2] XSim::Compile design
INFO: [USF-XSim-61] Executing 'COMPILE and ANALYZE' step in 'C:/Users/Octa476/Desktop/Random_generator_module/random_generator_project/random_generator_project.sim/sim_1/behav/xsim'
"xvlog --incr --relax -prj tb_design_random_vlog.prj"
INFO: [VRFC 10-2263] Analyzing Verilog file "C:/Users/Octa476/Desktop/Random_generator_module/random_generator_project/random_generator_project.srcs/sources_1/new/nand_module.v" into library xil_defaultlib
INFO: [VRFC 10-311] analyzing module nand_module
INFO: [VRFC 10-2263] Analyzing Verilog file "C:/Users/Octa476/Desktop/Random_generator_module/random_generator_project/random_generator_project.srcs/sources_1/new/xor_4.v" into library xil_defaultlib
INFO: [VRFC 10-311] analyzing module xor_4
INFO: [VRFC 10-2263] Analyzing Verilog file "C:/Users/Octa476/Desktop/Random_generator_module/random_generator_project/random_generator_project.srcs/sources_1/new/xor_3.v" into library xil_defaultlib
INFO: [VRFC 10-311] analyzing module xor_3
INFO: [VRFC 10-2263] Analyzing Verilog file "C:/Users/Octa476/Desktop/Random_generator_module/random_generator_project/random_generator_project.srcs/sources_1/new/inverter_jitter.v" into library xil_defaultlib
INFO: [VRFC 10-311] analyzing module inverter_jitter_random
WARNING: [VRFC 10-2500] empty parameter declaration is only allowed in SystemVerilog mode [C:/Users/Octa476/Desktop/Random_generator_module/random_generator_project/random_generator_project.srcs/sources_1/new/inverter_jitter.v:23]
INFO: [VRFC 10-2263] Analyzing Verilog file "C:/Users/Octa476/Desktop/Random_generator_module/random_generator_project/random_generator_project.srcs/sources_1/new/dff_module1.v" into library xil_defaultlib
INFO: [VRFC 10-311] analyzing module dff_module1
INFO: [VRFC 10-2263] Analyzing Verilog file "C:/Users/Octa476/Desktop/Random_generator_module/random_generator_project/random_generator_project.ip_user_files/bd/design_random/ip/design_random_nand_module_0_0/sim/design_random_nand_module_0_0.v" into library xil_defaultlib
INFO: [VRFC 10-311] analyzing module design_random_nand_module_0_0
INFO: [VRFC 10-2263] Analyzing Verilog file "C:/Users/Octa476/Desktop/Random_generator_module/random_generator_project/random_generator_project.ip_user_files/bd/design_random/ip/design_random_nand_module_1_0/sim/design_random_nand_module_1_0.v" into library xil_defaultlib
INFO: [VRFC 10-311] analyzing module design_random_nand_module_1_0
INFO: [VRFC 10-2263] Analyzing Verilog file "C:/Users/Octa476/Desktop/Random_generator_module/random_generator_project/random_generator_project.ip_user_files/bd/design_random/ip/design_random_nand_module_2_0/sim/design_random_nand_module_2_0.v" into library xil_defaultlib
INFO: [VRFC 10-311] analyzing module design_random_nand_module_2_0
INFO: [VRFC 10-2263] Analyzing Verilog file "C:/Users/Octa476/Desktop/Random_generator_module/random_generator_project/random_generator_project.ip_user_files/bd/design_random/ip/design_random_nand_module_3_0/sim/design_random_nand_module_3_0.v" into library xil_defaultlib
INFO: [VRFC 10-311] analyzing module design_random_nand_module_3_0
INFO: [VRFC 10-2263] Analyzing Verilog file "C:/Users/Octa476/Desktop/Random_generator_module/random_generator_project/random_generator_project.ip_user_files/bd/design_random/ip/design_random_xor_4_0_0/sim/design_random_xor_4_0_0.v" into library xil_defaultlib
INFO: [VRFC 10-311] analyzing module design_random_xor_4_0_0
INFO: [VRFC 10-2263] Analyzing Verilog file "C:/Users/Octa476/Desktop/Random_generator_module/random_generator_project/random_generator_project.ip_user_files/bd/design_random/ip/design_random_nand_module_5_0/sim/design_random_nand_module_5_0.v" into library xil_defaultlib
INFO: [VRFC 10-311] analyzing module design_random_nand_module_5_0
INFO: [VRFC 10-2263] Analyzing Verilog file "C:/Users/Octa476/Desktop/Random_generator_module/random_generator_project/random_generator_project.ip_user_files/bd/design_random/ip/design_random_nand_module_6_0/sim/design_random_nand_module_6_0.v" into library xil_defaultlib
INFO: [VRFC 10-311] analyzing module design_random_nand_module_6_0
INFO: [VRFC 10-2263] Analyzing Verilog file "C:/Users/Octa476/Desktop/Random_generator_module/random_generator_project/random_generator_project.ip_user_files/bd/design_random/ip/design_random_xor_3_0_0/sim/design_random_xor_3_0_0.v" into library xil_defaultlib
INFO: [VRFC 10-311] analyzing module design_random_xor_3_0_0
INFO: [VRFC 10-2263] Analyzing Verilog file "C:/Users/Octa476/Desktop/Random_generator_module/random_generator_project/random_generator_project.ip_user_files/bd/design_random/ip/design_random_inverter_jitter_rand_0_0/sim/design_random_inverter_jitter_rand_0_0.v" into library xil_defaultlib
INFO: [VRFC 10-311] analyzing module design_random_inverter_jitter_rand_0_0
INFO: [VRFC 10-2263] Analyzing Verilog file "C:/Users/Octa476/Desktop/Random_generator_module/random_generator_project/random_generator_project.ip_user_files/bd/design_random/ip/design_random_inverter_jitter_rand_1_0/sim/design_random_inverter_jitter_rand_1_0.v" into library xil_defaultlib
INFO: [VRFC 10-311] analyzing module design_random_inverter_jitter_rand_1_0
INFO: [VRFC 10-2263] Analyzing Verilog file "C:/Users/Octa476/Desktop/Random_generator_module/random_generator_project/random_generator_project.ip_user_files/bd/design_random/ip/design_random_inverter_jitter_rand_2_0/sim/design_random_inverter_jitter_rand_2_0.v" into library xil_defaultlib
INFO: [VRFC 10-311] analyzing module design_random_inverter_jitter_rand_2_0
INFO: [VRFC 10-2263] Analyzing Verilog file "C:/Users/Octa476/Desktop/Random_generator_module/random_generator_project/random_generator_project.ip_user_files/bd/design_random/ip/design_random_inverter_jitter_rand_3_0/sim/design_random_inverter_jitter_rand_3_0.v" into library xil_defaultlib
INFO: [VRFC 10-311] analyzing module design_random_inverter_jitter_rand_3_0
INFO: [VRFC 10-2263] Analyzing Verilog file "C:/Users/Octa476/Desktop/Random_generator_module/random_generator_project/random_generator_project.ip_user_files/bd/design_random/ip/design_random_inverter_jitter_rand_4_0/sim/design_random_inverter_jitter_rand_4_0.v" into library xil_defaultlib
INFO: [VRFC 10-311] analyzing module design_random_inverter_jitter_rand_4_0
INFO: [VRFC 10-2263] Analyzing Verilog file "C:/Users/Octa476/Desktop/Random_generator_module/random_generator_project/random_generator_project.ip_user_files/bd/design_random/ip/design_random_inverter_jitter_rand_5_0/sim/design_random_inverter_jitter_rand_5_0.v" into library xil_defaultlib
INFO: [VRFC 10-311] analyzing module design_random_inverter_jitter_rand_5_0
INFO: [VRFC 10-2263] Analyzing Verilog file "C:/Users/Octa476/Desktop/Random_generator_module/random_generator_project/random_generator_project.ip_user_files/bd/design_random/ip/design_random_inverter_jitter_rand_6_0/sim/design_random_inverter_jitter_rand_6_0.v" into library xil_defaultlib
INFO: [VRFC 10-311] analyzing module design_random_inverter_jitter_rand_6_0
INFO: [VRFC 10-2263] Analyzing Verilog file "C:/Users/Octa476/Desktop/Random_generator_module/random_generator_project/random_generator_project.ip_user_files/bd/design_random/ip/design_random_inverter_jitter_rand_7_0/sim/design_random_inverter_jitter_rand_7_0.v" into library xil_defaultlib
INFO: [VRFC 10-311] analyzing module design_random_inverter_jitter_rand_7_0
INFO: [VRFC 10-2263] Analyzing Verilog file "C:/Users/Octa476/Desktop/Random_generator_module/random_generator_project/random_generator_project.ip_user_files/bd/design_random/ip/design_random_inverter_jitter_rand_8_0/sim/design_random_inverter_jitter_rand_8_0.v" into library xil_defaultlib
INFO: [VRFC 10-311] analyzing module design_random_inverter_jitter_rand_8_0
INFO: [VRFC 10-2263] Analyzing Verilog file "C:/Users/Octa476/Desktop/Random_generator_module/random_generator_project/random_generator_project.ip_user_files/bd/design_random/ip/design_random_inverter_jitter_rand_9_0/sim/design_random_inverter_jitter_rand_9_0.v" into library xil_defaultlib
INFO: [VRFC 10-311] analyzing module design_random_inverter_jitter_rand_9_0
INFO: [VRFC 10-2263] Analyzing Verilog file "C:/Users/Octa476/Desktop/Random_generator_module/random_generator_project/random_generator_project.ip_user_files/bd/design_random/ip/design_random_inverter_jitter_rand_10_0/sim/design_random_inverter_jitter_rand_10_0.v" into library xil_defaultlib
INFO: [VRFC 10-311] analyzing module design_random_inverter_jitter_rand_10_0
INFO: [VRFC 10-2263] Analyzing Verilog file "C:/Users/Octa476/Desktop/Random_generator_module/random_generator_project/random_generator_project.ip_user_files/bd/design_random/ip/design_random_inverter_jitter_rand_11_0/sim/design_random_inverter_jitter_rand_11_0.v" into library xil_defaultlib
INFO: [VRFC 10-311] analyzing module design_random_inverter_jitter_rand_11_0
INFO: [VRFC 10-2263] Analyzing Verilog file "C:/Users/Octa476/Desktop/Random_generator_module/random_generator_project/random_generator_project.ip_user_files/bd/design_random/ip/design_random_inverter_jitter_rand_12_0/sim/design_random_inverter_jitter_rand_12_0.v" into library xil_defaultlib
INFO: [VRFC 10-311] analyzing module design_random_inverter_jitter_rand_12_0
INFO: [VRFC 10-2263] Analyzing Verilog file "C:/Users/Octa476/Desktop/Random_generator_module/random_generator_project/random_generator_project.ip_user_files/bd/design_random/ip/design_random_dff_module1_0_0/sim/design_random_dff_module1_0_0.v" into library xil_defaultlib
INFO: [VRFC 10-311] analyzing module design_random_dff_module1_0_0
INFO: [VRFC 10-2263] Analyzing Verilog file "C:/Users/Octa476/Desktop/Random_generator_module/random_generator_project/random_generator_project.ip_user_files/bd/design_random/ip/design_random_dff_module1_1_0/sim/design_random_dff_module1_1_0.v" into library xil_defaultlib
INFO: [VRFC 10-311] analyzing module design_random_dff_module1_1_0
INFO: [VRFC 10-2263] Analyzing Verilog file "C:/Users/Octa476/Desktop/Random_generator_module/random_generator_project/random_generator_project.ip_user_files/bd/design_random/ip/design_random_dff_module1_2_0/sim/design_random_dff_module1_2_0.v" into library xil_defaultlib
INFO: [VRFC 10-311] analyzing module design_random_dff_module1_2_0
INFO: [VRFC 10-2263] Analyzing Verilog file "C:/Users/Octa476/Desktop/Random_generator_module/random_generator_project/random_generator_project.ip_user_files/bd/design_random/ip/design_random_dff_module1_3_0/sim/design_random_dff_module1_3_0.v" into library xil_defaultlib
INFO: [VRFC 10-311] analyzing module design_random_dff_module1_3_0
INFO: [VRFC 10-2263] Analyzing Verilog file "C:/Users/Octa476/Desktop/Random_generator_module/random_generator_project/random_generator_project.ip_user_files/bd/design_random/ip/design_random_dff_module1_4_0/sim/design_random_dff_module1_4_0.v" into library xil_defaultlib
INFO: [VRFC 10-311] analyzing module design_random_dff_module1_4_0
INFO: [VRFC 10-2263] Analyzing Verilog file "C:/Users/Octa476/Desktop/Random_generator_module/random_generator_project/random_generator_project.ip_user_files/bd/design_random/ip/design_random_dff_module1_5_0/sim/design_random_dff_module1_5_0.v" into library xil_defaultlib
INFO: [VRFC 10-311] analyzing module design_random_dff_module1_5_0
INFO: [VRFC 10-2263] Analyzing Verilog file "C:/Users/Octa476/Desktop/Random_generator_module/random_generator_project/random_generator_project.ip_user_files/bd/design_random/ip/design_random_dff_module1_6_0/sim/design_random_dff_module1_6_0.v" into library xil_defaultlib
INFO: [VRFC 10-311] analyzing module design_random_dff_module1_6_0
INFO: [VRFC 10-2263] Analyzing Verilog file "C:/Users/Octa476/Desktop/Random_generator_module/random_generator_project/random_generator_project.ip_user_files/bd/design_random/sim/design_random.v" into library xil_defaultlib
INFO: [VRFC 10-311] analyzing module design_random
INFO: [VRFC 10-2263] Analyzing Verilog file "C:/Users/Octa476/Desktop/Random_generator_module/random_generator_project/random_generator_project.gen/sources_1/bd/design_random/hdl/design_random_wrapper.v" into library xil_defaultlib
INFO: [VRFC 10-311] analyzing module design_random_wrapper
INFO: [VRFC 10-2263] Analyzing Verilog file "C:/Users/Octa476/Desktop/Random_generator_module/random_generator_project/random_generator_project.srcs/sim_1/new/tb_design_random.v" into library xil_defaultlib
INFO: [VRFC 10-311] analyzing module tb_design_random
run_program: Time (s): cpu = 00:00:01 ; elapsed = 00:00:05 . Memory (MB): peak = 2514.344 ; gain = 0.000
INFO: [USF-XSim-69] 'compile' step finished in '6' seconds
INFO: [USF-XSim-3] XSim::Elaborate design
INFO: [USF-XSim-61] Executing 'ELABORATE' step in 'C:/Users/Octa476/Desktop/Random_generator_module/random_generator_project/random_generator_project.sim/sim_1/behav/xsim'
"xelab --incr --debug typical --relax --mt 2 -L xil_defaultlib -L unisims_ver -L unimacro_ver -L secureip -L xpm --snapshot tb_design_random_behav xil_defaultlib.tb_design_random xil_defaultlib.glbl -log elaborate.log"
Vivado Simulator v2024.2.0
Copyright 1986-2022 Xilinx, Inc. All Rights Reserved.
Copyright 2022-2024 Advanced Micro Devices, Inc. All Rights Reserved.
Running: D:/Xilinx/Vivado/2024.2/bin/unwrapped/win64.o/xelab.exe --incr --debug typical --relax --mt 2 -L xil_defaultlib -L unisims_ver -L unimacro_ver -L secureip -L xpm --snapshot tb_design_random_behav xil_defaultlib.tb_design_random xil_defaultlib.glbl -log elaborate.log 
Using 2 slave threads.
Starting static elaboration
Pass Through NonSizing Optimizer
Completed static elaboration
Starting simulation data flow analysis
Completed simulation data flow analysis
Time Resolution for simulation is 1ps
Compiling module xil_defaultlib.dff_module1
Compiling module xil_defaultlib.design_random_dff_module1_0_0
Compiling module xil_defaultlib.design_random_dff_module1_1_0
Compiling module xil_defaultlib.design_random_dff_module1_2_0
Compiling module xil_defaultlib.design_random_dff_module1_3_0
Compiling module xil_defaultlib.design_random_dff_module1_4_0
Compiling module xil_defaultlib.design_random_dff_module1_5_0
Compiling module xil_defaultlib.design_random_dff_module1_6_0
Compiling module xil_defaultlib.inverter_jitter_random
Compiling module xil_defaultlib.design_random_inverter_jitter_ra...
Compiling module xil_defaultlib.design_random_inverter_jitter_ra...
Compiling module xil_defaultlib.design_random_inverter_jitter_ra...
Compiling module xil_defaultlib.design_random_inverter_jitter_ra...
Compiling module xil_defaultlib.design_random_inverter_jitter_ra...
Compiling module xil_defaultlib.design_random_inverter_jitter_ra...
Compiling module xil_defaultlib.design_random_inverter_jitter_ra...
Compiling module xil_defaultlib.design_random_inverter_jitter_ra...
Compiling module xil_defaultlib.design_random_inverter_jitter_ra...
Compiling module xil_defaultlib.design_random_inverter_jitter_ra...
Compiling module xil_defaultlib.design_random_inverter_jitter_ra...
Compiling module xil_defaultlib.design_random_inverter_jitter_ra...
Compiling module xil_defaultlib.design_random_inverter_jitter_ra...
Compiling module xil_defaultlib.nand_module
Compiling module xil_defaultlib.design_random_nand_module_0_0
Compiling module xil_defaultlib.design_random_nand_module_1_0
Compiling module xil_defaultlib.design_random_nand_module_2_0
Compiling module xil_defaultlib.design_random_nand_module_3_0
Compiling module xil_defaultlib.design_random_nand_module_5_0
Compiling module xil_defaultlib.design_random_nand_module_6_0
Compiling module xil_defaultlib.xor_3
Compiling module xil_defaultlib.design_random_xor_3_0_0
Compiling module xil_defaultlib.xor_4
Compiling module xil_defaultlib.design_random_xor_4_0_0
Compiling module xil_defaultlib.design_random
Compiling module xil_defaultlib.design_random_wrapper
Compiling module xil_defaultlib.tb_design_random
Compiling module xil_defaultlib.glbl
Built simulation snapshot tb_design_random_behav
INFO: [USF-XSim-69] 'elaborate' step finished in '3' seconds
INFO: [USF-XSim-4] XSim::Simulate design
INFO: [USF-XSim-61] Executing 'SIMULATE' step in 'C:/Users/Octa476/Desktop/Random_generator_module/random_generator_project/random_generator_project.sim/sim_1/behav/xsim'
INFO: [USF-XSim-98] *** Running xsim
   with args "tb_design_random_behav -key {Behavioral:sim_1:Functional:tb_design_random} -tclbatch {tb_design_random.tcl} -protoinst "protoinst_files/design_random.protoinst" -log {simulate.log}"
INFO: [USF-XSim-8] Loading simulator feature
INFO: [Wavedata 42-565] Reading protoinst file protoinst_files/design_random.protoinst
Time resolution is 1 ps
source tb_design_random.tcl
# set curr_wave [current_wave_config]
# if { [string length $curr_wave] == 0 } {
#   if { [llength [get_objects]] > 0} {
#     add_wave /
#     set_property needs_save false [current_wave_config]
#   } else {
#      send_msg_id Add_Wave-1 WARNING "No top level signals found. Simulator will start without a wave window. If you want to open a wave window go to 'File->New Waveform Configuration' or type 'create_wave_config' in the TCL console."
#   }
# }
# run 1000ns
 1926115056
-2031390106
 2130638015
 1997698847
 1261419128
-1356465798
 1322774539
-1765511728
  658078637
 1793175889
-1560988801
-1826867130
 1527297498
   27385686
  346888187
 1212314837
-1141356678
 1700275746
-1374565803
 1437103362
  510522541
-1192740038
 1253305037
-1406889457
 1803696895
-1366280076
 2041717667
 1449088296
-1644467846
-1187593780
  684926227
-1141925440
 2081332340
-1203472037
  688999472
  301331933
INFO: [USF-XSim-96] XSim completed. Design snapshot 'tb_design_random_behav' loaded.
INFO: [USF-XSim-97] XSim simulation ran for 1000ns
launch_simulation: Time (s): cpu = 00:00:11 ; elapsed = 00:00:15 . Memory (MB): peak = 2514.344 ; gain = 0.000
WARNING: [filemgmt 56-199] Attempt to get parsing info during refresh. "On-the-fly" syntax checking information may be incorrect. [C:\Users\Octa476\Desktop\Random_generator_module\random_generator_project\random_generator_project.srcs\sim_1\new\tb_design_random.v:]
WARNING: [filemgmt 56-199] Attempt to get parsing info during refresh. "On-the-fly" syntax checking information may be incorrect. [C:\Users\Octa476\Desktop\Random_generator_module\random_generator_project\random_generator_project.srcs\sources_1\new\inverter_jitter.v:]
WARNING: [filemgmt 56-199] Attempt to get parsing info during refresh. "On-the-fly" syntax checking information may be incorrect. [C:\Users\Octa476\Desktop\Random_generator_module\random_generator_project\random_generator_project.srcs\sim_1\new\tb_design_random.v:]
WARNING: [filemgmt 56-199] Attempt to get parsing info during refresh. "On-the-fly" syntax checking information may be incorrect. [C:\Users\Octa476\Desktop\Random_generator_module\random_generator_project\random_generator_project.srcs\sim_1\new\tb_design_random.v:]
ERROR: [Common 17-180] Spawn failed: No error
WARNING: [filemgmt 56-199] Attempt to get parsing info during refresh. "On-the-fly" syntax checking information may be incorrect. [C:\Users\Octa476\Desktop\Random_generator_module\random_generator_project\random_generator_project.srcs\sim_1\new\tb_design_random.v:]
WARNING: [filemgmt 56-199] Attempt to get parsing info during refresh. "On-the-fly" syntax checking information may be incorrect. [C:\Users\Octa476\Desktop\Random_generator_module\random_generator_project\random_generator_project.srcs\sources_1\new\inverter_jitter.v:]
WARNING: [filemgmt 56-199] Attempt to get parsing info during refresh. "On-the-fly" syntax checking information may be incorrect. [C:\Users\Octa476\Desktop\Random_generator_module\random_generator_project\random_generator_project.srcs\sim_1\new\tb_design_random.v:]
WARNING: [filemgmt 56-199] Attempt to get parsing info during refresh. "On-the-fly" syntax checking information may be incorrect. [C:\Users\Octa476\Desktop\Random_generator_module\random_generator_project\random_generator_project.srcs\sim_1\new\tb_design_random.v:]
ERROR: [Common 17-180] Spawn failed: No error
WARNING: [filemgmt 56-199] Attempt to get parsing info during refresh. "On-the-fly" syntax checking information may be incorrect. [C:\Users\Octa476\Desktop\Random_generator_module\random_generator_project\random_generator_project.srcs\sim_1\new\tb_design_random.v:]
WARNING: [filemgmt 56-199] Attempt to get parsing info during refresh. "On-the-fly" syntax checking information may be incorrect. [C:\Users\Octa476\Desktop\Random_generator_module\random_generator_project\random_generator_project.srcs\sources_1\new\inverter_jitter.v:]
WARNING: [filemgmt 56-199] Attempt to get parsing info during refresh. "On-the-fly" syntax checking information may be incorrect. [C:\Users\Octa476\Desktop\Random_generator_module\random_generator_project\random_generator_project.srcs\sim_1\new\tb_design_random.v:]
WARNING: [filemgmt 56-199] Attempt to get parsing info during refresh. "On-the-fly" syntax checking information may be incorrect. [C:\Users\Octa476\Desktop\Random_generator_module\random_generator_project\random_generator_project.srcs\sim_1\new\tb_design_random.v:]
ERROR: [Common 17-180] Spawn failed: No error
report_ip_status -name ip_status 
update_module_reference [get_ips  {design_random_inverter_jitter_rand_3_0 design_random_inverter_jitter_rand_0_0 design_random_inverter_jitter_rand_4_0 design_random_inverter_jitter_rand_11_0 design_random_inverter_jitter_rand_1_0 design_random_inverter_jitter_rand_2_0 design_random_inverter_jitter_rand_7_0 design_random_inverter_jitter_rand_5_0 design_random_inverter_jitter_rand_9_0 design_random_inverter_jitter_rand_12_0 design_random_inverter_jitter_rand_8_0 design_random_inverter_jitter_rand_6_0 design_random_inverter_jitter_rand_10_0}]
Upgrading 'C:/Users/Octa476/Desktop/Random_generator_module/random_generator_project/random_generator_project.srcs/sources_1/bd/design_random/design_random.bd'
INFO: [IP_Flow 19-3420] Updated design_random_inverter_jitter_rand_0_0 to use current project options
INFO: [IP_Flow 19-3420] Updated design_random_inverter_jitter_rand_10_0 to use current project options
INFO: [IP_Flow 19-3420] Updated design_random_inverter_jitter_rand_11_0 to use current project options
INFO: [IP_Flow 19-3420] Updated design_random_inverter_jitter_rand_12_0 to use current project options
INFO: [IP_Flow 19-3420] Updated design_random_inverter_jitter_rand_1_0 to use current project options
INFO: [IP_Flow 19-3420] Updated design_random_inverter_jitter_rand_2_0 to use current project options
INFO: [IP_Flow 19-3420] Updated design_random_inverter_jitter_rand_3_0 to use current project options
INFO: [IP_Flow 19-3420] Updated design_random_inverter_jitter_rand_4_0 to use current project options
INFO: [IP_Flow 19-3420] Updated design_random_inverter_jitter_rand_5_0 to use current project options
INFO: [IP_Flow 19-3420] Updated design_random_inverter_jitter_rand_6_0 to use current project options
INFO: [IP_Flow 19-3420] Updated design_random_inverter_jitter_rand_7_0 to use current project options
INFO: [IP_Flow 19-3420] Updated design_random_inverter_jitter_rand_8_0 to use current project options
INFO: [IP_Flow 19-3420] Updated design_random_inverter_jitter_rand_9_0 to use current project options
Wrote  : <C:\Users\Octa476\Desktop\Random_generator_module\random_generator_project\random_generator_project.srcs\sources_1\bd\design_random\design_random.bd> 
report_ip_status -name ip_status 
close_sim
INFO: [Simtcl 6-16] Simulation closed
generate_target Simulation [get_files C:/Users/Octa476/Desktop/Random_generator_module/random_generator_project/random_generator_project.srcs/sources_1/bd/design_random/design_random.bd]
Wrote  : <C:\Users\Octa476\Desktop\Random_generator_module\random_generator_project\random_generator_project.srcs\sources_1\bd\design_random\design_random.bd> 
Verilog Output written to : c:/Users/Octa476/Desktop/Random_generator_module/random_generator_project/random_generator_project.gen/sources_1/bd/design_random/synth/design_random.v
Verilog Output written to : c:/Users/Octa476/Desktop/Random_generator_module/random_generator_project/random_generator_project.gen/sources_1/bd/design_random/sim/design_random.v
Verilog Output written to : c:/Users/Octa476/Desktop/Random_generator_module/random_generator_project/random_generator_project.gen/sources_1/bd/design_random/hdl/design_random_wrapper.v
INFO: [BD 41-1029] Generation completed for the IP Integrator block inverter_jitter_rand_0 .
INFO: [BD 41-1029] Generation completed for the IP Integrator block inverter_jitter_rand_1 .
INFO: [BD 41-1029] Generation completed for the IP Integrator block inverter_jitter_rand_2 .
INFO: [BD 41-1029] Generation completed for the IP Integrator block inverter_jitter_rand_3 .
INFO: [BD 41-1029] Generation completed for the IP Integrator block inverter_jitter_rand_4 .
INFO: [BD 41-1029] Generation completed for the IP Integrator block inverter_jitter_rand_5 .
INFO: [BD 41-1029] Generation completed for the IP Integrator block inverter_jitter_rand_6 .
INFO: [BD 41-1029] Generation completed for the IP Integrator block inverter_jitter_rand_7 .
INFO: [BD 41-1029] Generation completed for the IP Integrator block inverter_jitter_rand_8 .
INFO: [BD 41-1029] Generation completed for the IP Integrator block inverter_jitter_rand_9 .
INFO: [BD 41-1029] Generation completed for the IP Integrator block inverter_jitter_rand_10 .
INFO: [BD 41-1029] Generation completed for the IP Integrator block inverter_jitter_rand_11 .
INFO: [BD 41-1029] Generation completed for the IP Integrator block inverter_jitter_rand_12 .
Exporting to file c:/Users/Octa476/Desktop/Random_generator_module/random_generator_project/random_generator_project.gen/sources_1/bd/design_random/hw_handoff/design_random.hwh
Generated Hardware Definition File c:/Users/Octa476/Desktop/Random_generator_module/random_generator_project/random_generator_project.gen/sources_1/bd/design_random/synth/design_random.hwdef
export_ip_user_files -of_objects [get_files C:/Users/Octa476/Desktop/Random_generator_module/random_generator_project/random_generator_project.srcs/sources_1/bd/design_random/design_random.bd] -no_script -sync -force -quiet
export_simulation -of_objects [get_files C:/Users/Octa476/Desktop/Random_generator_module/random_generator_project/random_generator_project.srcs/sources_1/bd/design_random/design_random.bd] -directory C:/Users/Octa476/Desktop/Random_generator_module/random_generator_project/random_generator_project.ip_user_files/sim_scripts -ip_user_files_dir C:/Users/Octa476/Desktop/Random_generator_module/random_generator_project/random_generator_project.ip_user_files -ipstatic_source_dir C:/Users/Octa476/Desktop/Random_generator_module/random_generator_project/random_generator_project.ip_user_files/ipstatic -lib_map_path [list {modelsim=C:/Users/Octa476/Desktop/Random_generator_module/random_generator_project/random_generator_project.cache/compile_simlib/modelsim} {questa=C:/Users/Octa476/Desktop/Random_generator_module/random_generator_project/random_generator_project.cache/compile_simlib/questa} {riviera=C:/Users/Octa476/Desktop/Random_generator_module/random_generator_project/random_generator_project.cache/compile_simlib/riviera} {activehdl=C:/Users/Octa476/Desktop/Random_generator_module/random_generator_project/random_generator_project.cache/compile_simlib/activehdl}] -use_ip_compiled_libs -force -quiet
launch_simulation
Command: launch_simulation 
INFO: [Vivado 12-12493] Simulation top is 'tb_design_random'
WARNING: [Vivado 12-13340] Unable to auto find GCC executables from simulator install path! (path not set)
INFO: [Vivado 12-5682] Launching behavioral simulation in 'C:/Users/Octa476/Desktop/Random_generator_module/random_generator_project/random_generator_project.sim/sim_1/behav/xsim'
INFO: [Vivado 12-13660] Precompiled IP simulation library mode is enabled (default). The design IP libraries will be referenced from the compiled library path. Please note that if the precompiled version of the library is not found from the path or the IP is in locked state, then the library source files for these IPs will be compiled locally as part of the compile order.
INFO: [Vivado 12-4795] Using compiled simulation libraries for IPs
INFO: [SIM-utils-51] Simulation object is 'sim_1'
INFO: [SIM-utils-72] Using boost library from 'D:/Xilinx/Vivado/2024.2/tps/boost_1_72_0'
INFO: [USF-XSim-7] Finding pre-compiled libraries...
INFO: [USF-XSim-11] File 'D:/Xilinx/Vivado/2024.2/data/xsim/xsim.ini' copied to run dir:'C:/Users/Octa476/Desktop/Random_generator_module/random_generator_project/random_generator_project.sim/sim_1/behav/xsim'
INFO: [SIM-utils-54] Inspecting design source files for 'tb_design_random' in fileset 'sim_1'...
INFO: [USF-XSim-97] Finding global include files...
INFO: [USF-XSim-98] Fetching design files from 'sim_1'...
INFO: [USF-XSim-2] XSim::Compile design
INFO: [USF-XSim-61] Executing 'COMPILE and ANALYZE' step in 'C:/Users/Octa476/Desktop/Random_generator_module/random_generator_project/random_generator_project.sim/sim_1/behav/xsim'
"xvlog --incr --relax -prj tb_design_random_vlog.prj"
INFO: [VRFC 10-2263] Analyzing Verilog file "C:/Users/Octa476/Desktop/Random_generator_module/random_generator_project/random_generator_project.srcs/sources_1/new/nand_module.v" into library xil_defaultlib
INFO: [VRFC 10-311] analyzing module nand_module
INFO: [VRFC 10-2263] Analyzing Verilog file "C:/Users/Octa476/Desktop/Random_generator_module/random_generator_project/random_generator_project.srcs/sources_1/new/xor_4.v" into library xil_defaultlib
INFO: [VRFC 10-311] analyzing module xor_4
INFO: [VRFC 10-2263] Analyzing Verilog file "C:/Users/Octa476/Desktop/Random_generator_module/random_generator_project/random_generator_project.srcs/sources_1/new/xor_3.v" into library xil_defaultlib
INFO: [VRFC 10-311] analyzing module xor_3
INFO: [VRFC 10-2263] Analyzing Verilog file "C:/Users/Octa476/Desktop/Random_generator_module/random_generator_project/random_generator_project.srcs/sources_1/new/inverter_jitter.v" into library xil_defaultlib
INFO: [VRFC 10-311] analyzing module inverter_jitter_random
WARNING: [VRFC 10-2500] empty parameter declaration is only allowed in SystemVerilog mode [C:/Users/Octa476/Desktop/Random_generator_module/random_generator_project/random_generator_project.srcs/sources_1/new/inverter_jitter.v:23]
INFO: [VRFC 10-2263] Analyzing Verilog file "C:/Users/Octa476/Desktop/Random_generator_module/random_generator_project/random_generator_project.srcs/sources_1/new/dff_module1.v" into library xil_defaultlib
INFO: [VRFC 10-311] analyzing module dff_module1
INFO: [VRFC 10-2263] Analyzing Verilog file "C:/Users/Octa476/Desktop/Random_generator_module/random_generator_project/random_generator_project.ip_user_files/bd/design_random/ip/design_random_nand_module_0_0/sim/design_random_nand_module_0_0.v" into library xil_defaultlib
INFO: [VRFC 10-311] analyzing module design_random_nand_module_0_0
INFO: [VRFC 10-2263] Analyzing Verilog file "C:/Users/Octa476/Desktop/Random_generator_module/random_generator_project/random_generator_project.ip_user_files/bd/design_random/ip/design_random_nand_module_1_0/sim/design_random_nand_module_1_0.v" into library xil_defaultlib
INFO: [VRFC 10-311] analyzing module design_random_nand_module_1_0
INFO: [VRFC 10-2263] Analyzing Verilog file "C:/Users/Octa476/Desktop/Random_generator_module/random_generator_project/random_generator_project.ip_user_files/bd/design_random/ip/design_random_nand_module_2_0/sim/design_random_nand_module_2_0.v" into library xil_defaultlib
INFO: [VRFC 10-311] analyzing module design_random_nand_module_2_0
INFO: [VRFC 10-2263] Analyzing Verilog file "C:/Users/Octa476/Desktop/Random_generator_module/random_generator_project/random_generator_project.ip_user_files/bd/design_random/ip/design_random_nand_module_3_0/sim/design_random_nand_module_3_0.v" into library xil_defaultlib
INFO: [VRFC 10-311] analyzing module design_random_nand_module_3_0
INFO: [VRFC 10-2263] Analyzing Verilog file "C:/Users/Octa476/Desktop/Random_generator_module/random_generator_project/random_generator_project.ip_user_files/bd/design_random/ip/design_random_xor_4_0_0/sim/design_random_xor_4_0_0.v" into library xil_defaultlib
INFO: [VRFC 10-311] analyzing module design_random_xor_4_0_0
INFO: [VRFC 10-2263] Analyzing Verilog file "C:/Users/Octa476/Desktop/Random_generator_module/random_generator_project/random_generator_project.ip_user_files/bd/design_random/ip/design_random_nand_module_5_0/sim/design_random_nand_module_5_0.v" into library xil_defaultlib
INFO: [VRFC 10-311] analyzing module design_random_nand_module_5_0
INFO: [VRFC 10-2263] Analyzing Verilog file "C:/Users/Octa476/Desktop/Random_generator_module/random_generator_project/random_generator_project.ip_user_files/bd/design_random/ip/design_random_nand_module_6_0/sim/design_random_nand_module_6_0.v" into library xil_defaultlib
INFO: [VRFC 10-311] analyzing module design_random_nand_module_6_0
INFO: [VRFC 10-2263] Analyzing Verilog file "C:/Users/Octa476/Desktop/Random_generator_module/random_generator_project/random_generator_project.ip_user_files/bd/design_random/ip/design_random_xor_3_0_0/sim/design_random_xor_3_0_0.v" into library xil_defaultlib
INFO: [VRFC 10-311] analyzing module design_random_xor_3_0_0
INFO: [VRFC 10-2263] Analyzing Verilog file "C:/Users/Octa476/Desktop/Random_generator_module/random_generator_project/random_generator_project.ip_user_files/bd/design_random/ip/design_random_inverter_jitter_rand_0_0/sim/design_random_inverter_jitter_rand_0_0.v" into library xil_defaultlib
INFO: [VRFC 10-311] analyzing module design_random_inverter_jitter_rand_0_0
INFO: [VRFC 10-2263] Analyzing Verilog file "C:/Users/Octa476/Desktop/Random_generator_module/random_generator_project/random_generator_project.ip_user_files/bd/design_random/ip/design_random_inverter_jitter_rand_1_0/sim/design_random_inverter_jitter_rand_1_0.v" into library xil_defaultlib
INFO: [VRFC 10-311] analyzing module design_random_inverter_jitter_rand_1_0
INFO: [VRFC 10-2263] Analyzing Verilog file "C:/Users/Octa476/Desktop/Random_generator_module/random_generator_project/random_generator_project.ip_user_files/bd/design_random/ip/design_random_inverter_jitter_rand_2_0/sim/design_random_inverter_jitter_rand_2_0.v" into library xil_defaultlib
INFO: [VRFC 10-311] analyzing module design_random_inverter_jitter_rand_2_0
INFO: [VRFC 10-2263] Analyzing Verilog file "C:/Users/Octa476/Desktop/Random_generator_module/random_generator_project/random_generator_project.ip_user_files/bd/design_random/ip/design_random_inverter_jitter_rand_3_0/sim/design_random_inverter_jitter_rand_3_0.v" into library xil_defaultlib
INFO: [VRFC 10-311] analyzing module design_random_inverter_jitter_rand_3_0
INFO: [VRFC 10-2263] Analyzing Verilog file "C:/Users/Octa476/Desktop/Random_generator_module/random_generator_project/random_generator_project.ip_user_files/bd/design_random/ip/design_random_inverter_jitter_rand_4_0/sim/design_random_inverter_jitter_rand_4_0.v" into library xil_defaultlib
INFO: [VRFC 10-311] analyzing module design_random_inverter_jitter_rand_4_0
INFO: [VRFC 10-2263] Analyzing Verilog file "C:/Users/Octa476/Desktop/Random_generator_module/random_generator_project/random_generator_project.ip_user_files/bd/design_random/ip/design_random_inverter_jitter_rand_5_0/sim/design_random_inverter_jitter_rand_5_0.v" into library xil_defaultlib
INFO: [VRFC 10-311] analyzing module design_random_inverter_jitter_rand_5_0
INFO: [VRFC 10-2263] Analyzing Verilog file "C:/Users/Octa476/Desktop/Random_generator_module/random_generator_project/random_generator_project.ip_user_files/bd/design_random/ip/design_random_inverter_jitter_rand_6_0/sim/design_random_inverter_jitter_rand_6_0.v" into library xil_defaultlib
INFO: [VRFC 10-311] analyzing module design_random_inverter_jitter_rand_6_0
INFO: [VRFC 10-2263] Analyzing Verilog file "C:/Users/Octa476/Desktop/Random_generator_module/random_generator_project/random_generator_project.ip_user_files/bd/design_random/ip/design_random_inverter_jitter_rand_7_0/sim/design_random_inverter_jitter_rand_7_0.v" into library xil_defaultlib
INFO: [VRFC 10-311] analyzing module design_random_inverter_jitter_rand_7_0
INFO: [VRFC 10-2263] Analyzing Verilog file "C:/Users/Octa476/Desktop/Random_generator_module/random_generator_project/random_generator_project.ip_user_files/bd/design_random/ip/design_random_inverter_jitter_rand_8_0/sim/design_random_inverter_jitter_rand_8_0.v" into library xil_defaultlib
INFO: [VRFC 10-311] analyzing module design_random_inverter_jitter_rand_8_0
INFO: [VRFC 10-2263] Analyzing Verilog file "C:/Users/Octa476/Desktop/Random_generator_module/random_generator_project/random_generator_project.ip_user_files/bd/design_random/ip/design_random_inverter_jitter_rand_9_0/sim/design_random_inverter_jitter_rand_9_0.v" into library xil_defaultlib
INFO: [VRFC 10-311] analyzing module design_random_inverter_jitter_rand_9_0
INFO: [VRFC 10-2263] Analyzing Verilog file "C:/Users/Octa476/Desktop/Random_generator_module/random_generator_project/random_generator_project.ip_user_files/bd/design_random/ip/design_random_inverter_jitter_rand_10_0/sim/design_random_inverter_jitter_rand_10_0.v" into library xil_defaultlib
INFO: [VRFC 10-311] analyzing module design_random_inverter_jitter_rand_10_0
INFO: [VRFC 10-2263] Analyzing Verilog file "C:/Users/Octa476/Desktop/Random_generator_module/random_generator_project/random_generator_project.ip_user_files/bd/design_random/ip/design_random_inverter_jitter_rand_11_0/sim/design_random_inverter_jitter_rand_11_0.v" into library xil_defaultlib
INFO: [VRFC 10-311] analyzing module design_random_inverter_jitter_rand_11_0
INFO: [VRFC 10-2263] Analyzing Verilog file "C:/Users/Octa476/Desktop/Random_generator_module/random_generator_project/random_generator_project.ip_user_files/bd/design_random/ip/design_random_inverter_jitter_rand_12_0/sim/design_random_inverter_jitter_rand_12_0.v" into library xil_defaultlib
INFO: [VRFC 10-311] analyzing module design_random_inverter_jitter_rand_12_0
INFO: [VRFC 10-2263] Analyzing Verilog file "C:/Users/Octa476/Desktop/Random_generator_module/random_generator_project/random_generator_project.ip_user_files/bd/design_random/ip/design_random_dff_module1_0_0/sim/design_random_dff_module1_0_0.v" into library xil_defaultlib
INFO: [VRFC 10-311] analyzing module design_random_dff_module1_0_0
INFO: [VRFC 10-2263] Analyzing Verilog file "C:/Users/Octa476/Desktop/Random_generator_module/random_generator_project/random_generator_project.ip_user_files/bd/design_random/ip/design_random_dff_module1_1_0/sim/design_random_dff_module1_1_0.v" into library xil_defaultlib
INFO: [VRFC 10-311] analyzing module design_random_dff_module1_1_0
INFO: [VRFC 10-2263] Analyzing Verilog file "C:/Users/Octa476/Desktop/Random_generator_module/random_generator_project/random_generator_project.ip_user_files/bd/design_random/ip/design_random_dff_module1_2_0/sim/design_random_dff_module1_2_0.v" into library xil_defaultlib
INFO: [VRFC 10-311] analyzing module design_random_dff_module1_2_0
INFO: [VRFC 10-2263] Analyzing Verilog file "C:/Users/Octa476/Desktop/Random_generator_module/random_generator_project/random_generator_project.ip_user_files/bd/design_random/ip/design_random_dff_module1_3_0/sim/design_random_dff_module1_3_0.v" into library xil_defaultlib
INFO: [VRFC 10-311] analyzing module design_random_dff_module1_3_0
INFO: [VRFC 10-2263] Analyzing Verilog file "C:/Users/Octa476/Desktop/Random_generator_module/random_generator_project/random_generator_project.ip_user_files/bd/design_random/ip/design_random_dff_module1_4_0/sim/design_random_dff_module1_4_0.v" into library xil_defaultlib
INFO: [VRFC 10-311] analyzing module design_random_dff_module1_4_0
INFO: [VRFC 10-2263] Analyzing Verilog file "C:/Users/Octa476/Desktop/Random_generator_module/random_generator_project/random_generator_project.ip_user_files/bd/design_random/ip/design_random_dff_module1_5_0/sim/design_random_dff_module1_5_0.v" into library xil_defaultlib
INFO: [VRFC 10-311] analyzing module design_random_dff_module1_5_0
INFO: [VRFC 10-2263] Analyzing Verilog file "C:/Users/Octa476/Desktop/Random_generator_module/random_generator_project/random_generator_project.ip_user_files/bd/design_random/ip/design_random_dff_module1_6_0/sim/design_random_dff_module1_6_0.v" into library xil_defaultlib
INFO: [VRFC 10-311] analyzing module design_random_dff_module1_6_0
INFO: [VRFC 10-2263] Analyzing Verilog file "C:/Users/Octa476/Desktop/Random_generator_module/random_generator_project/random_generator_project.ip_user_files/bd/design_random/sim/design_random.v" into library xil_defaultlib
INFO: [VRFC 10-311] analyzing module design_random
INFO: [VRFC 10-2263] Analyzing Verilog file "C:/Users/Octa476/Desktop/Random_generator_module/random_generator_project/random_generator_project.gen/sources_1/bd/design_random/hdl/design_random_wrapper.v" into library xil_defaultlib
INFO: [VRFC 10-311] analyzing module design_random_wrapper
INFO: [VRFC 10-2263] Analyzing Verilog file "C:/Users/Octa476/Desktop/Random_generator_module/random_generator_project/random_generator_project.srcs/sim_1/new/tb_design_random.v" into library xil_defaultlib
INFO: [VRFC 10-311] analyzing module tb_design_random
run_program: Time (s): cpu = 00:00:00 ; elapsed = 00:00:05 . Memory (MB): peak = 2514.344 ; gain = 0.000
INFO: [USF-XSim-69] 'compile' step finished in '5' seconds
INFO: [USF-XSim-3] XSim::Elaborate design
INFO: [USF-XSim-61] Executing 'ELABORATE' step in 'C:/Users/Octa476/Desktop/Random_generator_module/random_generator_project/random_generator_project.sim/sim_1/behav/xsim'
"xelab --incr --debug typical --relax --mt 2 -L xil_defaultlib -L unisims_ver -L unimacro_ver -L secureip -L xpm --snapshot tb_design_random_behav xil_defaultlib.tb_design_random xil_defaultlib.glbl -log elaborate.log"
Vivado Simulator v2024.2.0
Copyright 1986-2022 Xilinx, Inc. All Rights Reserved.
Copyright 2022-2024 Advanced Micro Devices, Inc. All Rights Reserved.
Running: D:/Xilinx/Vivado/2024.2/bin/unwrapped/win64.o/xelab.exe --incr --debug typical --relax --mt 2 -L xil_defaultlib -L unisims_ver -L unimacro_ver -L secureip -L xpm --snapshot tb_design_random_behav xil_defaultlib.tb_design_random xil_defaultlib.glbl -log elaborate.log 
Using 2 slave threads.
Starting static elaboration
Pass Through NonSizing Optimizer
Completed static elaboration
Starting simulation data flow analysis
Completed simulation data flow analysis
Time Resolution for simulation is 1ps
Compiling module xil_defaultlib.dff_module1
Compiling module xil_defaultlib.design_random_dff_module1_0_0
Compiling module xil_defaultlib.design_random_dff_module1_1_0
Compiling module xil_defaultlib.design_random_dff_module1_2_0
Compiling module xil_defaultlib.design_random_dff_module1_3_0
Compiling module xil_defaultlib.design_random_dff_module1_4_0
Compiling module xil_defaultlib.design_random_dff_module1_5_0
Compiling module xil_defaultlib.design_random_dff_module1_6_0
Compiling module xil_defaultlib.inverter_jitter_random
Compiling module xil_defaultlib.design_random_inverter_jitter_ra...
Compiling module xil_defaultlib.design_random_inverter_jitter_ra...
Compiling module xil_defaultlib.design_random_inverter_jitter_ra...
Compiling module xil_defaultlib.design_random_inverter_jitter_ra...
Compiling module xil_defaultlib.design_random_inverter_jitter_ra...
Compiling module xil_defaultlib.design_random_inverter_jitter_ra...
Compiling module xil_defaultlib.design_random_inverter_jitter_ra...
Compiling module xil_defaultlib.design_random_inverter_jitter_ra...
Compiling module xil_defaultlib.design_random_inverter_jitter_ra...
Compiling module xil_defaultlib.design_random_inverter_jitter_ra...
Compiling module xil_defaultlib.design_random_inverter_jitter_ra...
Compiling module xil_defaultlib.design_random_inverter_jitter_ra...
Compiling module xil_defaultlib.design_random_inverter_jitter_ra...
Compiling module xil_defaultlib.nand_module
Compiling module xil_defaultlib.design_random_nand_module_0_0
Compiling module xil_defaultlib.design_random_nand_module_1_0
Compiling module xil_defaultlib.design_random_nand_module_2_0
Compiling module xil_defaultlib.design_random_nand_module_3_0
Compiling module xil_defaultlib.design_random_nand_module_5_0
Compiling module xil_defaultlib.design_random_nand_module_6_0
Compiling module xil_defaultlib.xor_3
Compiling module xil_defaultlib.design_random_xor_3_0_0
Compiling module xil_defaultlib.xor_4
Compiling module xil_defaultlib.design_random_xor_4_0_0
Compiling module xil_defaultlib.design_random
Compiling module xil_defaultlib.design_random_wrapper
Compiling module xil_defaultlib.tb_design_random
Compiling module xil_defaultlib.glbl
Built simulation snapshot tb_design_random_behav
INFO: [USF-XSim-69] 'elaborate' step finished in '3' seconds
INFO: [USF-XSim-4] XSim::Simulate design
INFO: [USF-XSim-61] Executing 'SIMULATE' step in 'C:/Users/Octa476/Desktop/Random_generator_module/random_generator_project/random_generator_project.sim/sim_1/behav/xsim'
INFO: [USF-XSim-98] *** Running xsim
   with args "tb_design_random_behav -key {Behavioral:sim_1:Functional:tb_design_random} -tclbatch {tb_design_random.tcl} -protoinst "protoinst_files/design_random.protoinst" -log {simulate.log}"
INFO: [USF-XSim-8] Loading simulator feature
INFO: [Wavedata 42-565] Reading protoinst file protoinst_files/design_random.protoinst
Time resolution is 1 ps
source tb_design_random.tcl
# set curr_wave [current_wave_config]
# if { [string length $curr_wave] == 0 } {
#   if { [llength [get_objects]] > 0} {
#     add_wave /
#     set_property needs_save false [current_wave_config]
#   } else {
#      send_msg_id Add_Wave-1 WARNING "No top level signals found. Simulator will start without a wave window. If you want to open a wave window go to 'File->New Waveform Configuration' or type 'create_wave_config' in the TCL console."
#   }
# }
# run 1000ns
 1926115056
-2031390106
 2130638015
 1997698847
 1261419128
-1356465798
 1322774539
-1765511728
  658078637
 1793175889
-1560988801
-1826867130
 1527297498
 1212153467
  697753330
  512260564
-1089046984
INFO: [USF-XSim-96] XSim completed. Design snapshot 'tb_design_random_behav' loaded.
INFO: [USF-XSim-97] XSim simulation ran for 1000ns
launch_simulation: Time (s): cpu = 00:00:04 ; elapsed = 00:00:14 . Memory (MB): peak = 2514.344 ; gain = 0.000
WARNING: [filemgmt 56-199] Attempt to get parsing info during refresh. "On-the-fly" syntax checking information may be incorrect. [C:\Users\Octa476\Desktop\Random_generator_module\random_generator_project\random_generator_project.srcs\sim_1\new\tb_design_random.v:]
WARNING: [filemgmt 56-199] Attempt to get parsing info during refresh. "On-the-fly" syntax checking information may be incorrect. [C:\Users\Octa476\Desktop\Random_generator_module\random_generator_project\random_generator_project.srcs\sources_1\new\inverter_jitter.v:]
WARNING: [filemgmt 56-199] Attempt to get parsing info during refresh. "On-the-fly" syntax checking information may be incorrect. [C:\Users\Octa476\Desktop\Random_generator_module\random_generator_project\random_generator_project.srcs\sim_1\new\tb_design_random.v:]
WARNING: [filemgmt 56-199] Attempt to get parsing info during refresh. "On-the-fly" syntax checking information may be incorrect. [C:\Users\Octa476\Desktop\Random_generator_module\random_generator_project\random_generator_project.srcs\sim_1\new\tb_design_random.v:]
ERROR: [Common 17-180] Spawn failed: No error
WARNING: [filemgmt 56-199] Attempt to get parsing info during refresh. "On-the-fly" syntax checking information may be incorrect. [C:\Users\Octa476\Desktop\Random_generator_module\random_generator_project\random_generator_project.srcs\sim_1\new\tb_design_random.v:]
WARNING: [filemgmt 56-199] Attempt to get parsing info during refresh. "On-the-fly" syntax checking information may be incorrect. [C:\Users\Octa476\Desktop\Random_generator_module\random_generator_project\random_generator_project.srcs\sources_1\new\inverter_jitter.v:]
WARNING: [filemgmt 56-199] Attempt to get parsing info during refresh. "On-the-fly" syntax checking information may be incorrect. [C:\Users\Octa476\Desktop\Random_generator_module\random_generator_project\random_generator_project.srcs\sim_1\new\tb_design_random.v:]
WARNING: [filemgmt 56-199] Attempt to get parsing info during refresh. "On-the-fly" syntax checking information may be incorrect. [C:\Users\Octa476\Desktop\Random_generator_module\random_generator_project\random_generator_project.srcs\sim_1\new\tb_design_random.v:]
ERROR: [Common 17-180] Spawn failed: No error
close_sim
INFO: [Simtcl 6-16] Simulation closed
report_ip_status -name ip_status 
update_module_reference [get_ips  {design_random_inverter_jitter_rand_3_0 design_random_inverter_jitter_rand_0_0 design_random_inverter_jitter_rand_4_0 design_random_inverter_jitter_rand_11_0 design_random_inverter_jitter_rand_1_0 design_random_inverter_jitter_rand_2_0 design_random_inverter_jitter_rand_7_0 design_random_inverter_jitter_rand_5_0 design_random_inverter_jitter_rand_9_0 design_random_inverter_jitter_rand_12_0 design_random_inverter_jitter_rand_8_0 design_random_inverter_jitter_rand_6_0 design_random_inverter_jitter_rand_10_0}]
Upgrading 'C:/Users/Octa476/Desktop/Random_generator_module/random_generator_project/random_generator_project.srcs/sources_1/bd/design_random/design_random.bd'
INFO: [IP_Flow 19-3420] Updated design_random_inverter_jitter_rand_0_0 to use current project options
INFO: [IP_Flow 19-3420] Updated design_random_inverter_jitter_rand_10_0 to use current project options
INFO: [IP_Flow 19-3420] Updated design_random_inverter_jitter_rand_11_0 to use current project options
INFO: [IP_Flow 19-3420] Updated design_random_inverter_jitter_rand_12_0 to use current project options
INFO: [IP_Flow 19-3420] Updated design_random_inverter_jitter_rand_1_0 to use current project options
INFO: [IP_Flow 19-3420] Updated design_random_inverter_jitter_rand_2_0 to use current project options
INFO: [IP_Flow 19-3420] Updated design_random_inverter_jitter_rand_3_0 to use current project options
INFO: [IP_Flow 19-3420] Updated design_random_inverter_jitter_rand_4_0 to use current project options
INFO: [IP_Flow 19-3420] Updated design_random_inverter_jitter_rand_5_0 to use current project options
INFO: [IP_Flow 19-3420] Updated design_random_inverter_jitter_rand_6_0 to use current project options
INFO: [IP_Flow 19-3420] Updated design_random_inverter_jitter_rand_7_0 to use current project options
INFO: [IP_Flow 19-3420] Updated design_random_inverter_jitter_rand_8_0 to use current project options
INFO: [IP_Flow 19-3420] Updated design_random_inverter_jitter_rand_9_0 to use current project options
Wrote  : <C:\Users\Octa476\Desktop\Random_generator_module\random_generator_project\random_generator_project.srcs\sources_1\bd\design_random\design_random.bd> 
generate_target Simulation [get_files C:/Users/Octa476/Desktop/Random_generator_module/random_generator_project/random_generator_project.srcs/sources_1/bd/design_random/design_random.bd]
Wrote  : <C:\Users\Octa476\Desktop\Random_generator_module\random_generator_project\random_generator_project.srcs\sources_1\bd\design_random\design_random.bd> 
Verilog Output written to : c:/Users/Octa476/Desktop/Random_generator_module/random_generator_project/random_generator_project.gen/sources_1/bd/design_random/synth/design_random.v
Verilog Output written to : c:/Users/Octa476/Desktop/Random_generator_module/random_generator_project/random_generator_project.gen/sources_1/bd/design_random/sim/design_random.v
Verilog Output written to : c:/Users/Octa476/Desktop/Random_generator_module/random_generator_project/random_generator_project.gen/sources_1/bd/design_random/hdl/design_random_wrapper.v
INFO: [BD 41-1029] Generation completed for the IP Integrator block inverter_jitter_rand_0 .
INFO: [BD 41-1029] Generation completed for the IP Integrator block inverter_jitter_rand_1 .
INFO: [BD 41-1029] Generation completed for the IP Integrator block inverter_jitter_rand_2 .
INFO: [BD 41-1029] Generation completed for the IP Integrator block inverter_jitter_rand_3 .
INFO: [BD 41-1029] Generation completed for the IP Integrator block inverter_jitter_rand_4 .
INFO: [BD 41-1029] Generation completed for the IP Integrator block inverter_jitter_rand_5 .
INFO: [BD 41-1029] Generation completed for the IP Integrator block inverter_jitter_rand_6 .
INFO: [BD 41-1029] Generation completed for the IP Integrator block inverter_jitter_rand_7 .
INFO: [BD 41-1029] Generation completed for the IP Integrator block inverter_jitter_rand_8 .
INFO: [BD 41-1029] Generation completed for the IP Integrator block inverter_jitter_rand_9 .
INFO: [BD 41-1029] Generation completed for the IP Integrator block inverter_jitter_rand_10 .
INFO: [BD 41-1029] Generation completed for the IP Integrator block inverter_jitter_rand_11 .
INFO: [BD 41-1029] Generation completed for the IP Integrator block inverter_jitter_rand_12 .
Exporting to file c:/Users/Octa476/Desktop/Random_generator_module/random_generator_project/random_generator_project.gen/sources_1/bd/design_random/hw_handoff/design_random.hwh
Generated Hardware Definition File c:/Users/Octa476/Desktop/Random_generator_module/random_generator_project/random_generator_project.gen/sources_1/bd/design_random/synth/design_random.hwdef
export_ip_user_files -of_objects [get_files C:/Users/Octa476/Desktop/Random_generator_module/random_generator_project/random_generator_project.srcs/sources_1/bd/design_random/design_random.bd] -no_script -sync -force -quiet
export_simulation -of_objects [get_files C:/Users/Octa476/Desktop/Random_generator_module/random_generator_project/random_generator_project.srcs/sources_1/bd/design_random/design_random.bd] -directory C:/Users/Octa476/Desktop/Random_generator_module/random_generator_project/random_generator_project.ip_user_files/sim_scripts -ip_user_files_dir C:/Users/Octa476/Desktop/Random_generator_module/random_generator_project/random_generator_project.ip_user_files -ipstatic_source_dir C:/Users/Octa476/Desktop/Random_generator_module/random_generator_project/random_generator_project.ip_user_files/ipstatic -lib_map_path [list {modelsim=C:/Users/Octa476/Desktop/Random_generator_module/random_generator_project/random_generator_project.cache/compile_simlib/modelsim} {questa=C:/Users/Octa476/Desktop/Random_generator_module/random_generator_project/random_generator_project.cache/compile_simlib/questa} {riviera=C:/Users/Octa476/Desktop/Random_generator_module/random_generator_project/random_generator_project.cache/compile_simlib/riviera} {activehdl=C:/Users/Octa476/Desktop/Random_generator_module/random_generator_project/random_generator_project.cache/compile_simlib/activehdl}] -use_ip_compiled_libs -force -quiet
launch_simulation
Command: launch_simulation 
INFO: [Vivado 12-12493] Simulation top is 'tb_design_random'
WARNING: [Vivado 12-13340] Unable to auto find GCC executables from simulator install path! (path not set)
INFO: [Vivado 12-5682] Launching behavioral simulation in 'C:/Users/Octa476/Desktop/Random_generator_module/random_generator_project/random_generator_project.sim/sim_1/behav/xsim'
INFO: [Vivado 12-13660] Precompiled IP simulation library mode is enabled (default). The design IP libraries will be referenced from the compiled library path. Please note that if the precompiled version of the library is not found from the path or the IP is in locked state, then the library source files for these IPs will be compiled locally as part of the compile order.
INFO: [Vivado 12-4795] Using compiled simulation libraries for IPs
INFO: [SIM-utils-51] Simulation object is 'sim_1'
INFO: [SIM-utils-72] Using boost library from 'D:/Xilinx/Vivado/2024.2/tps/boost_1_72_0'
INFO: [USF-XSim-7] Finding pre-compiled libraries...
INFO: [USF-XSim-11] File 'D:/Xilinx/Vivado/2024.2/data/xsim/xsim.ini' copied to run dir:'C:/Users/Octa476/Desktop/Random_generator_module/random_generator_project/random_generator_project.sim/sim_1/behav/xsim'
INFO: [SIM-utils-54] Inspecting design source files for 'tb_design_random' in fileset 'sim_1'...
INFO: [USF-XSim-97] Finding global include files...
INFO: [USF-XSim-98] Fetching design files from 'sim_1'...
INFO: [USF-XSim-2] XSim::Compile design
INFO: [USF-XSim-61] Executing 'COMPILE and ANALYZE' step in 'C:/Users/Octa476/Desktop/Random_generator_module/random_generator_project/random_generator_project.sim/sim_1/behav/xsim'
"xvlog --incr --relax -prj tb_design_random_vlog.prj"
INFO: [VRFC 10-2263] Analyzing Verilog file "C:/Users/Octa476/Desktop/Random_generator_module/random_generator_project/random_generator_project.srcs/sources_1/new/nand_module.v" into library xil_defaultlib
INFO: [VRFC 10-311] analyzing module nand_module
INFO: [VRFC 10-2263] Analyzing Verilog file "C:/Users/Octa476/Desktop/Random_generator_module/random_generator_project/random_generator_project.srcs/sources_1/new/xor_4.v" into library xil_defaultlib
INFO: [VRFC 10-311] analyzing module xor_4
INFO: [VRFC 10-2263] Analyzing Verilog file "C:/Users/Octa476/Desktop/Random_generator_module/random_generator_project/random_generator_project.srcs/sources_1/new/xor_3.v" into library xil_defaultlib
INFO: [VRFC 10-311] analyzing module xor_3
INFO: [VRFC 10-2263] Analyzing Verilog file "C:/Users/Octa476/Desktop/Random_generator_module/random_generator_project/random_generator_project.srcs/sources_1/new/inverter_jitter.v" into library xil_defaultlib
INFO: [VRFC 10-311] analyzing module inverter_jitter_random
WARNING: [VRFC 10-2500] empty parameter declaration is only allowed in SystemVerilog mode [C:/Users/Octa476/Desktop/Random_generator_module/random_generator_project/random_generator_project.srcs/sources_1/new/inverter_jitter.v:23]
INFO: [VRFC 10-2263] Analyzing Verilog file "C:/Users/Octa476/Desktop/Random_generator_module/random_generator_project/random_generator_project.srcs/sources_1/new/dff_module1.v" into library xil_defaultlib
INFO: [VRFC 10-311] analyzing module dff_module1
INFO: [VRFC 10-2263] Analyzing Verilog file "C:/Users/Octa476/Desktop/Random_generator_module/random_generator_project/random_generator_project.ip_user_files/bd/design_random/ip/design_random_nand_module_0_0/sim/design_random_nand_module_0_0.v" into library xil_defaultlib
INFO: [VRFC 10-311] analyzing module design_random_nand_module_0_0
INFO: [VRFC 10-2263] Analyzing Verilog file "C:/Users/Octa476/Desktop/Random_generator_module/random_generator_project/random_generator_project.ip_user_files/bd/design_random/ip/design_random_nand_module_1_0/sim/design_random_nand_module_1_0.v" into library xil_defaultlib
INFO: [VRFC 10-311] analyzing module design_random_nand_module_1_0
INFO: [VRFC 10-2263] Analyzing Verilog file "C:/Users/Octa476/Desktop/Random_generator_module/random_generator_project/random_generator_project.ip_user_files/bd/design_random/ip/design_random_nand_module_2_0/sim/design_random_nand_module_2_0.v" into library xil_defaultlib
INFO: [VRFC 10-311] analyzing module design_random_nand_module_2_0
INFO: [VRFC 10-2263] Analyzing Verilog file "C:/Users/Octa476/Desktop/Random_generator_module/random_generator_project/random_generator_project.ip_user_files/bd/design_random/ip/design_random_nand_module_3_0/sim/design_random_nand_module_3_0.v" into library xil_defaultlib
INFO: [VRFC 10-311] analyzing module design_random_nand_module_3_0
INFO: [VRFC 10-2263] Analyzing Verilog file "C:/Users/Octa476/Desktop/Random_generator_module/random_generator_project/random_generator_project.ip_user_files/bd/design_random/ip/design_random_xor_4_0_0/sim/design_random_xor_4_0_0.v" into library xil_defaultlib
INFO: [VRFC 10-311] analyzing module design_random_xor_4_0_0
INFO: [VRFC 10-2263] Analyzing Verilog file "C:/Users/Octa476/Desktop/Random_generator_module/random_generator_project/random_generator_project.ip_user_files/bd/design_random/ip/design_random_nand_module_5_0/sim/design_random_nand_module_5_0.v" into library xil_defaultlib
INFO: [VRFC 10-311] analyzing module design_random_nand_module_5_0
INFO: [VRFC 10-2263] Analyzing Verilog file "C:/Users/Octa476/Desktop/Random_generator_module/random_generator_project/random_generator_project.ip_user_files/bd/design_random/ip/design_random_nand_module_6_0/sim/design_random_nand_module_6_0.v" into library xil_defaultlib
INFO: [VRFC 10-311] analyzing module design_random_nand_module_6_0
INFO: [VRFC 10-2263] Analyzing Verilog file "C:/Users/Octa476/Desktop/Random_generator_module/random_generator_project/random_generator_project.ip_user_files/bd/design_random/ip/design_random_xor_3_0_0/sim/design_random_xor_3_0_0.v" into library xil_defaultlib
INFO: [VRFC 10-311] analyzing module design_random_xor_3_0_0
INFO: [VRFC 10-2263] Analyzing Verilog file "C:/Users/Octa476/Desktop/Random_generator_module/random_generator_project/random_generator_project.ip_user_files/bd/design_random/ip/design_random_inverter_jitter_rand_0_0/sim/design_random_inverter_jitter_rand_0_0.v" into library xil_defaultlib
INFO: [VRFC 10-311] analyzing module design_random_inverter_jitter_rand_0_0
INFO: [VRFC 10-2263] Analyzing Verilog file "C:/Users/Octa476/Desktop/Random_generator_module/random_generator_project/random_generator_project.ip_user_files/bd/design_random/ip/design_random_inverter_jitter_rand_1_0/sim/design_random_inverter_jitter_rand_1_0.v" into library xil_defaultlib
INFO: [VRFC 10-311] analyzing module design_random_inverter_jitter_rand_1_0
INFO: [VRFC 10-2263] Analyzing Verilog file "C:/Users/Octa476/Desktop/Random_generator_module/random_generator_project/random_generator_project.ip_user_files/bd/design_random/ip/design_random_inverter_jitter_rand_2_0/sim/design_random_inverter_jitter_rand_2_0.v" into library xil_defaultlib
INFO: [VRFC 10-311] analyzing module design_random_inverter_jitter_rand_2_0
INFO: [VRFC 10-2263] Analyzing Verilog file "C:/Users/Octa476/Desktop/Random_generator_module/random_generator_project/random_generator_project.ip_user_files/bd/design_random/ip/design_random_inverter_jitter_rand_3_0/sim/design_random_inverter_jitter_rand_3_0.v" into library xil_defaultlib
INFO: [VRFC 10-311] analyzing module design_random_inverter_jitter_rand_3_0
INFO: [VRFC 10-2263] Analyzing Verilog file "C:/Users/Octa476/Desktop/Random_generator_module/random_generator_project/random_generator_project.ip_user_files/bd/design_random/ip/design_random_inverter_jitter_rand_4_0/sim/design_random_inverter_jitter_rand_4_0.v" into library xil_defaultlib
INFO: [VRFC 10-311] analyzing module design_random_inverter_jitter_rand_4_0
INFO: [VRFC 10-2263] Analyzing Verilog file "C:/Users/Octa476/Desktop/Random_generator_module/random_generator_project/random_generator_project.ip_user_files/bd/design_random/ip/design_random_inverter_jitter_rand_5_0/sim/design_random_inverter_jitter_rand_5_0.v" into library xil_defaultlib
INFO: [VRFC 10-311] analyzing module design_random_inverter_jitter_rand_5_0
INFO: [VRFC 10-2263] Analyzing Verilog file "C:/Users/Octa476/Desktop/Random_generator_module/random_generator_project/random_generator_project.ip_user_files/bd/design_random/ip/design_random_inverter_jitter_rand_6_0/sim/design_random_inverter_jitter_rand_6_0.v" into library xil_defaultlib
INFO: [VRFC 10-311] analyzing module design_random_inverter_jitter_rand_6_0
INFO: [VRFC 10-2263] Analyzing Verilog file "C:/Users/Octa476/Desktop/Random_generator_module/random_generator_project/random_generator_project.ip_user_files/bd/design_random/ip/design_random_inverter_jitter_rand_7_0/sim/design_random_inverter_jitter_rand_7_0.v" into library xil_defaultlib
INFO: [VRFC 10-311] analyzing module design_random_inverter_jitter_rand_7_0
INFO: [VRFC 10-2263] Analyzing Verilog file "C:/Users/Octa476/Desktop/Random_generator_module/random_generator_project/random_generator_project.ip_user_files/bd/design_random/ip/design_random_inverter_jitter_rand_8_0/sim/design_random_inverter_jitter_rand_8_0.v" into library xil_defaultlib
INFO: [VRFC 10-311] analyzing module design_random_inverter_jitter_rand_8_0
INFO: [VRFC 10-2263] Analyzing Verilog file "C:/Users/Octa476/Desktop/Random_generator_module/random_generator_project/random_generator_project.ip_user_files/bd/design_random/ip/design_random_inverter_jitter_rand_9_0/sim/design_random_inverter_jitter_rand_9_0.v" into library xil_defaultlib
INFO: [VRFC 10-311] analyzing module design_random_inverter_jitter_rand_9_0
INFO: [VRFC 10-2263] Analyzing Verilog file "C:/Users/Octa476/Desktop/Random_generator_module/random_generator_project/random_generator_project.ip_user_files/bd/design_random/ip/design_random_inverter_jitter_rand_10_0/sim/design_random_inverter_jitter_rand_10_0.v" into library xil_defaultlib
INFO: [VRFC 10-311] analyzing module design_random_inverter_jitter_rand_10_0
INFO: [VRFC 10-2263] Analyzing Verilog file "C:/Users/Octa476/Desktop/Random_generator_module/random_generator_project/random_generator_project.ip_user_files/bd/design_random/ip/design_random_inverter_jitter_rand_11_0/sim/design_random_inverter_jitter_rand_11_0.v" into library xil_defaultlib
INFO: [VRFC 10-311] analyzing module design_random_inverter_jitter_rand_11_0
INFO: [VRFC 10-2263] Analyzing Verilog file "C:/Users/Octa476/Desktop/Random_generator_module/random_generator_project/random_generator_project.ip_user_files/bd/design_random/ip/design_random_inverter_jitter_rand_12_0/sim/design_random_inverter_jitter_rand_12_0.v" into library xil_defaultlib
INFO: [VRFC 10-311] analyzing module design_random_inverter_jitter_rand_12_0
INFO: [VRFC 10-2263] Analyzing Verilog file "C:/Users/Octa476/Desktop/Random_generator_module/random_generator_project/random_generator_project.ip_user_files/bd/design_random/ip/design_random_dff_module1_0_0/sim/design_random_dff_module1_0_0.v" into library xil_defaultlib
INFO: [VRFC 10-311] analyzing module design_random_dff_module1_0_0
INFO: [VRFC 10-2263] Analyzing Verilog file "C:/Users/Octa476/Desktop/Random_generator_module/random_generator_project/random_generator_project.ip_user_files/bd/design_random/ip/design_random_dff_module1_1_0/sim/design_random_dff_module1_1_0.v" into library xil_defaultlib
INFO: [VRFC 10-311] analyzing module design_random_dff_module1_1_0
INFO: [VRFC 10-2263] Analyzing Verilog file "C:/Users/Octa476/Desktop/Random_generator_module/random_generator_project/random_generator_project.ip_user_files/bd/design_random/ip/design_random_dff_module1_2_0/sim/design_random_dff_module1_2_0.v" into library xil_defaultlib
INFO: [VRFC 10-311] analyzing module design_random_dff_module1_2_0
INFO: [VRFC 10-2263] Analyzing Verilog file "C:/Users/Octa476/Desktop/Random_generator_module/random_generator_project/random_generator_project.ip_user_files/bd/design_random/ip/design_random_dff_module1_3_0/sim/design_random_dff_module1_3_0.v" into library xil_defaultlib
INFO: [VRFC 10-311] analyzing module design_random_dff_module1_3_0
INFO: [VRFC 10-2263] Analyzing Verilog file "C:/Users/Octa476/Desktop/Random_generator_module/random_generator_project/random_generator_project.ip_user_files/bd/design_random/ip/design_random_dff_module1_4_0/sim/design_random_dff_module1_4_0.v" into library xil_defaultlib
INFO: [VRFC 10-311] analyzing module design_random_dff_module1_4_0
INFO: [VRFC 10-2263] Analyzing Verilog file "C:/Users/Octa476/Desktop/Random_generator_module/random_generator_project/random_generator_project.ip_user_files/bd/design_random/ip/design_random_dff_module1_5_0/sim/design_random_dff_module1_5_0.v" into library xil_defaultlib
INFO: [VRFC 10-311] analyzing module design_random_dff_module1_5_0
INFO: [VRFC 10-2263] Analyzing Verilog file "C:/Users/Octa476/Desktop/Random_generator_module/random_generator_project/random_generator_project.ip_user_files/bd/design_random/ip/design_random_dff_module1_6_0/sim/design_random_dff_module1_6_0.v" into library xil_defaultlib
INFO: [VRFC 10-311] analyzing module design_random_dff_module1_6_0
INFO: [VRFC 10-2263] Analyzing Verilog file "C:/Users/Octa476/Desktop/Random_generator_module/random_generator_project/random_generator_project.ip_user_files/bd/design_random/sim/design_random.v" into library xil_defaultlib
INFO: [VRFC 10-311] analyzing module design_random
INFO: [VRFC 10-2263] Analyzing Verilog file "C:/Users/Octa476/Desktop/Random_generator_module/random_generator_project/random_generator_project.gen/sources_1/bd/design_random/hdl/design_random_wrapper.v" into library xil_defaultlib
INFO: [VRFC 10-311] analyzing module design_random_wrapper
INFO: [VRFC 10-2263] Analyzing Verilog file "C:/Users/Octa476/Desktop/Random_generator_module/random_generator_project/random_generator_project.srcs/sim_1/new/tb_design_random.v" into library xil_defaultlib
INFO: [VRFC 10-311] analyzing module tb_design_random
run_program: Time (s): cpu = 00:00:00 ; elapsed = 00:00:05 . Memory (MB): peak = 2514.344 ; gain = 0.000
INFO: [USF-XSim-69] 'compile' step finished in '5' seconds
INFO: [USF-XSim-3] XSim::Elaborate design
INFO: [USF-XSim-61] Executing 'ELABORATE' step in 'C:/Users/Octa476/Desktop/Random_generator_module/random_generator_project/random_generator_project.sim/sim_1/behav/xsim'
"xelab --incr --debug typical --relax --mt 2 -L xil_defaultlib -L unisims_ver -L unimacro_ver -L secureip -L xpm --snapshot tb_design_random_behav xil_defaultlib.tb_design_random xil_defaultlib.glbl -log elaborate.log"
Vivado Simulator v2024.2.0
Copyright 1986-2022 Xilinx, Inc. All Rights Reserved.
Copyright 2022-2024 Advanced Micro Devices, Inc. All Rights Reserved.
Running: D:/Xilinx/Vivado/2024.2/bin/unwrapped/win64.o/xelab.exe --incr --debug typical --relax --mt 2 -L xil_defaultlib -L unisims_ver -L unimacro_ver -L secureip -L xpm --snapshot tb_design_random_behav xil_defaultlib.tb_design_random xil_defaultlib.glbl -log elaborate.log 
Using 2 slave threads.
Starting static elaboration
Pass Through NonSizing Optimizer
Completed static elaboration
Starting simulation data flow analysis
Completed simulation data flow analysis
Time Resolution for simulation is 1ps
Compiling module xil_defaultlib.dff_module1
Compiling module xil_defaultlib.design_random_dff_module1_0_0
Compiling module xil_defaultlib.design_random_dff_module1_1_0
Compiling module xil_defaultlib.design_random_dff_module1_2_0
Compiling module xil_defaultlib.design_random_dff_module1_3_0
Compiling module xil_defaultlib.design_random_dff_module1_4_0
Compiling module xil_defaultlib.design_random_dff_module1_5_0
Compiling module xil_defaultlib.design_random_dff_module1_6_0
Compiling module xil_defaultlib.inverter_jitter_random
Compiling module xil_defaultlib.design_random_inverter_jitter_ra...
Compiling module xil_defaultlib.design_random_inverter_jitter_ra...
Compiling module xil_defaultlib.design_random_inverter_jitter_ra...
Compiling module xil_defaultlib.design_random_inverter_jitter_ra...
Compiling module xil_defaultlib.design_random_inverter_jitter_ra...
Compiling module xil_defaultlib.design_random_inverter_jitter_ra...
Compiling module xil_defaultlib.design_random_inverter_jitter_ra...
Compiling module xil_defaultlib.design_random_inverter_jitter_ra...
Compiling module xil_defaultlib.design_random_inverter_jitter_ra...
Compiling module xil_defaultlib.design_random_inverter_jitter_ra...
Compiling module xil_defaultlib.design_random_inverter_jitter_ra...
Compiling module xil_defaultlib.design_random_inverter_jitter_ra...
Compiling module xil_defaultlib.design_random_inverter_jitter_ra...
Compiling module xil_defaultlib.nand_module
Compiling module xil_defaultlib.design_random_nand_module_0_0
Compiling module xil_defaultlib.design_random_nand_module_1_0
Compiling module xil_defaultlib.design_random_nand_module_2_0
Compiling module xil_defaultlib.design_random_nand_module_3_0
Compiling module xil_defaultlib.design_random_nand_module_5_0
Compiling module xil_defaultlib.design_random_nand_module_6_0
Compiling module xil_defaultlib.xor_3
Compiling module xil_defaultlib.design_random_xor_3_0_0
Compiling module xil_defaultlib.xor_4
Compiling module xil_defaultlib.design_random_xor_4_0_0
Compiling module xil_defaultlib.design_random
Compiling module xil_defaultlib.design_random_wrapper
Compiling module xil_defaultlib.tb_design_random
Compiling module xil_defaultlib.glbl
Built simulation snapshot tb_design_random_behav
INFO: [USF-XSim-69] 'elaborate' step finished in '4' seconds
INFO: [USF-XSim-4] XSim::Simulate design
INFO: [USF-XSim-61] Executing 'SIMULATE' step in 'C:/Users/Octa476/Desktop/Random_generator_module/random_generator_project/random_generator_project.sim/sim_1/behav/xsim'
INFO: [USF-XSim-98] *** Running xsim
   with args "tb_design_random_behav -key {Behavioral:sim_1:Functional:tb_design_random} -tclbatch {tb_design_random.tcl} -protoinst "protoinst_files/design_random.protoinst" -log {simulate.log}"
INFO: [USF-XSim-8] Loading simulator feature
INFO: [Wavedata 42-565] Reading protoinst file protoinst_files/design_random.protoinst
Time resolution is 1 ps
source tb_design_random.tcl
# set curr_wave [current_wave_config]
# if { [string length $curr_wave] == 0 } {
#   if { [llength [get_objects]] > 0} {
#     add_wave /
#     set_property needs_save false [current_wave_config]
#   } else {
#      send_msg_id Add_Wave-1 WARNING "No top level signals found. Simulator will start without a wave window. If you want to open a wave window go to 'File->New Waveform Configuration' or type 'create_wave_config' in the TCL console."
#   }
# }
# run 1000ns
 1926115056
          8
-2031390106
         -9
 2130638015
          0
 1997698847
          1
 1261419128
          2
-1356465798
         -6
 1322774539
          9
-1765511728
         -2
  658078637
          7
 1793175889
         10
-1560988801
         -9
-1826867130
          0
 1527297498
          1
 1212153467
          8
  697753330
         10
  512260564
          2
-1089046984
         -3
INFO: [USF-XSim-96] XSim completed. Design snapshot 'tb_design_random_behav' loaded.
INFO: [USF-XSim-97] XSim simulation ran for 1000ns
launch_simulation: Time (s): cpu = 00:00:04 ; elapsed = 00:00:14 . Memory (MB): peak = 2514.344 ; gain = 0.000
WARNING: [filemgmt 56-199] Attempt to get parsing info during refresh. "On-the-fly" syntax checking information may be incorrect. [C:\Users\Octa476\Desktop\Random_generator_module\random_generator_project\random_generator_project.srcs\sim_1\new\tb_design_random.v:]
WARNING: [filemgmt 56-199] Attempt to get parsing info during refresh. "On-the-fly" syntax checking information may be incorrect. [C:\Users\Octa476\Desktop\Random_generator_module\random_generator_project\random_generator_project.srcs\sources_1\new\inverter_jitter.v:]
WARNING: [filemgmt 56-199] Attempt to get parsing info during refresh. "On-the-fly" syntax checking information may be incorrect. [C:\Users\Octa476\Desktop\Random_generator_module\random_generator_project\random_generator_project.srcs\sim_1\new\tb_design_random.v:]
WARNING: [filemgmt 56-199] Attempt to get parsing info during refresh. "On-the-fly" syntax checking information may be incorrect. [C:\Users\Octa476\Desktop\Random_generator_module\random_generator_project\random_generator_project.srcs\sim_1\new\tb_design_random.v:]
ERROR: [Common 17-180] Spawn failed: No error
WARNING: [filemgmt 56-199] Attempt to get parsing info during refresh. "On-the-fly" syntax checking information may be incorrect. [C:\Users\Octa476\Desktop\Random_generator_module\random_generator_project\random_generator_project.srcs\sim_1\new\tb_design_random.v:]
WARNING: [filemgmt 56-199] Attempt to get parsing info during refresh. "On-the-fly" syntax checking information may be incorrect. [C:\Users\Octa476\Desktop\Random_generator_module\random_generator_project\random_generator_project.srcs\sources_1\new\inverter_jitter.v:]
WARNING: [filemgmt 56-199] Attempt to get parsing info during refresh. "On-the-fly" syntax checking information may be incorrect. [C:\Users\Octa476\Desktop\Random_generator_module\random_generator_project\random_generator_project.srcs\sim_1\new\tb_design_random.v:]
WARNING: [filemgmt 56-199] Attempt to get parsing info during refresh. "On-the-fly" syntax checking information may be incorrect. [C:\Users\Octa476\Desktop\Random_generator_module\random_generator_project\random_generator_project.srcs\sim_1\new\tb_design_random.v:]
ERROR: [Common 17-180] Spawn failed: No error
report_ip_status -name ip_status 
update_module_reference [get_ips  {design_random_inverter_jitter_rand_3_0 design_random_inverter_jitter_rand_0_0 design_random_inverter_jitter_rand_4_0 design_random_inverter_jitter_rand_11_0 design_random_inverter_jitter_rand_1_0 design_random_inverter_jitter_rand_2_0 design_random_inverter_jitter_rand_7_0 design_random_inverter_jitter_rand_5_0 design_random_inverter_jitter_rand_9_0 design_random_inverter_jitter_rand_12_0 design_random_inverter_jitter_rand_8_0 design_random_inverter_jitter_rand_6_0 design_random_inverter_jitter_rand_10_0}]
Upgrading 'C:/Users/Octa476/Desktop/Random_generator_module/random_generator_project/random_generator_project.srcs/sources_1/bd/design_random/design_random.bd'
INFO: [IP_Flow 19-3420] Updated design_random_inverter_jitter_rand_0_0 to use current project options
INFO: [IP_Flow 19-3420] Updated design_random_inverter_jitter_rand_10_0 to use current project options
INFO: [IP_Flow 19-3420] Updated design_random_inverter_jitter_rand_11_0 to use current project options
INFO: [IP_Flow 19-3420] Updated design_random_inverter_jitter_rand_12_0 to use current project options
INFO: [IP_Flow 19-3420] Updated design_random_inverter_jitter_rand_1_0 to use current project options
INFO: [IP_Flow 19-3420] Updated design_random_inverter_jitter_rand_2_0 to use current project options
INFO: [IP_Flow 19-3420] Updated design_random_inverter_jitter_rand_3_0 to use current project options
INFO: [IP_Flow 19-3420] Updated design_random_inverter_jitter_rand_4_0 to use current project options
INFO: [IP_Flow 19-3420] Updated design_random_inverter_jitter_rand_5_0 to use current project options
INFO: [IP_Flow 19-3420] Updated design_random_inverter_jitter_rand_6_0 to use current project options
INFO: [IP_Flow 19-3420] Updated design_random_inverter_jitter_rand_7_0 to use current project options
INFO: [IP_Flow 19-3420] Updated design_random_inverter_jitter_rand_8_0 to use current project options
INFO: [IP_Flow 19-3420] Updated design_random_inverter_jitter_rand_9_0 to use current project options
Wrote  : <C:\Users\Octa476\Desktop\Random_generator_module\random_generator_project\random_generator_project.srcs\sources_1\bd\design_random\design_random.bd> 
update_module_reference: Time (s): cpu = 00:00:03 ; elapsed = 00:00:05 . Memory (MB): peak = 2514.344 ; gain = 0.000
close_sim
INFO: [Simtcl 6-16] Simulation closed
generate_target Simulation [get_files C:/Users/Octa476/Desktop/Random_generator_module/random_generator_project/random_generator_project.srcs/sources_1/bd/design_random/design_random.bd]
Wrote  : <C:\Users\Octa476\Desktop\Random_generator_module\random_generator_project\random_generator_project.srcs\sources_1\bd\design_random\design_random.bd> 
Verilog Output written to : c:/Users/Octa476/Desktop/Random_generator_module/random_generator_project/random_generator_project.gen/sources_1/bd/design_random/synth/design_random.v
Verilog Output written to : c:/Users/Octa476/Desktop/Random_generator_module/random_generator_project/random_generator_project.gen/sources_1/bd/design_random/sim/design_random.v
Verilog Output written to : c:/Users/Octa476/Desktop/Random_generator_module/random_generator_project/random_generator_project.gen/sources_1/bd/design_random/hdl/design_random_wrapper.v
INFO: [BD 41-1029] Generation completed for the IP Integrator block inverter_jitter_rand_0 .
INFO: [BD 41-1029] Generation completed for the IP Integrator block inverter_jitter_rand_1 .
INFO: [BD 41-1029] Generation completed for the IP Integrator block inverter_jitter_rand_2 .
INFO: [BD 41-1029] Generation completed for the IP Integrator block inverter_jitter_rand_3 .
INFO: [BD 41-1029] Generation completed for the IP Integrator block inverter_jitter_rand_4 .
INFO: [BD 41-1029] Generation completed for the IP Integrator block inverter_jitter_rand_5 .
INFO: [BD 41-1029] Generation completed for the IP Integrator block inverter_jitter_rand_6 .
INFO: [BD 41-1029] Generation completed for the IP Integrator block inverter_jitter_rand_7 .
INFO: [BD 41-1029] Generation completed for the IP Integrator block inverter_jitter_rand_8 .
INFO: [BD 41-1029] Generation completed for the IP Integrator block inverter_jitter_rand_9 .
INFO: [BD 41-1029] Generation completed for the IP Integrator block inverter_jitter_rand_10 .
INFO: [BD 41-1029] Generation completed for the IP Integrator block inverter_jitter_rand_11 .
INFO: [BD 41-1029] Generation completed for the IP Integrator block inverter_jitter_rand_12 .
Exporting to file c:/Users/Octa476/Desktop/Random_generator_module/random_generator_project/random_generator_project.gen/sources_1/bd/design_random/hw_handoff/design_random.hwh
Generated Hardware Definition File c:/Users/Octa476/Desktop/Random_generator_module/random_generator_project/random_generator_project.gen/sources_1/bd/design_random/synth/design_random.hwdef
export_ip_user_files -of_objects [get_files C:/Users/Octa476/Desktop/Random_generator_module/random_generator_project/random_generator_project.srcs/sources_1/bd/design_random/design_random.bd] -no_script -sync -force -quiet
export_simulation -of_objects [get_files C:/Users/Octa476/Desktop/Random_generator_module/random_generator_project/random_generator_project.srcs/sources_1/bd/design_random/design_random.bd] -directory C:/Users/Octa476/Desktop/Random_generator_module/random_generator_project/random_generator_project.ip_user_files/sim_scripts -ip_user_files_dir C:/Users/Octa476/Desktop/Random_generator_module/random_generator_project/random_generator_project.ip_user_files -ipstatic_source_dir C:/Users/Octa476/Desktop/Random_generator_module/random_generator_project/random_generator_project.ip_user_files/ipstatic -lib_map_path [list {modelsim=C:/Users/Octa476/Desktop/Random_generator_module/random_generator_project/random_generator_project.cache/compile_simlib/modelsim} {questa=C:/Users/Octa476/Desktop/Random_generator_module/random_generator_project/random_generator_project.cache/compile_simlib/questa} {riviera=C:/Users/Octa476/Desktop/Random_generator_module/random_generator_project/random_generator_project.cache/compile_simlib/riviera} {activehdl=C:/Users/Octa476/Desktop/Random_generator_module/random_generator_project/random_generator_project.cache/compile_simlib/activehdl}] -use_ip_compiled_libs -force -quiet
launch_simulation
Command: launch_simulation 
INFO: [Vivado 12-12493] Simulation top is 'tb_design_random'
WARNING: [Vivado 12-13340] Unable to auto find GCC executables from simulator install path! (path not set)
INFO: [Vivado 12-5682] Launching behavioral simulation in 'C:/Users/Octa476/Desktop/Random_generator_module/random_generator_project/random_generator_project.sim/sim_1/behav/xsim'
INFO: [Vivado 12-13660] Precompiled IP simulation library mode is enabled (default). The design IP libraries will be referenced from the compiled library path. Please note that if the precompiled version of the library is not found from the path or the IP is in locked state, then the library source files for these IPs will be compiled locally as part of the compile order.
INFO: [Vivado 12-4795] Using compiled simulation libraries for IPs
INFO: [SIM-utils-51] Simulation object is 'sim_1'
INFO: [SIM-utils-72] Using boost library from 'D:/Xilinx/Vivado/2024.2/tps/boost_1_72_0'
INFO: [USF-XSim-7] Finding pre-compiled libraries...
INFO: [USF-XSim-11] File 'D:/Xilinx/Vivado/2024.2/data/xsim/xsim.ini' copied to run dir:'C:/Users/Octa476/Desktop/Random_generator_module/random_generator_project/random_generator_project.sim/sim_1/behav/xsim'
INFO: [SIM-utils-54] Inspecting design source files for 'tb_design_random' in fileset 'sim_1'...
INFO: [USF-XSim-97] Finding global include files...
INFO: [USF-XSim-98] Fetching design files from 'sim_1'...
INFO: [USF-XSim-2] XSim::Compile design
INFO: [USF-XSim-61] Executing 'COMPILE and ANALYZE' step in 'C:/Users/Octa476/Desktop/Random_generator_module/random_generator_project/random_generator_project.sim/sim_1/behav/xsim'
"xvlog --incr --relax -prj tb_design_random_vlog.prj"
INFO: [VRFC 10-2263] Analyzing Verilog file "C:/Users/Octa476/Desktop/Random_generator_module/random_generator_project/random_generator_project.srcs/sources_1/new/nand_module.v" into library xil_defaultlib
INFO: [VRFC 10-311] analyzing module nand_module
INFO: [VRFC 10-2263] Analyzing Verilog file "C:/Users/Octa476/Desktop/Random_generator_module/random_generator_project/random_generator_project.srcs/sources_1/new/xor_4.v" into library xil_defaultlib
INFO: [VRFC 10-311] analyzing module xor_4
INFO: [VRFC 10-2263] Analyzing Verilog file "C:/Users/Octa476/Desktop/Random_generator_module/random_generator_project/random_generator_project.srcs/sources_1/new/xor_3.v" into library xil_defaultlib
INFO: [VRFC 10-311] analyzing module xor_3
INFO: [VRFC 10-2263] Analyzing Verilog file "C:/Users/Octa476/Desktop/Random_generator_module/random_generator_project/random_generator_project.srcs/sources_1/new/inverter_jitter.v" into library xil_defaultlib
INFO: [VRFC 10-311] analyzing module inverter_jitter_random
WARNING: [VRFC 10-2500] empty parameter declaration is only allowed in SystemVerilog mode [C:/Users/Octa476/Desktop/Random_generator_module/random_generator_project/random_generator_project.srcs/sources_1/new/inverter_jitter.v:23]
INFO: [VRFC 10-2263] Analyzing Verilog file "C:/Users/Octa476/Desktop/Random_generator_module/random_generator_project/random_generator_project.srcs/sources_1/new/dff_module1.v" into library xil_defaultlib
INFO: [VRFC 10-311] analyzing module dff_module1
INFO: [VRFC 10-2263] Analyzing Verilog file "C:/Users/Octa476/Desktop/Random_generator_module/random_generator_project/random_generator_project.ip_user_files/bd/design_random/ip/design_random_nand_module_0_0/sim/design_random_nand_module_0_0.v" into library xil_defaultlib
INFO: [VRFC 10-311] analyzing module design_random_nand_module_0_0
INFO: [VRFC 10-2263] Analyzing Verilog file "C:/Users/Octa476/Desktop/Random_generator_module/random_generator_project/random_generator_project.ip_user_files/bd/design_random/ip/design_random_nand_module_1_0/sim/design_random_nand_module_1_0.v" into library xil_defaultlib
INFO: [VRFC 10-311] analyzing module design_random_nand_module_1_0
INFO: [VRFC 10-2263] Analyzing Verilog file "C:/Users/Octa476/Desktop/Random_generator_module/random_generator_project/random_generator_project.ip_user_files/bd/design_random/ip/design_random_nand_module_2_0/sim/design_random_nand_module_2_0.v" into library xil_defaultlib
INFO: [VRFC 10-311] analyzing module design_random_nand_module_2_0
INFO: [VRFC 10-2263] Analyzing Verilog file "C:/Users/Octa476/Desktop/Random_generator_module/random_generator_project/random_generator_project.ip_user_files/bd/design_random/ip/design_random_nand_module_3_0/sim/design_random_nand_module_3_0.v" into library xil_defaultlib
INFO: [VRFC 10-311] analyzing module design_random_nand_module_3_0
INFO: [VRFC 10-2263] Analyzing Verilog file "C:/Users/Octa476/Desktop/Random_generator_module/random_generator_project/random_generator_project.ip_user_files/bd/design_random/ip/design_random_xor_4_0_0/sim/design_random_xor_4_0_0.v" into library xil_defaultlib
INFO: [VRFC 10-311] analyzing module design_random_xor_4_0_0
INFO: [VRFC 10-2263] Analyzing Verilog file "C:/Users/Octa476/Desktop/Random_generator_module/random_generator_project/random_generator_project.ip_user_files/bd/design_random/ip/design_random_nand_module_5_0/sim/design_random_nand_module_5_0.v" into library xil_defaultlib
INFO: [VRFC 10-311] analyzing module design_random_nand_module_5_0
INFO: [VRFC 10-2263] Analyzing Verilog file "C:/Users/Octa476/Desktop/Random_generator_module/random_generator_project/random_generator_project.ip_user_files/bd/design_random/ip/design_random_nand_module_6_0/sim/design_random_nand_module_6_0.v" into library xil_defaultlib
INFO: [VRFC 10-311] analyzing module design_random_nand_module_6_0
INFO: [VRFC 10-2263] Analyzing Verilog file "C:/Users/Octa476/Desktop/Random_generator_module/random_generator_project/random_generator_project.ip_user_files/bd/design_random/ip/design_random_xor_3_0_0/sim/design_random_xor_3_0_0.v" into library xil_defaultlib
INFO: [VRFC 10-311] analyzing module design_random_xor_3_0_0
INFO: [VRFC 10-2263] Analyzing Verilog file "C:/Users/Octa476/Desktop/Random_generator_module/random_generator_project/random_generator_project.ip_user_files/bd/design_random/ip/design_random_inverter_jitter_rand_0_0/sim/design_random_inverter_jitter_rand_0_0.v" into library xil_defaultlib
INFO: [VRFC 10-311] analyzing module design_random_inverter_jitter_rand_0_0
INFO: [VRFC 10-2263] Analyzing Verilog file "C:/Users/Octa476/Desktop/Random_generator_module/random_generator_project/random_generator_project.ip_user_files/bd/design_random/ip/design_random_inverter_jitter_rand_1_0/sim/design_random_inverter_jitter_rand_1_0.v" into library xil_defaultlib
INFO: [VRFC 10-311] analyzing module design_random_inverter_jitter_rand_1_0
INFO: [VRFC 10-2263] Analyzing Verilog file "C:/Users/Octa476/Desktop/Random_generator_module/random_generator_project/random_generator_project.ip_user_files/bd/design_random/ip/design_random_inverter_jitter_rand_2_0/sim/design_random_inverter_jitter_rand_2_0.v" into library xil_defaultlib
INFO: [VRFC 10-311] analyzing module design_random_inverter_jitter_rand_2_0
INFO: [VRFC 10-2263] Analyzing Verilog file "C:/Users/Octa476/Desktop/Random_generator_module/random_generator_project/random_generator_project.ip_user_files/bd/design_random/ip/design_random_inverter_jitter_rand_3_0/sim/design_random_inverter_jitter_rand_3_0.v" into library xil_defaultlib
INFO: [VRFC 10-311] analyzing module design_random_inverter_jitter_rand_3_0
INFO: [VRFC 10-2263] Analyzing Verilog file "C:/Users/Octa476/Desktop/Random_generator_module/random_generator_project/random_generator_project.ip_user_files/bd/design_random/ip/design_random_inverter_jitter_rand_4_0/sim/design_random_inverter_jitter_rand_4_0.v" into library xil_defaultlib
INFO: [VRFC 10-311] analyzing module design_random_inverter_jitter_rand_4_0
INFO: [VRFC 10-2263] Analyzing Verilog file "C:/Users/Octa476/Desktop/Random_generator_module/random_generator_project/random_generator_project.ip_user_files/bd/design_random/ip/design_random_inverter_jitter_rand_5_0/sim/design_random_inverter_jitter_rand_5_0.v" into library xil_defaultlib
INFO: [VRFC 10-311] analyzing module design_random_inverter_jitter_rand_5_0
INFO: [VRFC 10-2263] Analyzing Verilog file "C:/Users/Octa476/Desktop/Random_generator_module/random_generator_project/random_generator_project.ip_user_files/bd/design_random/ip/design_random_inverter_jitter_rand_6_0/sim/design_random_inverter_jitter_rand_6_0.v" into library xil_defaultlib
INFO: [VRFC 10-311] analyzing module design_random_inverter_jitter_rand_6_0
INFO: [VRFC 10-2263] Analyzing Verilog file "C:/Users/Octa476/Desktop/Random_generator_module/random_generator_project/random_generator_project.ip_user_files/bd/design_random/ip/design_random_inverter_jitter_rand_7_0/sim/design_random_inverter_jitter_rand_7_0.v" into library xil_defaultlib
INFO: [VRFC 10-311] analyzing module design_random_inverter_jitter_rand_7_0
INFO: [VRFC 10-2263] Analyzing Verilog file "C:/Users/Octa476/Desktop/Random_generator_module/random_generator_project/random_generator_project.ip_user_files/bd/design_random/ip/design_random_inverter_jitter_rand_8_0/sim/design_random_inverter_jitter_rand_8_0.v" into library xil_defaultlib
INFO: [VRFC 10-311] analyzing module design_random_inverter_jitter_rand_8_0
INFO: [VRFC 10-2263] Analyzing Verilog file "C:/Users/Octa476/Desktop/Random_generator_module/random_generator_project/random_generator_project.ip_user_files/bd/design_random/ip/design_random_inverter_jitter_rand_9_0/sim/design_random_inverter_jitter_rand_9_0.v" into library xil_defaultlib
INFO: [VRFC 10-311] analyzing module design_random_inverter_jitter_rand_9_0
INFO: [VRFC 10-2263] Analyzing Verilog file "C:/Users/Octa476/Desktop/Random_generator_module/random_generator_project/random_generator_project.ip_user_files/bd/design_random/ip/design_random_inverter_jitter_rand_10_0/sim/design_random_inverter_jitter_rand_10_0.v" into library xil_defaultlib
INFO: [VRFC 10-311] analyzing module design_random_inverter_jitter_rand_10_0
INFO: [VRFC 10-2263] Analyzing Verilog file "C:/Users/Octa476/Desktop/Random_generator_module/random_generator_project/random_generator_project.ip_user_files/bd/design_random/ip/design_random_inverter_jitter_rand_11_0/sim/design_random_inverter_jitter_rand_11_0.v" into library xil_defaultlib
INFO: [VRFC 10-311] analyzing module design_random_inverter_jitter_rand_11_0
INFO: [VRFC 10-2263] Analyzing Verilog file "C:/Users/Octa476/Desktop/Random_generator_module/random_generator_project/random_generator_project.ip_user_files/bd/design_random/ip/design_random_inverter_jitter_rand_12_0/sim/design_random_inverter_jitter_rand_12_0.v" into library xil_defaultlib
INFO: [VRFC 10-311] analyzing module design_random_inverter_jitter_rand_12_0
INFO: [VRFC 10-2263] Analyzing Verilog file "C:/Users/Octa476/Desktop/Random_generator_module/random_generator_project/random_generator_project.ip_user_files/bd/design_random/ip/design_random_dff_module1_0_0/sim/design_random_dff_module1_0_0.v" into library xil_defaultlib
INFO: [VRFC 10-311] analyzing module design_random_dff_module1_0_0
INFO: [VRFC 10-2263] Analyzing Verilog file "C:/Users/Octa476/Desktop/Random_generator_module/random_generator_project/random_generator_project.ip_user_files/bd/design_random/ip/design_random_dff_module1_1_0/sim/design_random_dff_module1_1_0.v" into library xil_defaultlib
INFO: [VRFC 10-311] analyzing module design_random_dff_module1_1_0
INFO: [VRFC 10-2263] Analyzing Verilog file "C:/Users/Octa476/Desktop/Random_generator_module/random_generator_project/random_generator_project.ip_user_files/bd/design_random/ip/design_random_dff_module1_2_0/sim/design_random_dff_module1_2_0.v" into library xil_defaultlib
INFO: [VRFC 10-311] analyzing module design_random_dff_module1_2_0
INFO: [VRFC 10-2263] Analyzing Verilog file "C:/Users/Octa476/Desktop/Random_generator_module/random_generator_project/random_generator_project.ip_user_files/bd/design_random/ip/design_random_dff_module1_3_0/sim/design_random_dff_module1_3_0.v" into library xil_defaultlib
INFO: [VRFC 10-311] analyzing module design_random_dff_module1_3_0
INFO: [VRFC 10-2263] Analyzing Verilog file "C:/Users/Octa476/Desktop/Random_generator_module/random_generator_project/random_generator_project.ip_user_files/bd/design_random/ip/design_random_dff_module1_4_0/sim/design_random_dff_module1_4_0.v" into library xil_defaultlib
INFO: [VRFC 10-311] analyzing module design_random_dff_module1_4_0
INFO: [VRFC 10-2263] Analyzing Verilog file "C:/Users/Octa476/Desktop/Random_generator_module/random_generator_project/random_generator_project.ip_user_files/bd/design_random/ip/design_random_dff_module1_5_0/sim/design_random_dff_module1_5_0.v" into library xil_defaultlib
INFO: [VRFC 10-311] analyzing module design_random_dff_module1_5_0
INFO: [VRFC 10-2263] Analyzing Verilog file "C:/Users/Octa476/Desktop/Random_generator_module/random_generator_project/random_generator_project.ip_user_files/bd/design_random/ip/design_random_dff_module1_6_0/sim/design_random_dff_module1_6_0.v" into library xil_defaultlib
INFO: [VRFC 10-311] analyzing module design_random_dff_module1_6_0
INFO: [VRFC 10-2263] Analyzing Verilog file "C:/Users/Octa476/Desktop/Random_generator_module/random_generator_project/random_generator_project.ip_user_files/bd/design_random/sim/design_random.v" into library xil_defaultlib
INFO: [VRFC 10-311] analyzing module design_random
INFO: [VRFC 10-2263] Analyzing Verilog file "C:/Users/Octa476/Desktop/Random_generator_module/random_generator_project/random_generator_project.gen/sources_1/bd/design_random/hdl/design_random_wrapper.v" into library xil_defaultlib
INFO: [VRFC 10-311] analyzing module design_random_wrapper
INFO: [VRFC 10-2263] Analyzing Verilog file "C:/Users/Octa476/Desktop/Random_generator_module/random_generator_project/random_generator_project.srcs/sim_1/new/tb_design_random.v" into library xil_defaultlib
INFO: [VRFC 10-311] analyzing module tb_design_random
run_program: Time (s): cpu = 00:00:01 ; elapsed = 00:00:05 . Memory (MB): peak = 2514.344 ; gain = 0.000
INFO: [USF-XSim-69] 'compile' step finished in '6' seconds
INFO: [USF-XSim-3] XSim::Elaborate design
INFO: [USF-XSim-61] Executing 'ELABORATE' step in 'C:/Users/Octa476/Desktop/Random_generator_module/random_generator_project/random_generator_project.sim/sim_1/behav/xsim'
"xelab --incr --debug typical --relax --mt 2 -L xil_defaultlib -L unisims_ver -L unimacro_ver -L secureip -L xpm --snapshot tb_design_random_behav xil_defaultlib.tb_design_random xil_defaultlib.glbl -log elaborate.log"
Vivado Simulator v2024.2.0
Copyright 1986-2022 Xilinx, Inc. All Rights Reserved.
Copyright 2022-2024 Advanced Micro Devices, Inc. All Rights Reserved.
Running: D:/Xilinx/Vivado/2024.2/bin/unwrapped/win64.o/xelab.exe --incr --debug typical --relax --mt 2 -L xil_defaultlib -L unisims_ver -L unimacro_ver -L secureip -L xpm --snapshot tb_design_random_behav xil_defaultlib.tb_design_random xil_defaultlib.glbl -log elaborate.log 
Using 2 slave threads.
Starting static elaboration
Pass Through NonSizing Optimizer
Completed static elaboration
Starting simulation data flow analysis
Completed simulation data flow analysis
Time Resolution for simulation is 1ps
Compiling module xil_defaultlib.dff_module1
Compiling module xil_defaultlib.design_random_dff_module1_0_0
Compiling module xil_defaultlib.design_random_dff_module1_1_0
Compiling module xil_defaultlib.design_random_dff_module1_2_0
Compiling module xil_defaultlib.design_random_dff_module1_3_0
Compiling module xil_defaultlib.design_random_dff_module1_4_0
Compiling module xil_defaultlib.design_random_dff_module1_5_0
Compiling module xil_defaultlib.design_random_dff_module1_6_0
Compiling module xil_defaultlib.inverter_jitter_random
Compiling module xil_defaultlib.design_random_inverter_jitter_ra...
Compiling module xil_defaultlib.design_random_inverter_jitter_ra...
Compiling module xil_defaultlib.design_random_inverter_jitter_ra...
Compiling module xil_defaultlib.design_random_inverter_jitter_ra...
Compiling module xil_defaultlib.design_random_inverter_jitter_ra...
Compiling module xil_defaultlib.design_random_inverter_jitter_ra...
Compiling module xil_defaultlib.design_random_inverter_jitter_ra...
Compiling module xil_defaultlib.design_random_inverter_jitter_ra...
Compiling module xil_defaultlib.design_random_inverter_jitter_ra...
Compiling module xil_defaultlib.design_random_inverter_jitter_ra...
Compiling module xil_defaultlib.design_random_inverter_jitter_ra...
Compiling module xil_defaultlib.design_random_inverter_jitter_ra...
Compiling module xil_defaultlib.design_random_inverter_jitter_ra...
Compiling module xil_defaultlib.nand_module
Compiling module xil_defaultlib.design_random_nand_module_0_0
Compiling module xil_defaultlib.design_random_nand_module_1_0
Compiling module xil_defaultlib.design_random_nand_module_2_0
Compiling module xil_defaultlib.design_random_nand_module_3_0
Compiling module xil_defaultlib.design_random_nand_module_5_0
Compiling module xil_defaultlib.design_random_nand_module_6_0
Compiling module xil_defaultlib.xor_3
Compiling module xil_defaultlib.design_random_xor_3_0_0
Compiling module xil_defaultlib.xor_4
Compiling module xil_defaultlib.design_random_xor_4_0_0
Compiling module xil_defaultlib.design_random
Compiling module xil_defaultlib.design_random_wrapper
Compiling module xil_defaultlib.tb_design_random
Compiling module xil_defaultlib.glbl
Built simulation snapshot tb_design_random_behav
INFO: [USF-XSim-69] 'elaborate' step finished in '3' seconds
INFO: [USF-XSim-4] XSim::Simulate design
INFO: [USF-XSim-61] Executing 'SIMULATE' step in 'C:/Users/Octa476/Desktop/Random_generator_module/random_generator_project/random_generator_project.sim/sim_1/behav/xsim'
INFO: [USF-XSim-98] *** Running xsim
   with args "tb_design_random_behav -key {Behavioral:sim_1:Functional:tb_design_random} -tclbatch {tb_design_random.tcl} -protoinst "protoinst_files/design_random.protoinst" -log {simulate.log}"
INFO: [USF-XSim-8] Loading simulator feature
INFO: [Wavedata 42-565] Reading protoinst file protoinst_files/design_random.protoinst
Time resolution is 1 ps
source tb_design_random.tcl
# set curr_wave [current_wave_config]
# if { [string length $curr_wave] == 0 } {
#   if { [llength [get_objects]] > 0} {
#     add_wave /
#     set_property needs_save false [current_wave_config]
#   } else {
#      send_msg_id Add_Wave-1 WARNING "No top level signals found. Simulator will start without a wave window. If you want to open a wave window go to 'File->New Waveform Configuration' or type 'create_wave_config' in the TCL console."
#   }
# }
# run 1000ns
 1926115056
          8
-2031390106
         -9
WARNING:  The value -9.000000 ns of Delay Control Statement is negative. Considering twos complement. File:C:/Users/Octa476/Desktop/Random_generator_module/random_generator_project/random_generator_project.srcs/sources_1/new/inverter_jitter.v :39
 2130638015
          0
 1997698847
          1
 1261419128
          2
-1356465798
         -6
WARNING:  The value -6.000000 ns of Delay Control Statement is negative. Considering twos complement. File:C:/Users/Octa476/Desktop/Random_generator_module/random_generator_project/random_generator_project.srcs/sources_1/new/inverter_jitter.v :37
 1322774539
          9
-1765511728
         -2
WARNING:  The value -2.000000 ns of Delay Control Statement is negative. Considering twos complement. File:C:/Users/Octa476/Desktop/Random_generator_module/random_generator_project/random_generator_project.srcs/sources_1/new/inverter_jitter.v :37
  658078637
          7
 1793175889
         10
-1560988801
         -9
WARNING:  The value -9.000000 ns of Delay Control Statement is negative. Considering twos complement. File:C:/Users/Octa476/Desktop/Random_generator_module/random_generator_project/random_generator_project.srcs/sources_1/new/inverter_jitter.v :39
-1826867130
          0
 1527297498
          1
 1912046455
          0
-1542476708
         -3
WARNING:  The value -3.000000 ns of Delay Control Statement is negative. Considering twos complement. File:C:/Users/Octa476/Desktop/Random_generator_module/random_generator_project/random_generator_project.srcs/sources_1/new/inverter_jitter.v :39
  697753330
         10
INFO: [USF-XSim-96] XSim completed. Design snapshot 'tb_design_random_behav' loaded.
INFO: [USF-XSim-97] XSim simulation ran for 1000ns
launch_simulation: Time (s): cpu = 00:00:04 ; elapsed = 00:00:14 . Memory (MB): peak = 2514.344 ; gain = 0.000
WARNING: [filemgmt 56-199] Attempt to get parsing info during refresh. "On-the-fly" syntax checking information may be incorrect. [C:\Users\Octa476\Desktop\Random_generator_module\random_generator_project\random_generator_project.srcs\sim_1\new\tb_design_random.v:]
WARNING: [filemgmt 56-199] Attempt to get parsing info during refresh. "On-the-fly" syntax checking information may be incorrect. [C:\Users\Octa476\Desktop\Random_generator_module\random_generator_project\random_generator_project.srcs\sources_1\new\inverter_jitter.v:]
WARNING: [filemgmt 56-199] Attempt to get parsing info during refresh. "On-the-fly" syntax checking information may be incorrect. [C:\Users\Octa476\Desktop\Random_generator_module\random_generator_project\random_generator_project.srcs\sim_1\new\tb_design_random.v:]
WARNING: [filemgmt 56-199] Attempt to get parsing info during refresh. "On-the-fly" syntax checking information may be incorrect. [C:\Users\Octa476\Desktop\Random_generator_module\random_generator_project\random_generator_project.srcs\sim_1\new\tb_design_random.v:]
ERROR: [Common 17-180] Spawn failed: No error
WARNING: [filemgmt 56-199] Attempt to get parsing info during refresh. "On-the-fly" syntax checking information may be incorrect. [C:\Users\Octa476\Desktop\Random_generator_module\random_generator_project\random_generator_project.srcs\sim_1\new\tb_design_random.v:]
WARNING: [filemgmt 56-199] Attempt to get parsing info during refresh. "On-the-fly" syntax checking information may be incorrect. [C:\Users\Octa476\Desktop\Random_generator_module\random_generator_project\random_generator_project.srcs\sources_1\new\inverter_jitter.v:]
WARNING: [filemgmt 56-199] Attempt to get parsing info during refresh. "On-the-fly" syntax checking information may be incorrect. [C:\Users\Octa476\Desktop\Random_generator_module\random_generator_project\random_generator_project.srcs\sim_1\new\tb_design_random.v:]
WARNING: [filemgmt 56-199] Attempt to get parsing info during refresh. "On-the-fly" syntax checking information may be incorrect. [C:\Users\Octa476\Desktop\Random_generator_module\random_generator_project\random_generator_project.srcs\sim_1\new\tb_design_random.v:]
ERROR: [Common 17-180] Spawn failed: No error
WARNING: [filemgmt 56-199] Attempt to get parsing info during refresh. "On-the-fly" syntax checking information may be incorrect. [C:\Users\Octa476\Desktop\Random_generator_module\random_generator_project\random_generator_project.srcs\sim_1\new\tb_design_random.v:]
WARNING: [filemgmt 56-199] Attempt to get parsing info during refresh. "On-the-fly" syntax checking information may be incorrect. [C:\Users\Octa476\Desktop\Random_generator_module\random_generator_project\random_generator_project.srcs\sources_1\new\inverter_jitter.v:]
WARNING: [filemgmt 56-199] Attempt to get parsing info during refresh. "On-the-fly" syntax checking information may be incorrect. [C:\Users\Octa476\Desktop\Random_generator_module\random_generator_project\random_generator_project.srcs\sim_1\new\tb_design_random.v:]
WARNING: [filemgmt 56-199] Attempt to get parsing info during refresh. "On-the-fly" syntax checking information may be incorrect. [C:\Users\Octa476\Desktop\Random_generator_module\random_generator_project\random_generator_project.srcs\sim_1\new\tb_design_random.v:]
ERROR: [Common 17-180] Spawn failed: No error
report_ip_status -name ip_status 
update_module_reference [get_ips  {design_random_inverter_jitter_rand_3_0 design_random_inverter_jitter_rand_0_0 design_random_inverter_jitter_rand_4_0 design_random_inverter_jitter_rand_11_0 design_random_inverter_jitter_rand_1_0 design_random_inverter_jitter_rand_2_0 design_random_inverter_jitter_rand_7_0 design_random_inverter_jitter_rand_5_0 design_random_inverter_jitter_rand_9_0 design_random_inverter_jitter_rand_12_0 design_random_inverter_jitter_rand_8_0 design_random_inverter_jitter_rand_6_0 design_random_inverter_jitter_rand_10_0}]
Upgrading 'C:/Users/Octa476/Desktop/Random_generator_module/random_generator_project/random_generator_project.srcs/sources_1/bd/design_random/design_random.bd'
INFO: [IP_Flow 19-3420] Updated design_random_inverter_jitter_rand_0_0 to use current project options
INFO: [IP_Flow 19-3420] Updated design_random_inverter_jitter_rand_10_0 to use current project options
INFO: [IP_Flow 19-3420] Updated design_random_inverter_jitter_rand_11_0 to use current project options
INFO: [IP_Flow 19-3420] Updated design_random_inverter_jitter_rand_12_0 to use current project options
INFO: [IP_Flow 19-3420] Updated design_random_inverter_jitter_rand_1_0 to use current project options
INFO: [IP_Flow 19-3420] Updated design_random_inverter_jitter_rand_2_0 to use current project options
INFO: [IP_Flow 19-3420] Updated design_random_inverter_jitter_rand_3_0 to use current project options
INFO: [IP_Flow 19-3420] Updated design_random_inverter_jitter_rand_4_0 to use current project options
INFO: [IP_Flow 19-3420] Updated design_random_inverter_jitter_rand_5_0 to use current project options
INFO: [IP_Flow 19-3420] Updated design_random_inverter_jitter_rand_6_0 to use current project options
INFO: [IP_Flow 19-3420] Updated design_random_inverter_jitter_rand_7_0 to use current project options
INFO: [IP_Flow 19-3420] Updated design_random_inverter_jitter_rand_8_0 to use current project options
INFO: [IP_Flow 19-3420] Updated design_random_inverter_jitter_rand_9_0 to use current project options
Wrote  : <C:\Users\Octa476\Desktop\Random_generator_module\random_generator_project\random_generator_project.srcs\sources_1\bd\design_random\design_random.bd> 
upgrade_ip: Time (s): cpu = 00:00:03 ; elapsed = 00:00:05 . Memory (MB): peak = 2548.559 ; gain = 0.000
update_module_reference: Time (s): cpu = 00:00:03 ; elapsed = 00:00:10 . Memory (MB): peak = 2548.559 ; gain = 0.000
close_sim
INFO: [Simtcl 6-16] Simulation closed
generate_target Simulation [get_files C:/Users/Octa476/Desktop/Random_generator_module/random_generator_project/random_generator_project.srcs/sources_1/bd/design_random/design_random.bd]
Wrote  : <C:\Users\Octa476\Desktop\Random_generator_module\random_generator_project\random_generator_project.srcs\sources_1\bd\design_random\design_random.bd> 
Verilog Output written to : c:/Users/Octa476/Desktop/Random_generator_module/random_generator_project/random_generator_project.gen/sources_1/bd/design_random/synth/design_random.v
Verilog Output written to : c:/Users/Octa476/Desktop/Random_generator_module/random_generator_project/random_generator_project.gen/sources_1/bd/design_random/sim/design_random.v
Verilog Output written to : c:/Users/Octa476/Desktop/Random_generator_module/random_generator_project/random_generator_project.gen/sources_1/bd/design_random/hdl/design_random_wrapper.v
INFO: [BD 41-1029] Generation completed for the IP Integrator block inverter_jitter_rand_0 .
INFO: [BD 41-1029] Generation completed for the IP Integrator block inverter_jitter_rand_1 .
INFO: [BD 41-1029] Generation completed for the IP Integrator block inverter_jitter_rand_2 .
INFO: [BD 41-1029] Generation completed for the IP Integrator block inverter_jitter_rand_3 .
INFO: [BD 41-1029] Generation completed for the IP Integrator block inverter_jitter_rand_4 .
INFO: [BD 41-1029] Generation completed for the IP Integrator block inverter_jitter_rand_5 .
INFO: [BD 41-1029] Generation completed for the IP Integrator block inverter_jitter_rand_6 .
INFO: [BD 41-1029] Generation completed for the IP Integrator block inverter_jitter_rand_7 .
INFO: [BD 41-1029] Generation completed for the IP Integrator block inverter_jitter_rand_8 .
INFO: [BD 41-1029] Generation completed for the IP Integrator block inverter_jitter_rand_9 .
INFO: [BD 41-1029] Generation completed for the IP Integrator block inverter_jitter_rand_10 .
INFO: [BD 41-1029] Generation completed for the IP Integrator block inverter_jitter_rand_11 .
INFO: [BD 41-1029] Generation completed for the IP Integrator block inverter_jitter_rand_12 .
Exporting to file c:/Users/Octa476/Desktop/Random_generator_module/random_generator_project/random_generator_project.gen/sources_1/bd/design_random/hw_handoff/design_random.hwh
Generated Hardware Definition File c:/Users/Octa476/Desktop/Random_generator_module/random_generator_project/random_generator_project.gen/sources_1/bd/design_random/synth/design_random.hwdef
export_ip_user_files -of_objects [get_files C:/Users/Octa476/Desktop/Random_generator_module/random_generator_project/random_generator_project.srcs/sources_1/bd/design_random/design_random.bd] -no_script -sync -force -quiet
export_simulation -of_objects [get_files C:/Users/Octa476/Desktop/Random_generator_module/random_generator_project/random_generator_project.srcs/sources_1/bd/design_random/design_random.bd] -directory C:/Users/Octa476/Desktop/Random_generator_module/random_generator_project/random_generator_project.ip_user_files/sim_scripts -ip_user_files_dir C:/Users/Octa476/Desktop/Random_generator_module/random_generator_project/random_generator_project.ip_user_files -ipstatic_source_dir C:/Users/Octa476/Desktop/Random_generator_module/random_generator_project/random_generator_project.ip_user_files/ipstatic -lib_map_path [list {modelsim=C:/Users/Octa476/Desktop/Random_generator_module/random_generator_project/random_generator_project.cache/compile_simlib/modelsim} {questa=C:/Users/Octa476/Desktop/Random_generator_module/random_generator_project/random_generator_project.cache/compile_simlib/questa} {riviera=C:/Users/Octa476/Desktop/Random_generator_module/random_generator_project/random_generator_project.cache/compile_simlib/riviera} {activehdl=C:/Users/Octa476/Desktop/Random_generator_module/random_generator_project/random_generator_project.cache/compile_simlib/activehdl}] -use_ip_compiled_libs -force -quiet
launch_simulation
Command: launch_simulation 
INFO: [Vivado 12-12493] Simulation top is 'tb_design_random'
WARNING: [Vivado 12-13340] Unable to auto find GCC executables from simulator install path! (path not set)
INFO: [Vivado 12-5682] Launching behavioral simulation in 'C:/Users/Octa476/Desktop/Random_generator_module/random_generator_project/random_generator_project.sim/sim_1/behav/xsim'
INFO: [Vivado 12-13660] Precompiled IP simulation library mode is enabled (default). The design IP libraries will be referenced from the compiled library path. Please note that if the precompiled version of the library is not found from the path or the IP is in locked state, then the library source files for these IPs will be compiled locally as part of the compile order.
INFO: [Vivado 12-4795] Using compiled simulation libraries for IPs
INFO: [SIM-utils-51] Simulation object is 'sim_1'
INFO: [SIM-utils-72] Using boost library from 'D:/Xilinx/Vivado/2024.2/tps/boost_1_72_0'
INFO: [USF-XSim-7] Finding pre-compiled libraries...
INFO: [USF-XSim-11] File 'D:/Xilinx/Vivado/2024.2/data/xsim/xsim.ini' copied to run dir:'C:/Users/Octa476/Desktop/Random_generator_module/random_generator_project/random_generator_project.sim/sim_1/behav/xsim'
INFO: [SIM-utils-54] Inspecting design source files for 'tb_design_random' in fileset 'sim_1'...
INFO: [USF-XSim-97] Finding global include files...
INFO: [USF-XSim-98] Fetching design files from 'sim_1'...
INFO: [USF-XSim-2] XSim::Compile design
INFO: [USF-XSim-61] Executing 'COMPILE and ANALYZE' step in 'C:/Users/Octa476/Desktop/Random_generator_module/random_generator_project/random_generator_project.sim/sim_1/behav/xsim'
"xvlog --incr --relax -prj tb_design_random_vlog.prj"
INFO: [VRFC 10-2263] Analyzing Verilog file "C:/Users/Octa476/Desktop/Random_generator_module/random_generator_project/random_generator_project.srcs/sources_1/new/nand_module.v" into library xil_defaultlib
INFO: [VRFC 10-311] analyzing module nand_module
INFO: [VRFC 10-2263] Analyzing Verilog file "C:/Users/Octa476/Desktop/Random_generator_module/random_generator_project/random_generator_project.srcs/sources_1/new/xor_4.v" into library xil_defaultlib
INFO: [VRFC 10-311] analyzing module xor_4
INFO: [VRFC 10-2263] Analyzing Verilog file "C:/Users/Octa476/Desktop/Random_generator_module/random_generator_project/random_generator_project.srcs/sources_1/new/xor_3.v" into library xil_defaultlib
INFO: [VRFC 10-311] analyzing module xor_3
INFO: [VRFC 10-2263] Analyzing Verilog file "C:/Users/Octa476/Desktop/Random_generator_module/random_generator_project/random_generator_project.srcs/sources_1/new/inverter_jitter.v" into library xil_defaultlib
INFO: [VRFC 10-311] analyzing module inverter_jitter_random
WARNING: [VRFC 10-2500] empty parameter declaration is only allowed in SystemVerilog mode [C:/Users/Octa476/Desktop/Random_generator_module/random_generator_project/random_generator_project.srcs/sources_1/new/inverter_jitter.v:23]
INFO: [VRFC 10-2263] Analyzing Verilog file "C:/Users/Octa476/Desktop/Random_generator_module/random_generator_project/random_generator_project.srcs/sources_1/new/dff_module1.v" into library xil_defaultlib
INFO: [VRFC 10-311] analyzing module dff_module1
INFO: [VRFC 10-2263] Analyzing Verilog file "C:/Users/Octa476/Desktop/Random_generator_module/random_generator_project/random_generator_project.ip_user_files/bd/design_random/ip/design_random_nand_module_0_0/sim/design_random_nand_module_0_0.v" into library xil_defaultlib
INFO: [VRFC 10-311] analyzing module design_random_nand_module_0_0
INFO: [VRFC 10-2263] Analyzing Verilog file "C:/Users/Octa476/Desktop/Random_generator_module/random_generator_project/random_generator_project.ip_user_files/bd/design_random/ip/design_random_nand_module_1_0/sim/design_random_nand_module_1_0.v" into library xil_defaultlib
INFO: [VRFC 10-311] analyzing module design_random_nand_module_1_0
INFO: [VRFC 10-2263] Analyzing Verilog file "C:/Users/Octa476/Desktop/Random_generator_module/random_generator_project/random_generator_project.ip_user_files/bd/design_random/ip/design_random_nand_module_2_0/sim/design_random_nand_module_2_0.v" into library xil_defaultlib
INFO: [VRFC 10-311] analyzing module design_random_nand_module_2_0
INFO: [VRFC 10-2263] Analyzing Verilog file "C:/Users/Octa476/Desktop/Random_generator_module/random_generator_project/random_generator_project.ip_user_files/bd/design_random/ip/design_random_nand_module_3_0/sim/design_random_nand_module_3_0.v" into library xil_defaultlib
INFO: [VRFC 10-311] analyzing module design_random_nand_module_3_0
INFO: [VRFC 10-2263] Analyzing Verilog file "C:/Users/Octa476/Desktop/Random_generator_module/random_generator_project/random_generator_project.ip_user_files/bd/design_random/ip/design_random_xor_4_0_0/sim/design_random_xor_4_0_0.v" into library xil_defaultlib
INFO: [VRFC 10-311] analyzing module design_random_xor_4_0_0
INFO: [VRFC 10-2263] Analyzing Verilog file "C:/Users/Octa476/Desktop/Random_generator_module/random_generator_project/random_generator_project.ip_user_files/bd/design_random/ip/design_random_nand_module_5_0/sim/design_random_nand_module_5_0.v" into library xil_defaultlib
INFO: [VRFC 10-311] analyzing module design_random_nand_module_5_0
INFO: [VRFC 10-2263] Analyzing Verilog file "C:/Users/Octa476/Desktop/Random_generator_module/random_generator_project/random_generator_project.ip_user_files/bd/design_random/ip/design_random_nand_module_6_0/sim/design_random_nand_module_6_0.v" into library xil_defaultlib
INFO: [VRFC 10-311] analyzing module design_random_nand_module_6_0
INFO: [VRFC 10-2263] Analyzing Verilog file "C:/Users/Octa476/Desktop/Random_generator_module/random_generator_project/random_generator_project.ip_user_files/bd/design_random/ip/design_random_xor_3_0_0/sim/design_random_xor_3_0_0.v" into library xil_defaultlib
INFO: [VRFC 10-311] analyzing module design_random_xor_3_0_0
INFO: [VRFC 10-2263] Analyzing Verilog file "C:/Users/Octa476/Desktop/Random_generator_module/random_generator_project/random_generator_project.ip_user_files/bd/design_random/ip/design_random_inverter_jitter_rand_0_0/sim/design_random_inverter_jitter_rand_0_0.v" into library xil_defaultlib
INFO: [VRFC 10-311] analyzing module design_random_inverter_jitter_rand_0_0
INFO: [VRFC 10-2263] Analyzing Verilog file "C:/Users/Octa476/Desktop/Random_generator_module/random_generator_project/random_generator_project.ip_user_files/bd/design_random/ip/design_random_inverter_jitter_rand_1_0/sim/design_random_inverter_jitter_rand_1_0.v" into library xil_defaultlib
INFO: [VRFC 10-311] analyzing module design_random_inverter_jitter_rand_1_0
INFO: [VRFC 10-2263] Analyzing Verilog file "C:/Users/Octa476/Desktop/Random_generator_module/random_generator_project/random_generator_project.ip_user_files/bd/design_random/ip/design_random_inverter_jitter_rand_2_0/sim/design_random_inverter_jitter_rand_2_0.v" into library xil_defaultlib
INFO: [VRFC 10-311] analyzing module design_random_inverter_jitter_rand_2_0
INFO: [VRFC 10-2263] Analyzing Verilog file "C:/Users/Octa476/Desktop/Random_generator_module/random_generator_project/random_generator_project.ip_user_files/bd/design_random/ip/design_random_inverter_jitter_rand_3_0/sim/design_random_inverter_jitter_rand_3_0.v" into library xil_defaultlib
INFO: [VRFC 10-311] analyzing module design_random_inverter_jitter_rand_3_0
INFO: [VRFC 10-2263] Analyzing Verilog file "C:/Users/Octa476/Desktop/Random_generator_module/random_generator_project/random_generator_project.ip_user_files/bd/design_random/ip/design_random_inverter_jitter_rand_4_0/sim/design_random_inverter_jitter_rand_4_0.v" into library xil_defaultlib
INFO: [VRFC 10-311] analyzing module design_random_inverter_jitter_rand_4_0
INFO: [VRFC 10-2263] Analyzing Verilog file "C:/Users/Octa476/Desktop/Random_generator_module/random_generator_project/random_generator_project.ip_user_files/bd/design_random/ip/design_random_inverter_jitter_rand_5_0/sim/design_random_inverter_jitter_rand_5_0.v" into library xil_defaultlib
INFO: [VRFC 10-311] analyzing module design_random_inverter_jitter_rand_5_0
INFO: [VRFC 10-2263] Analyzing Verilog file "C:/Users/Octa476/Desktop/Random_generator_module/random_generator_project/random_generator_project.ip_user_files/bd/design_random/ip/design_random_inverter_jitter_rand_6_0/sim/design_random_inverter_jitter_rand_6_0.v" into library xil_defaultlib
INFO: [VRFC 10-311] analyzing module design_random_inverter_jitter_rand_6_0
INFO: [VRFC 10-2263] Analyzing Verilog file "C:/Users/Octa476/Desktop/Random_generator_module/random_generator_project/random_generator_project.ip_user_files/bd/design_random/ip/design_random_inverter_jitter_rand_7_0/sim/design_random_inverter_jitter_rand_7_0.v" into library xil_defaultlib
INFO: [VRFC 10-311] analyzing module design_random_inverter_jitter_rand_7_0
INFO: [VRFC 10-2263] Analyzing Verilog file "C:/Users/Octa476/Desktop/Random_generator_module/random_generator_project/random_generator_project.ip_user_files/bd/design_random/ip/design_random_inverter_jitter_rand_8_0/sim/design_random_inverter_jitter_rand_8_0.v" into library xil_defaultlib
INFO: [VRFC 10-311] analyzing module design_random_inverter_jitter_rand_8_0
INFO: [VRFC 10-2263] Analyzing Verilog file "C:/Users/Octa476/Desktop/Random_generator_module/random_generator_project/random_generator_project.ip_user_files/bd/design_random/ip/design_random_inverter_jitter_rand_9_0/sim/design_random_inverter_jitter_rand_9_0.v" into library xil_defaultlib
INFO: [VRFC 10-311] analyzing module design_random_inverter_jitter_rand_9_0
INFO: [VRFC 10-2263] Analyzing Verilog file "C:/Users/Octa476/Desktop/Random_generator_module/random_generator_project/random_generator_project.ip_user_files/bd/design_random/ip/design_random_inverter_jitter_rand_10_0/sim/design_random_inverter_jitter_rand_10_0.v" into library xil_defaultlib
INFO: [VRFC 10-311] analyzing module design_random_inverter_jitter_rand_10_0
INFO: [VRFC 10-2263] Analyzing Verilog file "C:/Users/Octa476/Desktop/Random_generator_module/random_generator_project/random_generator_project.ip_user_files/bd/design_random/ip/design_random_inverter_jitter_rand_11_0/sim/design_random_inverter_jitter_rand_11_0.v" into library xil_defaultlib
INFO: [VRFC 10-311] analyzing module design_random_inverter_jitter_rand_11_0
INFO: [VRFC 10-2263] Analyzing Verilog file "C:/Users/Octa476/Desktop/Random_generator_module/random_generator_project/random_generator_project.ip_user_files/bd/design_random/ip/design_random_inverter_jitter_rand_12_0/sim/design_random_inverter_jitter_rand_12_0.v" into library xil_defaultlib
INFO: [VRFC 10-311] analyzing module design_random_inverter_jitter_rand_12_0
INFO: [VRFC 10-2263] Analyzing Verilog file "C:/Users/Octa476/Desktop/Random_generator_module/random_generator_project/random_generator_project.ip_user_files/bd/design_random/ip/design_random_dff_module1_0_0/sim/design_random_dff_module1_0_0.v" into library xil_defaultlib
INFO: [VRFC 10-311] analyzing module design_random_dff_module1_0_0
INFO: [VRFC 10-2263] Analyzing Verilog file "C:/Users/Octa476/Desktop/Random_generator_module/random_generator_project/random_generator_project.ip_user_files/bd/design_random/ip/design_random_dff_module1_1_0/sim/design_random_dff_module1_1_0.v" into library xil_defaultlib
INFO: [VRFC 10-311] analyzing module design_random_dff_module1_1_0
INFO: [VRFC 10-2263] Analyzing Verilog file "C:/Users/Octa476/Desktop/Random_generator_module/random_generator_project/random_generator_project.ip_user_files/bd/design_random/ip/design_random_dff_module1_2_0/sim/design_random_dff_module1_2_0.v" into library xil_defaultlib
INFO: [VRFC 10-311] analyzing module design_random_dff_module1_2_0
INFO: [VRFC 10-2263] Analyzing Verilog file "C:/Users/Octa476/Desktop/Random_generator_module/random_generator_project/random_generator_project.ip_user_files/bd/design_random/ip/design_random_dff_module1_3_0/sim/design_random_dff_module1_3_0.v" into library xil_defaultlib
INFO: [VRFC 10-311] analyzing module design_random_dff_module1_3_0
INFO: [VRFC 10-2263] Analyzing Verilog file "C:/Users/Octa476/Desktop/Random_generator_module/random_generator_project/random_generator_project.ip_user_files/bd/design_random/ip/design_random_dff_module1_4_0/sim/design_random_dff_module1_4_0.v" into library xil_defaultlib
INFO: [VRFC 10-311] analyzing module design_random_dff_module1_4_0
INFO: [VRFC 10-2263] Analyzing Verilog file "C:/Users/Octa476/Desktop/Random_generator_module/random_generator_project/random_generator_project.ip_user_files/bd/design_random/ip/design_random_dff_module1_5_0/sim/design_random_dff_module1_5_0.v" into library xil_defaultlib
INFO: [VRFC 10-311] analyzing module design_random_dff_module1_5_0
INFO: [VRFC 10-2263] Analyzing Verilog file "C:/Users/Octa476/Desktop/Random_generator_module/random_generator_project/random_generator_project.ip_user_files/bd/design_random/ip/design_random_dff_module1_6_0/sim/design_random_dff_module1_6_0.v" into library xil_defaultlib
INFO: [VRFC 10-311] analyzing module design_random_dff_module1_6_0
INFO: [VRFC 10-2263] Analyzing Verilog file "C:/Users/Octa476/Desktop/Random_generator_module/random_generator_project/random_generator_project.ip_user_files/bd/design_random/sim/design_random.v" into library xil_defaultlib
INFO: [VRFC 10-311] analyzing module design_random
INFO: [VRFC 10-2263] Analyzing Verilog file "C:/Users/Octa476/Desktop/Random_generator_module/random_generator_project/random_generator_project.gen/sources_1/bd/design_random/hdl/design_random_wrapper.v" into library xil_defaultlib
INFO: [VRFC 10-311] analyzing module design_random_wrapper
INFO: [VRFC 10-2263] Analyzing Verilog file "C:/Users/Octa476/Desktop/Random_generator_module/random_generator_project/random_generator_project.srcs/sim_1/new/tb_design_random.v" into library xil_defaultlib
INFO: [VRFC 10-311] analyzing module tb_design_random
run_program: Time (s): cpu = 00:00:00 ; elapsed = 00:00:07 . Memory (MB): peak = 2548.559 ; gain = 0.000
INFO: [USF-XSim-69] 'compile' step finished in '8' seconds
INFO: [USF-XSim-3] XSim::Elaborate design
INFO: [USF-XSim-61] Executing 'ELABORATE' step in 'C:/Users/Octa476/Desktop/Random_generator_module/random_generator_project/random_generator_project.sim/sim_1/behav/xsim'
"xelab --incr --debug typical --relax --mt 2 -L xil_defaultlib -L unisims_ver -L unimacro_ver -L secureip -L xpm --snapshot tb_design_random_behav xil_defaultlib.tb_design_random xil_defaultlib.glbl -log elaborate.log"
Vivado Simulator v2024.2.0
Copyright 1986-2022 Xilinx, Inc. All Rights Reserved.
Copyright 2022-2024 Advanced Micro Devices, Inc. All Rights Reserved.
Running: D:/Xilinx/Vivado/2024.2/bin/unwrapped/win64.o/xelab.exe --incr --debug typical --relax --mt 2 -L xil_defaultlib -L unisims_ver -L unimacro_ver -L secureip -L xpm --snapshot tb_design_random_behav xil_defaultlib.tb_design_random xil_defaultlib.glbl -log elaborate.log 
Using 2 slave threads.
Starting static elaboration
Pass Through NonSizing Optimizer
Completed static elaboration
Starting simulation data flow analysis
Completed simulation data flow analysis
Time Resolution for simulation is 1ps
Compiling module xil_defaultlib.dff_module1
Compiling module xil_defaultlib.design_random_dff_module1_0_0
Compiling module xil_defaultlib.design_random_dff_module1_1_0
Compiling module xil_defaultlib.design_random_dff_module1_2_0
Compiling module xil_defaultlib.design_random_dff_module1_3_0
Compiling module xil_defaultlib.design_random_dff_module1_4_0
Compiling module xil_defaultlib.design_random_dff_module1_5_0
Compiling module xil_defaultlib.design_random_dff_module1_6_0
Compiling module xil_defaultlib.inverter_jitter_random
Compiling module xil_defaultlib.design_random_inverter_jitter_ra...
Compiling module xil_defaultlib.design_random_inverter_jitter_ra...
Compiling module xil_defaultlib.design_random_inverter_jitter_ra...
Compiling module xil_defaultlib.design_random_inverter_jitter_ra...
Compiling module xil_defaultlib.design_random_inverter_jitter_ra...
Compiling module xil_defaultlib.design_random_inverter_jitter_ra...
Compiling module xil_defaultlib.design_random_inverter_jitter_ra...
Compiling module xil_defaultlib.design_random_inverter_jitter_ra...
Compiling module xil_defaultlib.design_random_inverter_jitter_ra...
Compiling module xil_defaultlib.design_random_inverter_jitter_ra...
Compiling module xil_defaultlib.design_random_inverter_jitter_ra...
Compiling module xil_defaultlib.design_random_inverter_jitter_ra...
Compiling module xil_defaultlib.design_random_inverter_jitter_ra...
Compiling module xil_defaultlib.nand_module
Compiling module xil_defaultlib.design_random_nand_module_0_0
Compiling module xil_defaultlib.design_random_nand_module_1_0
Compiling module xil_defaultlib.design_random_nand_module_2_0
Compiling module xil_defaultlib.design_random_nand_module_3_0
Compiling module xil_defaultlib.design_random_nand_module_5_0
Compiling module xil_defaultlib.design_random_nand_module_6_0
Compiling module xil_defaultlib.xor_3
Compiling module xil_defaultlib.design_random_xor_3_0_0
Compiling module xil_defaultlib.xor_4
Compiling module xil_defaultlib.design_random_xor_4_0_0
Compiling module xil_defaultlib.design_random
Compiling module xil_defaultlib.design_random_wrapper
Compiling module xil_defaultlib.tb_design_random
Compiling module xil_defaultlib.glbl
Built simulation snapshot tb_design_random_behav
INFO: [USF-XSim-69] 'elaborate' step finished in '3' seconds
INFO: [USF-XSim-4] XSim::Simulate design
INFO: [USF-XSim-61] Executing 'SIMULATE' step in 'C:/Users/Octa476/Desktop/Random_generator_module/random_generator_project/random_generator_project.sim/sim_1/behav/xsim'
INFO: [USF-XSim-98] *** Running xsim
   with args "tb_design_random_behav -key {Behavioral:sim_1:Functional:tb_design_random} -tclbatch {tb_design_random.tcl} -protoinst "protoinst_files/design_random.protoinst" -log {simulate.log}"
INFO: [USF-XSim-8] Loading simulator feature
INFO: [Wavedata 42-565] Reading protoinst file protoinst_files/design_random.protoinst
Time resolution is 1 ps
source tb_design_random.tcl
# set curr_wave [current_wave_config]
# if { [string length $curr_wave] == 0 } {
#   if { [llength [get_objects]] > 0} {
#     add_wave /
#     set_property needs_save false [current_wave_config]
#   } else {
#      send_msg_id Add_Wave-1 WARNING "No top level signals found. Simulator will start without a wave window. If you want to open a wave window go to 'File->New Waveform Configuration' or type 'create_wave_config' in the TCL console."
#   }
# }
# run 1000ns
 1926115056
 1926115056
-2031390106
-2031390106
WARNING:  The value -2031390106.000000 ns of Delay Control Statement is negative. Considering twos complement. File:C:/Users/Octa476/Desktop/Random_generator_module/random_generator_project/random_generator_project.srcs/sources_1/new/inverter_jitter.v :39
 2130638015
 2130638015
 1997698847
 1997698847
 1261419128
 1261419128
-1356465798
-1356465798
WARNING:  The value -1356465798.000000 ns of Delay Control Statement is negative. Considering twos complement. File:C:/Users/Octa476/Desktop/Random_generator_module/random_generator_project/random_generator_project.srcs/sources_1/new/inverter_jitter.v :39
 1322774539
 1322774539
-1765511728
-1765511728
WARNING:  The value -1765511728.000000 ns of Delay Control Statement is negative. Considering twos complement. File:C:/Users/Octa476/Desktop/Random_generator_module/random_generator_project/random_generator_project.srcs/sources_1/new/inverter_jitter.v :39
  658078637
  658078637
 1793175889
 1793175889
-1560988801
 1560988801
-1826867130
-1826867130
WARNING:  The value -1826867130.000000 ns of Delay Control Statement is negative. Considering twos complement. File:C:/Users/Octa476/Desktop/Random_generator_module/random_generator_project/random_generator_project.srcs/sources_1/new/inverter_jitter.v :39
 1527297498
 1527297498
INFO: [USF-XSim-96] XSim completed. Design snapshot 'tb_design_random_behav' loaded.
INFO: [USF-XSim-97] XSim simulation ran for 1000ns
launch_simulation: Time (s): cpu = 00:00:07 ; elapsed = 00:00:18 . Memory (MB): peak = 2548.559 ; gain = 0.000
WARNING: [filemgmt 56-199] Attempt to get parsing info during refresh. "On-the-fly" syntax checking information may be incorrect. [C:\Users\Octa476\Desktop\Random_generator_module\random_generator_project\random_generator_project.srcs\sim_1\new\tb_design_random.v:]
WARNING: [filemgmt 56-199] Attempt to get parsing info during refresh. "On-the-fly" syntax checking information may be incorrect. [C:\Users\Octa476\Desktop\Random_generator_module\random_generator_project\random_generator_project.srcs\sources_1\new\inverter_jitter.v:]
WARNING: [filemgmt 56-199] Attempt to get parsing info during refresh. "On-the-fly" syntax checking information may be incorrect. [C:\Users\Octa476\Desktop\Random_generator_module\random_generator_project\random_generator_project.srcs\sim_1\new\tb_design_random.v:]
WARNING: [filemgmt 56-199] Attempt to get parsing info during refresh. "On-the-fly" syntax checking information may be incorrect. [C:\Users\Octa476\Desktop\Random_generator_module\random_generator_project\random_generator_project.srcs\sim_1\new\tb_design_random.v:]
ERROR: [Common 17-180] Spawn failed: No error
set_property SOURCE_SET sources_1 [get_filesets sim_1]
close [ open C:/Users/Octa476/Desktop/Random_generator_module/random_generator_project/random_generator_project.srcs/sim_1/new/random_sim_example.v w ]
add_files -fileset sim_1 C:/Users/Octa476/Desktop/Random_generator_module/random_generator_project/random_generator_project.srcs/sim_1/new/random_sim_example.v
WARNING: [filemgmt 56-199] Attempt to get parsing info during refresh. "On-the-fly" syntax checking information may be incorrect. [C:\Users\Octa476\Desktop\Random_generator_module\random_generator_project\random_generator_project.srcs\sim_1\new\tb_design_random.v:]
WARNING: [filemgmt 56-199] Attempt to get parsing info during refresh. "On-the-fly" syntax checking information may be incorrect. [C:\Users\Octa476\Desktop\Random_generator_module\random_generator_project\random_generator_project.srcs\sources_1\new\inverter_jitter.v:]
WARNING: [filemgmt 56-199] Attempt to get parsing info during refresh. "On-the-fly" syntax checking information may be incorrect. [C:\Users\Octa476\Desktop\Random_generator_module\random_generator_project\random_generator_project.srcs\sim_1\new\tb_design_random.v:]
WARNING: [filemgmt 56-199] Attempt to get parsing info during refresh. "On-the-fly" syntax checking information may be incorrect. [C:\Users\Octa476\Desktop\Random_generator_module\random_generator_project\random_generator_project.srcs\sim_1\new\tb_design_random.v:]
ERROR: [Common 17-180] Spawn failed: No error
WARNING: [filemgmt 56-199] Attempt to get parsing info during refresh. "On-the-fly" syntax checking information may be incorrect. [C:\Users\Octa476\Desktop\Random_generator_module\random_generator_project\random_generator_project.srcs\sim_1\new\tb_design_random.v:]
WARNING: [filemgmt 56-199] Attempt to get parsing info during refresh. "On-the-fly" syntax checking information may be incorrect. [C:\Users\Octa476\Desktop\Random_generator_module\random_generator_project\random_generator_project.srcs\sources_1\new\inverter_jitter.v:]
WARNING: [filemgmt 56-199] Attempt to get parsing info during refresh. "On-the-fly" syntax checking information may be incorrect. [C:\Users\Octa476\Desktop\Random_generator_module\random_generator_project\random_generator_project.srcs\sim_1\new\tb_design_random.v:]
WARNING: [filemgmt 56-199] Attempt to get parsing info during refresh. "On-the-fly" syntax checking information may be incorrect. [C:\Users\Octa476\Desktop\Random_generator_module\random_generator_project\random_generator_project.srcs\sim_1\new\tb_design_random.v:]
ERROR: [Common 17-180] Spawn failed: No error
update_compile_order -fileset sim_1
WARNING: [filemgmt 56-199] Attempt to get parsing info during refresh. "On-the-fly" syntax checking information may be incorrect. [C:\Users\Octa476\Desktop\Random_generator_module\random_generator_project\random_generator_project.srcs\sim_1\new\tb_design_random.v:]
WARNING: [filemgmt 56-199] Attempt to get parsing info during refresh. "On-the-fly" syntax checking information may be incorrect. [C:\Users\Octa476\Desktop\Random_generator_module\random_generator_project\random_generator_project.srcs\sources_1\new\inverter_jitter.v:]
WARNING: [filemgmt 56-199] Attempt to get parsing info during refresh. "On-the-fly" syntax checking information may be incorrect. [C:\Users\Octa476\Desktop\Random_generator_module\random_generator_project\random_generator_project.srcs\sim_1\new\tb_design_random.v:]
WARNING: [filemgmt 56-199] Attempt to get parsing info during refresh. "On-the-fly" syntax checking information may be incorrect. [C:\Users\Octa476\Desktop\Random_generator_module\random_generator_project\random_generator_project.srcs\sim_1\new\tb_design_random.v:]
ERROR: [Common 17-180] Spawn failed: No error
WARNING: [filemgmt 56-199] Attempt to get parsing info during refresh. "On-the-fly" syntax checking information may be incorrect. [C:\Users\Octa476\Desktop\Random_generator_module\random_generator_project\random_generator_project.srcs\sim_1\new\random_sim_example.v:]
WARNING: [filemgmt 56-199] Attempt to get parsing info during refresh. "On-the-fly" syntax checking information may be incorrect. [C:\Users\Octa476\Desktop\Random_generator_module\random_generator_project\random_generator_project.srcs\sim_1\new\tb_design_random.v:]
WARNING: [filemgmt 56-199] Attempt to get parsing info during refresh. "On-the-fly" syntax checking information may be incorrect. [C:\Users\Octa476\Desktop\Random_generator_module\random_generator_project\random_generator_project.srcs\sources_1\new\inverter_jitter.v:]
WARNING: [filemgmt 56-199] Attempt to get parsing info during refresh. "On-the-fly" syntax checking information may be incorrect. [C:\Users\Octa476\Desktop\Random_generator_module\random_generator_project\random_generator_project.srcs\sim_1\new\tb_design_random.v:]
WARNING: [filemgmt 56-199] Attempt to get parsing info during refresh. "On-the-fly" syntax checking information may be incorrect. [C:\Users\Octa476\Desktop\Random_generator_module\random_generator_project\random_generator_project.srcs\sim_1\new\tb_design_random.v:]
set_property top random_sim_example [get_filesets sim_1]
set_property top_lib xil_defaultlib [get_filesets sim_1]
WARNING: [filemgmt 56-199] Attempt to get parsing info during refresh. "On-the-fly" syntax checking information may be incorrect. [C:\Users\Octa476\Desktop\Random_generator_module\random_generator_project\random_generator_project.srcs\sim_1\new\random_sim_example.v:]
WARNING: [filemgmt 56-199] Attempt to get parsing info during refresh. "On-the-fly" syntax checking information may be incorrect. [C:\Users\Octa476\Desktop\Random_generator_module\random_generator_project\random_generator_project.srcs\sim_1\new\tb_design_random.v:]
WARNING: [filemgmt 56-199] Attempt to get parsing info during refresh. "On-the-fly" syntax checking information may be incorrect. [C:\Users\Octa476\Desktop\Random_generator_module\random_generator_project\random_generator_project.srcs\sources_1\new\inverter_jitter.v:]
WARNING: [filemgmt 56-199] Attempt to get parsing info during refresh. "On-the-fly" syntax checking information may be incorrect. [C:\Users\Octa476\Desktop\Random_generator_module\random_generator_project\random_generator_project.srcs\sim_1\new\random_sim_example.v:]
WARNING: [filemgmt 56-199] Attempt to get parsing info during refresh. "On-the-fly" syntax checking information may be incorrect. [C:\Users\Octa476\Desktop\Random_generator_module\random_generator_project\random_generator_project.srcs\sim_1\new\random_sim_example.v:]
WARNING: [filemgmt 56-199] Attempt to get parsing info during refresh. "On-the-fly" syntax checking information may be incorrect. [C:\Users\Octa476\Desktop\Random_generator_module\random_generator_project\random_generator_project.srcs\sim_1\new\random_sim_example.v:]
WARNING: [filemgmt 56-199] Attempt to get parsing info during refresh. "On-the-fly" syntax checking information may be incorrect. [C:\Users\Octa476\Desktop\Random_generator_module\random_generator_project\random_generator_project.srcs\sim_1\new\tb_design_random.v:]
WARNING: [filemgmt 56-199] Attempt to get parsing info during refresh. "On-the-fly" syntax checking information may be incorrect. [C:\Users\Octa476\Desktop\Random_generator_module\random_generator_project\random_generator_project.srcs\sources_1\new\inverter_jitter.v:]
WARNING: [filemgmt 56-199] Attempt to get parsing info during refresh. "On-the-fly" syntax checking information may be incorrect. [C:\Users\Octa476\Desktop\Random_generator_module\random_generator_project\random_generator_project.srcs\sim_1\new\tb_design_random.v:]
WARNING: [filemgmt 56-199] Attempt to get parsing info during refresh. "On-the-fly" syntax checking information may be incorrect. [C:\Users\Octa476\Desktop\Random_generator_module\random_generator_project\random_generator_project.srcs\sim_1\new\tb_design_random.v:]
ERROR: [Common 17-180] Spawn failed: No error
update_compile_order -fileset sim_1
WARNING: [filemgmt 56-199] Attempt to get parsing info during refresh. "On-the-fly" syntax checking information may be incorrect. [C:\Users\Octa476\Desktop\Random_generator_module\random_generator_project\random_generator_project.srcs\sim_1\new\random_sim_example.v:]
WARNING: [filemgmt 56-199] Attempt to get parsing info during refresh. "On-the-fly" syntax checking information may be incorrect. [C:\Users\Octa476\Desktop\Random_generator_module\random_generator_project\random_generator_project.srcs\sim_1\new\tb_design_random.v:]
WARNING: [filemgmt 56-199] Attempt to get parsing info during refresh. "On-the-fly" syntax checking information may be incorrect. [C:\Users\Octa476\Desktop\Random_generator_module\random_generator_project\random_generator_project.srcs\sources_1\new\inverter_jitter.v:]
WARNING: [filemgmt 56-199] Attempt to get parsing info during refresh. "On-the-fly" syntax checking information may be incorrect. [C:\Users\Octa476\Desktop\Random_generator_module\random_generator_project\random_generator_project.srcs\sim_1\new\tb_design_random.v:]
WARNING: [filemgmt 56-199] Attempt to get parsing info during refresh. "On-the-fly" syntax checking information may be incorrect. [C:\Users\Octa476\Desktop\Random_generator_module\random_generator_project\random_generator_project.srcs\sim_1\new\tb_design_random.v:]
WARNING: [filemgmt 56-199] Attempt to get parsing info during refresh. "On-the-fly" syntax checking information may be incorrect. [C:\Users\Octa476\Desktop\Random_generator_module\random_generator_project\random_generator_project.srcs\sim_1\new\random_sim_example.v:]
WARNING: [filemgmt 56-199] Attempt to get parsing info during refresh. "On-the-fly" syntax checking information may be incorrect. [C:\Users\Octa476\Desktop\Random_generator_module\random_generator_project\random_generator_project.srcs\sim_1\new\tb_design_random.v:]
WARNING: [filemgmt 56-199] Attempt to get parsing info during refresh. "On-the-fly" syntax checking information may be incorrect. [C:\Users\Octa476\Desktop\Random_generator_module\random_generator_project\random_generator_project.srcs\sources_1\new\inverter_jitter.v:]
WARNING: [filemgmt 56-199] Attempt to get parsing info during refresh. "On-the-fly" syntax checking information may be incorrect. [C:\Users\Octa476\Desktop\Random_generator_module\random_generator_project\random_generator_project.srcs\sources_1\new\inverter_jitter.v:]
WARNING: [filemgmt 56-199] Attempt to get parsing info during refresh. "On-the-fly" syntax checking information may be incorrect. [C:\Users\Octa476\Desktop\Random_generator_module\random_generator_project\random_generator_project.srcs\sources_1\new\inverter_jitter.v:]
close_sim
INFO: [Simtcl 6-16] Simulation closed
launch_simulation
Command: launch_simulation 
INFO: [Vivado 12-12493] Simulation top is 'random_sim_example'
WARNING: [Vivado 12-13340] Unable to auto find GCC executables from simulator install path! (path not set)
INFO: [Vivado 12-5682] Launching behavioral simulation in 'C:/Users/Octa476/Desktop/Random_generator_module/random_generator_project/random_generator_project.sim/sim_1/behav/xsim'
INFO: [Vivado 12-13660] Precompiled IP simulation library mode is enabled (default). The design IP libraries will be referenced from the compiled library path. Please note that if the precompiled version of the library is not found from the path or the IP is in locked state, then the library source files for these IPs will be compiled locally as part of the compile order.
INFO: [Vivado 12-4795] Using compiled simulation libraries for IPs
INFO: [SIM-utils-51] Simulation object is 'sim_1'
INFO: [SIM-utils-72] Using boost library from 'D:/Xilinx/Vivado/2024.2/tps/boost_1_72_0'
INFO: [USF-XSim-7] Finding pre-compiled libraries...
INFO: [USF-XSim-11] File 'D:/Xilinx/Vivado/2024.2/data/xsim/xsim.ini' copied to run dir:'C:/Users/Octa476/Desktop/Random_generator_module/random_generator_project/random_generator_project.sim/sim_1/behav/xsim'
INFO: [SIM-utils-54] Inspecting design source files for 'random_sim_example' in fileset 'sim_1'...
INFO: [USF-XSim-97] Finding global include files...
INFO: [USF-XSim-98] Fetching design files from 'sim_1'...
INFO: [USF-XSim-2] XSim::Compile design
INFO: [USF-XSim-61] Executing 'COMPILE and ANALYZE' step in 'C:/Users/Octa476/Desktop/Random_generator_module/random_generator_project/random_generator_project.sim/sim_1/behav/xsim'
"xvlog --incr --relax -prj random_sim_example_vlog.prj"
INFO: [VRFC 10-2263] Analyzing Verilog file "C:/Users/Octa476/Desktop/Random_generator_module/random_generator_project/random_generator_project.srcs/sim_1/new/random_sim_example.v" into library xil_defaultlib
INFO: [VRFC 10-311] analyzing module random_sim_example
INFO: [USF-XSim-69] 'compile' step finished in '3' seconds
INFO: [USF-XSim-3] XSim::Elaborate design
INFO: [USF-XSim-61] Executing 'ELABORATE' step in 'C:/Users/Octa476/Desktop/Random_generator_module/random_generator_project/random_generator_project.sim/sim_1/behav/xsim'
"xelab --incr --debug typical --relax --mt 2 -L xil_defaultlib -L unisims_ver -L unimacro_ver -L secureip -L xpm --snapshot random_sim_example_behav xil_defaultlib.random_sim_example xil_defaultlib.glbl -log elaborate.log"
Vivado Simulator v2024.2.0
Copyright 1986-2022 Xilinx, Inc. All Rights Reserved.
Copyright 2022-2024 Advanced Micro Devices, Inc. All Rights Reserved.
Running: D:/Xilinx/Vivado/2024.2/bin/unwrapped/win64.o/xelab.exe --incr --debug typical --relax --mt 2 -L xil_defaultlib -L unisims_ver -L unimacro_ver -L secureip -L xpm --snapshot random_sim_example_behav xil_defaultlib.random_sim_example xil_defaultlib.glbl -log elaborate.log 
Using 2 slave threads.
Starting static elaboration
Pass Through NonSizing Optimizer
Completed static elaboration
Starting simulation data flow analysis
Completed simulation data flow analysis
Time Resolution for simulation is 1ps
Compiling module xil_defaultlib.random_sim_example
Compiling module xil_defaultlib.glbl
Built simulation snapshot random_sim_example_behav
INFO: [USF-XSim-69] 'elaborate' step finished in '3' seconds
INFO: [USF-XSim-4] XSim::Simulate design
INFO: [USF-XSim-61] Executing 'SIMULATE' step in 'C:/Users/Octa476/Desktop/Random_generator_module/random_generator_project/random_generator_project.sim/sim_1/behav/xsim'
INFO: [USF-XSim-98] *** Running xsim
   with args "random_sim_example_behav -key {Behavioral:sim_1:Functional:random_sim_example} -tclbatch {random_sim_example.tcl} -protoinst "protoinst_files/design_random.protoinst" -log {simulate.log}"
INFO: [USF-XSim-8] Loading simulator feature
INFO: [Wavedata 42-565] Reading protoinst file protoinst_files/design_random.protoinst
WARNING: [Wavedata 42-558] Couldn't load one or more protocol instances from protoinst file protoinst_files/design_random.protoinst for the following reason(s):
There are no instances of module "design_random" in the design.

Time resolution is 1 ps
source random_sim_example.tcl
# set curr_wave [current_wave_config]
# if { [string length $curr_wave] == 0 } {
#   if { [llength [get_objects]] > 0} {
#     add_wave /
#     set_property needs_save false [current_wave_config]
#   } else {
#      send_msg_id Add_Wave-1 WARNING "No top level signals found. Simulator will start without a wave window. If you want to open a wave window go to 'File->New Waveform Configuration' or type 'create_wave_config' in the TCL console."
#   }
# }
# run 1000ns
Generating 1000 random numbers between 0 and 255:
0: 189
1: 189
2: 189
3: 189
4: 189
5: 189
6: 189
7: 189
8: 189
9: 189
10: 189
11: 189
12: 189
13: 189
14: 189
15: 189
16: 189
17: 189
18: 189
19: 189
20: 189
21: 189
22: 189
23: 189
24: 189
25: 189
26: 189
27: 189
28: 189
29: 189
30: 189
31: 189
32: 189
33: 189
34: 189
35: 189
36: 189
37: 189
38: 189
39: 189
40: 189
41: 189
42: 189
43: 189
44: 189
45: 189
46: 189
47: 189
48: 189
49: 189
50: 189
51: 189
52: 189
53: 189
54: 189
55: 189
56: 189
57: 189
58: 189
59: 189
60: 189
61: 189
62: 189
63: 189
64: 189
65: 189
66: 189
67: 189
68: 189
69: 189
70: 189
71: 189
72: 189
73: 189
74: 189
75: 189
76: 189
77: 189
78: 189
79: 189
80: 189
81: 189
82: 189
83: 189
84: 189
85: 189
86: 189
87: 189
88: 189
89: 189
90: 189
91: 189
92: 189
93: 189
94: 189
95: 189
96: 189
97: 189
98: 189
99: 189
100: 189
101: 189
102: 189
103: 189
104: 189
105: 189
106: 189
107: 189
108: 189
109: 189
110: 189
111: 189
112: 189
113: 189
114: 189
115: 189
116: 189
117: 189
118: 189
119: 189
120: 189
121: 189
122: 189
123: 189
124: 189
125: 189
126: 189
127: 189
128: 189
129: 189
130: 189
131: 189
132: 189
133: 189
134: 189
135: 189
136: 189
137: 189
138: 189
139: 189
140: 189
141: 189
142: 189
143: 189
144: 189
145: 189
146: 189
147: 189
148: 189
149: 189
150: 189
151: 189
152: 189
153: 189
154: 189
155: 189
156: 189
157: 189
158: 189
159: 189
160: 189
161: 189
162: 189
163: 189
164: 189
165: 189
166: 189
167: 189
168: 189
169: 189
170: 189
171: 189
172: 189
173: 189
174: 189
175: 189
176: 189
177: 189
178: 189
179: 189
180: 189
181: 189
182: 189
183: 189
184: 189
185: 189
186: 189
187: 189
188: 189
189: 189
190: 189
191: 189
192: 189
193: 189
194: 189
195: 189
196: 189
197: 189
198: 189
199: 189
200: 189
201: 189
202: 189
203: 189
204: 189
205: 189
206: 189
207: 189
208: 189
209: 189
210: 189
211: 189
212: 189
213: 189
214: 189
215: 189
216: 189
217: 189
218: 189
219: 189
220: 189
221: 189
222: 189
223: 189
224: 189
225: 189
226: 189
227: 189
228: 189
229: 189
230: 189
231: 189
232: 189
233: 189
234: 189
235: 189
236: 189
237: 189
238: 189
239: 189
240: 189
241: 189
242: 189
243: 189
244: 189
245: 189
246: 189
247: 189
248: 189
249: 189
250: 189
251: 189
252: 189
253: 189
254: 189
255: 189
256: 189
257: 189
258: 189
259: 189
260: 189
261: 189
262: 189
263: 189
264: 189
265: 189
266: 189
267: 189
268: 189
269: 189
270: 189
271: 189
272: 189
273: 189
274: 189
275: 189
276: 189
277: 189
278: 189
279: 189
280: 189
281: 189
282: 189
283: 189
284: 189
285: 189
286: 189
287: 189
288: 189
289: 189
290: 189
291: 189
292: 189
293: 189
294: 189
295: 189
296: 189
297: 189
298: 189
299: 189
300: 189
301: 189
302: 189
303: 189
304: 189
305: 189
306: 189
307: 189
308: 189
309: 189
310: 189
311: 189
312: 189
313: 189
314: 189
315: 189
316: 189
317: 189
318: 189
319: 189
320: 189
321: 189
322: 189
323: 189
324: 189
325: 189
326: 189
327: 189
328: 189
329: 189
330: 189
331: 189
332: 189
333: 189
334: 189
335: 189
336: 189
337: 189
338: 189
339: 189
340: 189
341: 189
342: 189
343: 189
344: 189
345: 189
346: 189
347: 189
348: 189
349: 189
350: 189
351: 189
352: 189
353: 189
354: 189
355: 189
356: 189
357: 189
358: 189
359: 189
360: 189
361: 189
362: 189
363: 189
364: 189
365: 189
366: 189
367: 189
368: 189
369: 189
370: 189
371: 189
372: 189
373: 189
374: 189
375: 189
376: 189
377: 189
378: 189
379: 189
380: 189
381: 189
382: 189
383: 189
384: 189
385: 189
386: 189
387: 189
388: 189
389: 189
390: 189
391: 189
392: 189
393: 189
394: 189
395: 189
396: 189
397: 189
398: 189
399: 189
400: 189
401: 189
402: 189
403: 189
404: 189
405: 189
406: 189
407: 189
408: 189
409: 189
410: 189
411: 189
412: 189
413: 189
414: 189
415: 189
416: 189
417: 189
418: 189
419: 189
420: 189
421: 189
422: 189
423: 189
424: 189
425: 189
426: 189
427: 189
428: 189
429: 189
430: 189
431: 189
432: 189
433: 189
434: 189
435: 189
436: 189
437: 189
438: 189
439: 189
440: 189
441: 189
442: 189
443: 189
444: 189
445: 189
446: 189
447: 189
448: 189
449: 189
450: 189
451: 189
452: 189
453: 189
454: 189
455: 189
456: 189
457: 189
458: 189
459: 189
460: 189
461: 189
462: 189
463: 189
464: 189
465: 189
466: 189
467: 189
468: 189
469: 189
470: 189
471: 189
472: 189
473: 189
474: 189
475: 189
476: 189
477: 189
478: 189
479: 189
480: 189
481: 189
482: 189
483: 189
484: 189
485: 189
486: 189
487: 189
488: 189
489: 189
490: 189
491: 189
492: 189
493: 189
494: 189
495: 189
496: 189
497: 189
498: 189
499: 189
500: 189
501: 189
502: 189
503: 189
504: 189
505: 189
506: 189
507: 189
508: 189
509: 189
510: 189
511: 189
512: 189
513: 189
514: 189
515: 189
516: 189
517: 189
518: 189
519: 189
520: 189
521: 189
522: 189
523: 189
524: 189
525: 189
526: 189
527: 189
528: 189
529: 189
530: 189
531: 189
532: 189
533: 189
534: 189
535: 189
536: 189
537: 189
538: 189
539: 189
540: 189
541: 189
542: 189
543: 189
544: 189
545: 189
546: 189
547: 189
548: 189
549: 189
550: 189
551: 189
552: 189
553: 189
554: 189
555: 189
556: 189
557: 189
558: 189
559: 189
560: 189
561: 189
562: 189
563: 189
564: 189
565: 189
566: 189
567: 189
568: 189
569: 189
570: 189
571: 189
572: 189
573: 189
574: 189
575: 189
576: 189
577: 189
578: 189
579: 189
580: 189
581: 189
582: 189
583: 189
584: 189
585: 189
586: 189
587: 189
588: 189
589: 189
590: 189
591: 189
592: 189
593: 189
594: 189
595: 189
596: 189
597: 189
598: 189
599: 189
600: 189
601: 189
602: 189
603: 189
604: 189
605: 189
606: 189
607: 189
608: 189
609: 189
610: 189
611: 189
612: 189
613: 189
614: 189
615: 189
616: 189
617: 189
618: 189
619: 189
620: 189
621: 189
622: 189
623: 189
624: 189
625: 189
626: 189
627: 189
628: 189
629: 189
630: 189
631: 189
632: 189
633: 189
634: 189
635: 189
636: 189
637: 189
638: 189
639: 189
640: 189
641: 189
642: 189
643: 189
644: 189
645: 189
646: 189
647: 189
648: 189
649: 189
650: 189
651: 189
652: 189
653: 189
654: 189
655: 189
656: 189
657: 189
658: 189
659: 189
660: 189
661: 189
662: 189
663: 189
664: 189
665: 189
666: 189
667: 189
668: 189
669: 189
670: 189
671: 189
672: 189
673: 189
674: 189
675: 189
676: 189
677: 189
678: 189
679: 189
680: 189
681: 189
682: 189
683: 189
684: 189
685: 189
686: 189
687: 189
688: 189
689: 189
690: 189
691: 189
692: 189
693: 189
694: 189
695: 189
696: 189
697: 189
698: 189
699: 189
700: 189
701: 189
702: 189
703: 189
704: 189
705: 189
706: 189
707: 189
708: 189
709: 189
710: 189
711: 189
712: 189
713: 189
714: 189
715: 189
716: 189
717: 189
718: 189
719: 189
720: 189
721: 189
722: 189
723: 189
724: 189
725: 189
726: 189
727: 189
728: 189
729: 189
730: 189
731: 189
732: 189
733: 189
734: 189
735: 189
736: 189
737: 189
738: 189
739: 189
740: 189
741: 189
742: 189
743: 189
744: 189
745: 189
746: 189
747: 189
748: 189
749: 189
750: 189
751: 189
752: 189
753: 189
754: 189
755: 189
756: 189
757: 189
758: 189
759: 189
760: 189
761: 189
762: 189
763: 189
764: 189
765: 189
766: 189
767: 189
768: 189
769: 189
770: 189
771: 189
772: 189
773: 189
774: 189
775: 189
776: 189
777: 189
778: 189
779: 189
780: 189
781: 189
782: 189
783: 189
784: 189
785: 189
786: 189
787: 189
788: 189
789: 189
790: 189
791: 189
792: 189
793: 189
794: 189
795: 189
796: 189
797: 189
798: 189
799: 189
800: 189
801: 189
802: 189
803: 189
804: 189
805: 189
806: 189
807: 189
808: 189
809: 189
810: 189
811: 189
812: 189
813: 189
814: 189
815: 189
816: 189
817: 189
818: 189
819: 189
820: 189
821: 189
822: 189
823: 189
824: 189
825: 189
826: 189
827: 189
828: 189
829: 189
830: 189
831: 189
832: 189
833: 189
834: 189
835: 189
836: 189
837: 189
838: 189
839: 189
840: 189
841: 189
842: 189
843: 189
844: 189
845: 189
846: 189
847: 189
848: 189
849: 189
850: 189
851: 189
852: 189
853: 189
854: 189
855: 189
856: 189
857: 189
858: 189
859: 189
860: 189
861: 189
862: 189
863: 189
864: 189
865: 189
866: 189
867: 189
868: 189
869: 189
870: 189
871: 189
872: 189
873: 189
874: 189
875: 189
876: 189
877: 189
878: 189
879: 189
880: 189
881: 189
882: 189
883: 189
884: 189
885: 189
886: 189
887: 189
888: 189
889: 189
890: 189
891: 189
892: 189
893: 189
894: 189
895: 189
896: 189
897: 189
898: 189
899: 189
900: 189
901: 189
902: 189
903: 189
904: 189
905: 189
906: 189
907: 189
908: 189
909: 189
910: 189
911: 189
912: 189
913: 189
914: 189
915: 189
916: 189
917: 189
918: 189
919: 189
920: 189
921: 189
922: 189
923: 189
924: 189
925: 189
926: 189
927: 189
928: 189
929: 189
930: 189
931: 189
932: 189
933: 189
934: 189
935: 189
936: 189
937: 189
938: 189
939: 189
940: 189
941: 189
942: 189
943: 189
944: 189
945: 189
946: 189
947: 189
948: 189
949: 189
950: 189
951: 189
952: 189
953: 189
954: 189
955: 189
956: 189
957: 189
958: 189
959: 189
960: 189
961: 189
962: 189
963: 189
964: 189
965: 189
966: 189
967: 189
968: 189
969: 189
970: 189
971: 189
972: 189
973: 189
974: 189
975: 189
976: 189
977: 189
978: 189
979: 189
980: 189
981: 189
982: 189
983: 189
984: 189
985: 189
986: 189
987: 189
988: 189
989: 189
990: 189
991: 189
992: 189
993: 189
994: 189
995: 189
996: 189
997: 189
998: 189
999: 189
INFO: [USF-XSim-96] XSim completed. Design snapshot 'random_sim_example_behav' loaded.
INFO: [USF-XSim-97] XSim simulation ran for 1000ns
launch_simulation: Time (s): cpu = 00:00:04 ; elapsed = 00:00:09 . Memory (MB): peak = 2548.559 ; gain = 0.000
WARNING: [filemgmt 56-199] Attempt to get parsing info during refresh. "On-the-fly" syntax checking information may be incorrect. [C:\Users\Octa476\Desktop\Random_generator_module\random_generator_project\random_generator_project.srcs\sim_1\new\random_sim_example.v:]
WARNING: [filemgmt 56-199] Attempt to get parsing info during refresh. "On-the-fly" syntax checking information may be incorrect. [C:\Users\Octa476\Desktop\Random_generator_module\random_generator_project\random_generator_project.srcs\sim_1\new\tb_design_random.v:]
WARNING: [filemgmt 56-199] Attempt to get parsing info during refresh. "On-the-fly" syntax checking information may be incorrect. [C:\Users\Octa476\Desktop\Random_generator_module\random_generator_project\random_generator_project.srcs\sources_1\new\inverter_jitter.v:]
WARNING: [filemgmt 56-199] Attempt to get parsing info during refresh. "On-the-fly" syntax checking information may be incorrect. [C:\Users\Octa476\Desktop\Random_generator_module\random_generator_project\random_generator_project.srcs\sim_1\new\tb_design_random.v:]
WARNING: [filemgmt 56-199] Attempt to get parsing info during refresh. "On-the-fly" syntax checking information may be incorrect. [C:\Users\Octa476\Desktop\Random_generator_module\random_generator_project\random_generator_project.srcs\sim_1\new\tb_design_random.v:]
WARNING: [filemgmt 56-199] Attempt to get parsing info during refresh. "On-the-fly" syntax checking information may be incorrect. [C:\Users\Octa476\Desktop\Random_generator_module\random_generator_project\random_generator_project.srcs\sim_1\new\random_sim_example.v:]
WARNING: [filemgmt 56-199] Attempt to get parsing info during refresh. "On-the-fly" syntax checking information may be incorrect. [C:\Users\Octa476\Desktop\Random_generator_module\random_generator_project\random_generator_project.srcs\sim_1\new\tb_design_random.v:]
WARNING: [filemgmt 56-199] Attempt to get parsing info during refresh. "On-the-fly" syntax checking information may be incorrect. [C:\Users\Octa476\Desktop\Random_generator_module\random_generator_project\random_generator_project.srcs\sources_1\new\inverter_jitter.v:]
WARNING: [filemgmt 56-199] Attempt to get parsing info during refresh. "On-the-fly" syntax checking information may be incorrect. [C:\Users\Octa476\Desktop\Random_generator_module\random_generator_project\random_generator_project.srcs\sources_1\new\inverter_jitter.v:]
WARNING: [filemgmt 56-199] Attempt to get parsing info during refresh. "On-the-fly" syntax checking information may be incorrect. [C:\Users\Octa476\Desktop\Random_generator_module\random_generator_project\random_generator_project.srcs\sources_1\new\inverter_jitter.v:]
close_sim
INFO: [Simtcl 6-16] Simulation closed
launch_simulation
Command: launch_simulation 
INFO: [Vivado 12-12493] Simulation top is 'random_sim_example'
WARNING: [Vivado 12-13340] Unable to auto find GCC executables from simulator install path! (path not set)
INFO: [Vivado 12-5682] Launching behavioral simulation in 'C:/Users/Octa476/Desktop/Random_generator_module/random_generator_project/random_generator_project.sim/sim_1/behav/xsim'
INFO: [Vivado 12-13660] Precompiled IP simulation library mode is enabled (default). The design IP libraries will be referenced from the compiled library path. Please note that if the precompiled version of the library is not found from the path or the IP is in locked state, then the library source files for these IPs will be compiled locally as part of the compile order.
INFO: [Vivado 12-4795] Using compiled simulation libraries for IPs
INFO: [SIM-utils-51] Simulation object is 'sim_1'
INFO: [SIM-utils-72] Using boost library from 'D:/Xilinx/Vivado/2024.2/tps/boost_1_72_0'
INFO: [USF-XSim-7] Finding pre-compiled libraries...
INFO: [USF-XSim-11] File 'D:/Xilinx/Vivado/2024.2/data/xsim/xsim.ini' copied to run dir:'C:/Users/Octa476/Desktop/Random_generator_module/random_generator_project/random_generator_project.sim/sim_1/behav/xsim'
INFO: [SIM-utils-54] Inspecting design source files for 'random_sim_example' in fileset 'sim_1'...
INFO: [USF-XSim-97] Finding global include files...
INFO: [USF-XSim-98] Fetching design files from 'sim_1'...
INFO: [USF-XSim-2] XSim::Compile design
INFO: [USF-XSim-61] Executing 'COMPILE and ANALYZE' step in 'C:/Users/Octa476/Desktop/Random_generator_module/random_generator_project/random_generator_project.sim/sim_1/behav/xsim'
"xvlog --incr --relax -prj random_sim_example_vlog.prj"
INFO: [VRFC 10-2263] Analyzing Verilog file "C:/Users/Octa476/Desktop/Random_generator_module/random_generator_project/random_generator_project.srcs/sim_1/new/random_sim_example.v" into library xil_defaultlib
INFO: [VRFC 10-311] analyzing module random_sim_example
INFO: [USF-XSim-69] 'compile' step finished in '2' seconds
INFO: [USF-XSim-3] XSim::Elaborate design
INFO: [USF-XSim-61] Executing 'ELABORATE' step in 'C:/Users/Octa476/Desktop/Random_generator_module/random_generator_project/random_generator_project.sim/sim_1/behav/xsim'
"xelab --incr --debug typical --relax --mt 2 -L xil_defaultlib -L unisims_ver -L unimacro_ver -L secureip -L xpm --snapshot random_sim_example_behav xil_defaultlib.random_sim_example xil_defaultlib.glbl -log elaborate.log"
Vivado Simulator v2024.2.0
Copyright 1986-2022 Xilinx, Inc. All Rights Reserved.
Copyright 2022-2024 Advanced Micro Devices, Inc. All Rights Reserved.
Running: D:/Xilinx/Vivado/2024.2/bin/unwrapped/win64.o/xelab.exe --incr --debug typical --relax --mt 2 -L xil_defaultlib -L unisims_ver -L unimacro_ver -L secureip -L xpm --snapshot random_sim_example_behav xil_defaultlib.random_sim_example xil_defaultlib.glbl -log elaborate.log 
Using 2 slave threads.
Starting static elaboration
Pass Through NonSizing Optimizer
Completed static elaboration
Starting simulation data flow analysis
Completed simulation data flow analysis
Time Resolution for simulation is 1ps
Compiling module xil_defaultlib.random_sim_example
Compiling module xil_defaultlib.glbl
Built simulation snapshot random_sim_example_behav
INFO: [USF-XSim-69] 'elaborate' step finished in '4' seconds
INFO: [USF-XSim-4] XSim::Simulate design
INFO: [USF-XSim-61] Executing 'SIMULATE' step in 'C:/Users/Octa476/Desktop/Random_generator_module/random_generator_project/random_generator_project.sim/sim_1/behav/xsim'
INFO: [USF-XSim-98] *** Running xsim
   with args "random_sim_example_behav -key {Behavioral:sim_1:Functional:random_sim_example} -tclbatch {random_sim_example.tcl} -protoinst "protoinst_files/design_random.protoinst" -log {simulate.log}"
INFO: [USF-XSim-8] Loading simulator feature
INFO: [Wavedata 42-565] Reading protoinst file protoinst_files/design_random.protoinst
WARNING: [Wavedata 42-558] Couldn't load one or more protocol instances from protoinst file protoinst_files/design_random.protoinst for the following reason(s):
There are no instances of module "design_random" in the design.

Time resolution is 1 ps
source random_sim_example.tcl
# set curr_wave [current_wave_config]
# if { [string length $curr_wave] == 0 } {
#   if { [llength [get_objects]] > 0} {
#     add_wave /
#     set_property needs_save false [current_wave_config]
#   } else {
#      send_msg_id Add_Wave-1 WARNING "No top level signals found. Simulator will start without a wave window. If you want to open a wave window go to 'File->New Waveform Configuration' or type 'create_wave_config' in the TCL console."
#   }
# }
# run 1000ns
Generating 1000 random numbers between 0 and 255:
0: 189
1: 189
2: 189
3: 189
4: 189
5: 189
6: 189
7: 189
8: 189
9: 189
10: 189
11: 189
12: 189
13: 189
14: 189
15: 189
16: 189
17: 189
18: 189
19: 189
20: 189
21: 189
22: 189
23: 189
24: 189
25: 189
26: 189
27: 189
28: 189
29: 189
30: 189
31: 189
32: 189
33: 189
34: 189
35: 189
36: 189
37: 189
38: 189
39: 189
40: 189
41: 189
42: 189
43: 189
44: 189
45: 189
46: 189
47: 189
48: 189
49: 189
50: 189
51: 189
52: 189
53: 189
54: 189
55: 189
56: 189
57: 189
58: 189
59: 189
60: 189
61: 189
62: 189
63: 189
64: 189
65: 189
66: 189
67: 189
68: 189
69: 189
70: 189
71: 189
72: 189
73: 189
74: 189
75: 189
76: 189
77: 189
78: 189
79: 189
80: 189
81: 189
82: 189
83: 189
84: 189
85: 189
86: 189
87: 189
88: 189
89: 189
90: 189
91: 189
92: 189
93: 189
94: 189
95: 189
96: 189
97: 189
98: 189
99: 189
100: 189
101: 189
102: 189
103: 189
104: 189
105: 189
106: 189
107: 189
108: 189
109: 189
110: 189
111: 189
112: 189
113: 189
114: 189
115: 189
116: 189
117: 189
118: 189
119: 189
120: 189
121: 189
122: 189
123: 189
124: 189
125: 189
126: 189
127: 189
128: 189
129: 189
130: 189
131: 189
132: 189
133: 189
134: 189
135: 189
136: 189
137: 189
138: 189
139: 189
140: 189
141: 189
142: 189
143: 189
144: 189
145: 189
146: 189
147: 189
148: 189
149: 189
150: 189
151: 189
152: 189
153: 189
154: 189
155: 189
156: 189
157: 189
158: 189
159: 189
160: 189
161: 189
162: 189
163: 189
164: 189
165: 189
166: 189
167: 189
168: 189
169: 189
170: 189
171: 189
172: 189
173: 189
174: 189
175: 189
176: 189
177: 189
178: 189
179: 189
180: 189
181: 189
182: 189
183: 189
184: 189
185: 189
186: 189
187: 189
188: 189
189: 189
190: 189
191: 189
192: 189
193: 189
194: 189
195: 189
196: 189
197: 189
198: 189
199: 189
200: 189
201: 189
202: 189
203: 189
204: 189
205: 189
206: 189
207: 189
208: 189
209: 189
210: 189
211: 189
212: 189
213: 189
214: 189
215: 189
216: 189
217: 189
218: 189
219: 189
220: 189
221: 189
222: 189
223: 189
224: 189
225: 189
226: 189
227: 189
228: 189
229: 189
230: 189
231: 189
232: 189
233: 189
234: 189
235: 189
236: 189
237: 189
238: 189
239: 189
240: 189
241: 189
242: 189
243: 189
244: 189
245: 189
246: 189
247: 189
248: 189
249: 189
250: 189
251: 189
252: 189
253: 189
254: 189
255: 189
256: 189
257: 189
258: 189
259: 189
260: 189
261: 189
262: 189
263: 189
264: 189
265: 189
266: 189
267: 189
268: 189
269: 189
270: 189
271: 189
272: 189
273: 189
274: 189
275: 189
276: 189
277: 189
278: 189
279: 189
280: 189
281: 189
282: 189
283: 189
284: 189
285: 189
286: 189
287: 189
288: 189
289: 189
290: 189
291: 189
292: 189
293: 189
294: 189
295: 189
296: 189
297: 189
298: 189
299: 189
300: 189
301: 189
302: 189
303: 189
304: 189
305: 189
306: 189
307: 189
308: 189
309: 189
310: 189
311: 189
312: 189
313: 189
314: 189
315: 189
316: 189
317: 189
318: 189
319: 189
320: 189
321: 189
322: 189
323: 189
324: 189
325: 189
326: 189
327: 189
328: 189
329: 189
330: 189
331: 189
332: 189
333: 189
334: 189
335: 189
336: 189
337: 189
338: 189
339: 189
340: 189
341: 189
342: 189
343: 189
344: 189
345: 189
346: 189
347: 189
348: 189
349: 189
350: 189
351: 189
352: 189
353: 189
354: 189
355: 189
356: 189
357: 189
358: 189
359: 189
360: 189
361: 189
362: 189
363: 189
364: 189
365: 189
366: 189
367: 189
368: 189
369: 189
370: 189
371: 189
372: 189
373: 189
374: 189
375: 189
376: 189
377: 189
378: 189
379: 189
380: 189
381: 189
382: 189
383: 189
384: 189
385: 189
386: 189
387: 189
388: 189
389: 189
390: 189
391: 189
392: 189
393: 189
394: 189
395: 189
396: 189
397: 189
398: 189
399: 189
400: 189
401: 189
402: 189
403: 189
404: 189
405: 189
406: 189
407: 189
408: 189
409: 189
410: 189
411: 189
412: 189
413: 189
414: 189
415: 189
416: 189
417: 189
418: 189
419: 189
420: 189
421: 189
422: 189
423: 189
424: 189
425: 189
426: 189
427: 189
428: 189
429: 189
430: 189
431: 189
432: 189
433: 189
434: 189
435: 189
436: 189
437: 189
438: 189
439: 189
440: 189
441: 189
442: 189
443: 189
444: 189
445: 189
446: 189
447: 189
448: 189
449: 189
450: 189
451: 189
452: 189
453: 189
454: 189
455: 189
456: 189
457: 189
458: 189
459: 189
460: 189
461: 189
462: 189
463: 189
464: 189
465: 189
466: 189
467: 189
468: 189
469: 189
470: 189
471: 189
472: 189
473: 189
474: 189
475: 189
476: 189
477: 189
478: 189
479: 189
480: 189
481: 189
482: 189
483: 189
484: 189
485: 189
486: 189
487: 189
488: 189
489: 189
490: 189
491: 189
492: 189
493: 189
494: 189
495: 189
496: 189
497: 189
498: 189
499: 189
500: 189
501: 189
502: 189
503: 189
504: 189
505: 189
506: 189
507: 189
508: 189
509: 189
510: 189
511: 189
512: 189
513: 189
514: 189
515: 189
516: 189
517: 189
518: 189
519: 189
520: 189
521: 189
522: 189
523: 189
524: 189
525: 189
526: 189
527: 189
528: 189
529: 189
530: 189
531: 189
532: 189
533: 189
534: 189
535: 189
536: 189
537: 189
538: 189
539: 189
540: 189
541: 189
542: 189
543: 189
544: 189
545: 189
546: 189
547: 189
548: 189
549: 189
550: 189
551: 189
552: 189
553: 189
554: 189
555: 189
556: 189
557: 189
558: 189
559: 189
560: 189
561: 189
562: 189
563: 189
564: 189
565: 189
566: 189
567: 189
568: 189
569: 189
570: 189
571: 189
572: 189
573: 189
574: 189
575: 189
576: 189
577: 189
578: 189
579: 189
580: 189
581: 189
582: 189
583: 189
584: 189
585: 189
586: 189
587: 189
588: 189
589: 189
590: 189
591: 189
592: 189
593: 189
594: 189
595: 189
596: 189
597: 189
598: 189
599: 189
600: 189
601: 189
602: 189
603: 189
604: 189
605: 189
606: 189
607: 189
608: 189
609: 189
610: 189
611: 189
612: 189
613: 189
614: 189
615: 189
616: 189
617: 189
618: 189
619: 189
620: 189
621: 189
622: 189
623: 189
624: 189
625: 189
626: 189
627: 189
628: 189
629: 189
630: 189
631: 189
632: 189
633: 189
634: 189
635: 189
636: 189
637: 189
638: 189
639: 189
640: 189
641: 189
642: 189
643: 189
644: 189
645: 189
646: 189
647: 189
648: 189
649: 189
650: 189
651: 189
652: 189
653: 189
654: 189
655: 189
656: 189
657: 189
658: 189
659: 189
660: 189
661: 189
662: 189
663: 189
664: 189
665: 189
666: 189
667: 189
668: 189
669: 189
670: 189
671: 189
672: 189
673: 189
674: 189
675: 189
676: 189
677: 189
678: 189
679: 189
680: 189
681: 189
682: 189
683: 189
684: 189
685: 189
686: 189
687: 189
688: 189
689: 189
690: 189
691: 189
692: 189
693: 189
694: 189
695: 189
696: 189
697: 189
698: 189
699: 189
700: 189
701: 189
702: 189
703: 189
704: 189
705: 189
706: 189
707: 189
708: 189
709: 189
710: 189
711: 189
712: 189
713: 189
714: 189
715: 189
716: 189
717: 189
718: 189
719: 189
720: 189
721: 189
722: 189
723: 189
724: 189
725: 189
726: 189
727: 189
728: 189
729: 189
730: 189
731: 189
732: 189
733: 189
734: 189
735: 189
736: 189
737: 189
738: 189
739: 189
740: 189
741: 189
742: 189
743: 189
744: 189
745: 189
746: 189
747: 189
748: 189
749: 189
750: 189
751: 189
752: 189
753: 189
754: 189
755: 189
756: 189
757: 189
758: 189
759: 189
760: 189
761: 189
762: 189
763: 189
764: 189
765: 189
766: 189
767: 189
768: 189
769: 189
770: 189
771: 189
772: 189
773: 189
774: 189
775: 189
776: 189
777: 189
778: 189
779: 189
780: 189
781: 189
782: 189
783: 189
784: 189
785: 189
786: 189
787: 189
788: 189
789: 189
790: 189
791: 189
792: 189
793: 189
794: 189
795: 189
796: 189
797: 189
798: 189
799: 189
800: 189
801: 189
802: 189
803: 189
804: 189
805: 189
806: 189
807: 189
808: 189
809: 189
810: 189
811: 189
812: 189
813: 189
814: 189
815: 189
816: 189
817: 189
818: 189
819: 189
820: 189
821: 189
822: 189
823: 189
824: 189
825: 189
826: 189
827: 189
828: 189
829: 189
830: 189
831: 189
832: 189
833: 189
834: 189
835: 189
836: 189
837: 189
838: 189
839: 189
840: 189
841: 189
842: 189
843: 189
844: 189
845: 189
846: 189
847: 189
848: 189
849: 189
850: 189
851: 189
852: 189
853: 189
854: 189
855: 189
856: 189
857: 189
858: 189
859: 189
860: 189
861: 189
862: 189
863: 189
864: 189
865: 189
866: 189
867: 189
868: 189
869: 189
870: 189
871: 189
872: 189
873: 189
874: 189
875: 189
876: 189
877: 189
878: 189
879: 189
880: 189
881: 189
882: 189
883: 189
884: 189
885: 189
886: 189
887: 189
888: 189
889: 189
890: 189
891: 189
892: 189
893: 189
894: 189
895: 189
896: 189
897: 189
898: 189
899: 189
900: 189
901: 189
902: 189
903: 189
904: 189
905: 189
906: 189
907: 189
908: 189
909: 189
910: 189
911: 189
912: 189
913: 189
914: 189
915: 189
916: 189
917: 189
918: 189
919: 189
920: 189
921: 189
922: 189
923: 189
924: 189
925: 189
926: 189
927: 189
928: 189
929: 189
930: 189
931: 189
932: 189
933: 189
934: 189
935: 189
936: 189
937: 189
938: 189
939: 189
940: 189
941: 189
942: 189
943: 189
944: 189
945: 189
946: 189
947: 189
948: 189
949: 189
950: 189
951: 189
952: 189
953: 189
954: 189
955: 189
956: 189
957: 189
958: 189
959: 189
960: 189
961: 189
962: 189
963: 189
964: 189
965: 189
966: 189
967: 189
968: 189
969: 189
970: 189
971: 189
972: 189
973: 189
974: 189
975: 189
976: 189
977: 189
978: 189
979: 189
980: 189
981: 189
982: 189
983: 189
984: 189
985: 189
986: 189
987: 189
988: 189
989: 189
990: 189
991: 189
992: 189
993: 189
994: 189
995: 189
996: 189
997: 189
998: 189
999: 189
$finish called at time : 0 fs : File "C:/Users/Octa476/Desktop/Random_generator_module/random_generator_project/random_generator_project.srcs/sim_1/new/random_sim_example.v" Line 40
INFO: [USF-XSim-96] XSim completed. Design snapshot 'random_sim_example_behav' loaded.
INFO: [USF-XSim-97] XSim simulation ran for 1000ns
launch_simulation: Time (s): cpu = 00:00:04 ; elapsed = 00:00:09 . Memory (MB): peak = 2548.559 ; gain = 0.000
close_sim
INFO: [Simtcl 6-16] Simulation closed
launch_simulation
Command: launch_simulation 
INFO: [Vivado 12-12493] Simulation top is 'random_sim_example'
WARNING: [Vivado 12-13340] Unable to auto find GCC executables from simulator install path! (path not set)
INFO: [Vivado 12-5682] Launching behavioral simulation in 'C:/Users/Octa476/Desktop/Random_generator_module/random_generator_project/random_generator_project.sim/sim_1/behav/xsim'
INFO: [Vivado 12-13660] Precompiled IP simulation library mode is enabled (default). The design IP libraries will be referenced from the compiled library path. Please note that if the precompiled version of the library is not found from the path or the IP is in locked state, then the library source files for these IPs will be compiled locally as part of the compile order.
INFO: [Vivado 12-4795] Using compiled simulation libraries for IPs
INFO: [SIM-utils-51] Simulation object is 'sim_1'
INFO: [SIM-utils-72] Using boost library from 'D:/Xilinx/Vivado/2024.2/tps/boost_1_72_0'
INFO: [USF-XSim-7] Finding pre-compiled libraries...
INFO: [USF-XSim-11] File 'D:/Xilinx/Vivado/2024.2/data/xsim/xsim.ini' copied to run dir:'C:/Users/Octa476/Desktop/Random_generator_module/random_generator_project/random_generator_project.sim/sim_1/behav/xsim'
INFO: [SIM-utils-54] Inspecting design source files for 'random_sim_example' in fileset 'sim_1'...
INFO: [USF-XSim-97] Finding global include files...
INFO: [USF-XSim-98] Fetching design files from 'sim_1'...
INFO: [USF-XSim-2] XSim::Compile design
INFO: [USF-XSim-61] Executing 'COMPILE and ANALYZE' step in 'C:/Users/Octa476/Desktop/Random_generator_module/random_generator_project/random_generator_project.sim/sim_1/behav/xsim'
"xvlog --incr --relax -prj random_sim_example_vlog.prj"
INFO: [USF-XSim-69] 'compile' step finished in '2' seconds
INFO: [USF-XSim-3] XSim::Elaborate design
INFO: [USF-XSim-61] Executing 'ELABORATE' step in 'C:/Users/Octa476/Desktop/Random_generator_module/random_generator_project/random_generator_project.sim/sim_1/behav/xsim'
"xelab --incr --debug typical --relax --mt 2 -L xil_defaultlib -L unisims_ver -L unimacro_ver -L secureip -L xpm --snapshot random_sim_example_behav xil_defaultlib.random_sim_example xil_defaultlib.glbl -log elaborate.log"
Vivado Simulator v2024.2.0
Copyright 1986-2022 Xilinx, Inc. All Rights Reserved.
Copyright 2022-2024 Advanced Micro Devices, Inc. All Rights Reserved.
Running: D:/Xilinx/Vivado/2024.2/bin/unwrapped/win64.o/xelab.exe --incr --debug typical --relax --mt 2 -L xil_defaultlib -L unisims_ver -L unimacro_ver -L secureip -L xpm --snapshot random_sim_example_behav xil_defaultlib.random_sim_example xil_defaultlib.glbl -log elaborate.log 
Using 2 slave threads.
Starting static elaboration
Pass Through NonSizing Optimizer
Completed static elaboration
INFO: [XSIM 43-4323] No Change in HDL. Linking previously generated obj files to create kernel
INFO: [USF-XSim-69] 'elaborate' step finished in '4' seconds
INFO: [USF-XSim-4] XSim::Simulate design
INFO: [USF-XSim-61] Executing 'SIMULATE' step in 'C:/Users/Octa476/Desktop/Random_generator_module/random_generator_project/random_generator_project.sim/sim_1/behav/xsim'
INFO: [USF-XSim-98] *** Running xsim
   with args "random_sim_example_behav -key {Behavioral:sim_1:Functional:random_sim_example} -tclbatch {random_sim_example.tcl} -protoinst "protoinst_files/design_random.protoinst" -log {simulate.log}"
INFO: [USF-XSim-8] Loading simulator feature
INFO: [Wavedata 42-565] Reading protoinst file protoinst_files/design_random.protoinst
WARNING: [Wavedata 42-558] Couldn't load one or more protocol instances from protoinst file protoinst_files/design_random.protoinst for the following reason(s):
There are no instances of module "design_random" in the design.

Time resolution is 1 ps
source random_sim_example.tcl
# set curr_wave [current_wave_config]
# if { [string length $curr_wave] == 0 } {
#   if { [llength [get_objects]] > 0} {
#     add_wave /
#     set_property needs_save false [current_wave_config]
#   } else {
#      send_msg_id Add_Wave-1 WARNING "No top level signals found. Simulator will start without a wave window. If you want to open a wave window go to 'File->New Waveform Configuration' or type 'create_wave_config' in the TCL console."
#   }
# }
# run 1000ns
Generating 1000 random numbers between 0 and 255:
0: 189
1: 189
2: 189
3: 189
4: 189
5: 189
6: 189
7: 189
8: 189
9: 189
10: 189
11: 189
12: 189
13: 189
14: 189
15: 189
16: 189
17: 189
18: 189
19: 189
20: 189
21: 189
22: 189
23: 189
24: 189
25: 189
26: 189
27: 189
28: 189
29: 189
30: 189
31: 189
32: 189
33: 189
34: 189
35: 189
36: 189
37: 189
38: 189
39: 189
40: 189
41: 189
42: 189
43: 189
44: 189
45: 189
46: 189
47: 189
48: 189
49: 189
50: 189
51: 189
52: 189
53: 189
54: 189
55: 189
56: 189
57: 189
58: 189
59: 189
60: 189
61: 189
62: 189
63: 189
64: 189
65: 189
66: 189
67: 189
68: 189
69: 189
70: 189
71: 189
72: 189
73: 189
74: 189
75: 189
76: 189
77: 189
78: 189
79: 189
80: 189
81: 189
82: 189
83: 189
84: 189
85: 189
86: 189
87: 189
88: 189
89: 189
90: 189
91: 189
92: 189
93: 189
94: 189
95: 189
96: 189
97: 189
98: 189
99: 189
100: 189
101: 189
102: 189
103: 189
104: 189
105: 189
106: 189
107: 189
108: 189
109: 189
110: 189
111: 189
112: 189
113: 189
114: 189
115: 189
116: 189
117: 189
118: 189
119: 189
120: 189
121: 189
122: 189
123: 189
124: 189
125: 189
126: 189
127: 189
128: 189
129: 189
130: 189
131: 189
132: 189
133: 189
134: 189
135: 189
136: 189
137: 189
138: 189
139: 189
140: 189
141: 189
142: 189
143: 189
144: 189
145: 189
146: 189
147: 189
148: 189
149: 189
150: 189
151: 189
152: 189
153: 189
154: 189
155: 189
156: 189
157: 189
158: 189
159: 189
160: 189
161: 189
162: 189
163: 189
164: 189
165: 189
166: 189
167: 189
168: 189
169: 189
170: 189
171: 189
172: 189
173: 189
174: 189
175: 189
176: 189
177: 189
178: 189
179: 189
180: 189
181: 189
182: 189
183: 189
184: 189
185: 189
186: 189
187: 189
188: 189
189: 189
190: 189
191: 189
192: 189
193: 189
194: 189
195: 189
196: 189
197: 189
198: 189
199: 189
200: 189
201: 189
202: 189
203: 189
204: 189
205: 189
206: 189
207: 189
208: 189
209: 189
210: 189
211: 189
212: 189
213: 189
214: 189
215: 189
216: 189
217: 189
218: 189
219: 189
220: 189
221: 189
222: 189
223: 189
224: 189
225: 189
226: 189
227: 189
228: 189
229: 189
230: 189
231: 189
232: 189
233: 189
234: 189
235: 189
236: 189
237: 189
238: 189
239: 189
240: 189
241: 189
242: 189
243: 189
244: 189
245: 189
246: 189
247: 189
248: 189
249: 189
250: 189
251: 189
252: 189
253: 189
254: 189
255: 189
256: 189
257: 189
258: 189
259: 189
260: 189
261: 189
262: 189
263: 189
264: 189
265: 189
266: 189
267: 189
268: 189
269: 189
270: 189
271: 189
272: 189
273: 189
274: 189
275: 189
276: 189
277: 189
278: 189
279: 189
280: 189
281: 189
282: 189
283: 189
284: 189
285: 189
286: 189
287: 189
288: 189
289: 189
290: 189
291: 189
292: 189
293: 189
294: 189
295: 189
296: 189
297: 189
298: 189
299: 189
300: 189
301: 189
302: 189
303: 189
304: 189
305: 189
306: 189
307: 189
308: 189
309: 189
310: 189
311: 189
312: 189
313: 189
314: 189
315: 189
316: 189
317: 189
318: 189
319: 189
320: 189
321: 189
322: 189
323: 189
324: 189
325: 189
326: 189
327: 189
328: 189
329: 189
330: 189
331: 189
332: 189
333: 189
334: 189
335: 189
336: 189
337: 189
338: 189
339: 189
340: 189
341: 189
342: 189
343: 189
344: 189
345: 189
346: 189
347: 189
348: 189
349: 189
350: 189
351: 189
352: 189
353: 189
354: 189
355: 189
356: 189
357: 189
358: 189
359: 189
360: 189
361: 189
362: 189
363: 189
364: 189
365: 189
366: 189
367: 189
368: 189
369: 189
370: 189
371: 189
372: 189
373: 189
374: 189
375: 189
376: 189
377: 189
378: 189
379: 189
380: 189
381: 189
382: 189
383: 189
384: 189
385: 189
386: 189
387: 189
388: 189
389: 189
390: 189
391: 189
392: 189
393: 189
394: 189
395: 189
396: 189
397: 189
398: 189
399: 189
400: 189
401: 189
402: 189
403: 189
404: 189
405: 189
406: 189
407: 189
408: 189
409: 189
410: 189
411: 189
412: 189
413: 189
414: 189
415: 189
416: 189
417: 189
418: 189
419: 189
420: 189
421: 189
422: 189
423: 189
424: 189
425: 189
426: 189
427: 189
428: 189
429: 189
430: 189
431: 189
432: 189
433: 189
434: 189
435: 189
436: 189
437: 189
438: 189
439: 189
440: 189
441: 189
442: 189
443: 189
444: 189
445: 189
446: 189
447: 189
448: 189
449: 189
450: 189
451: 189
452: 189
453: 189
454: 189
455: 189
456: 189
457: 189
458: 189
459: 189
460: 189
461: 189
462: 189
463: 189
464: 189
465: 189
466: 189
467: 189
468: 189
469: 189
470: 189
471: 189
472: 189
473: 189
474: 189
475: 189
476: 189
477: 189
478: 189
479: 189
480: 189
481: 189
482: 189
483: 189
484: 189
485: 189
486: 189
487: 189
488: 189
489: 189
490: 189
491: 189
492: 189
493: 189
494: 189
495: 189
496: 189
497: 189
498: 189
499: 189
500: 189
501: 189
502: 189
503: 189
504: 189
505: 189
506: 189
507: 189
508: 189
509: 189
510: 189
511: 189
512: 189
513: 189
514: 189
515: 189
516: 189
517: 189
518: 189
519: 189
520: 189
521: 189
522: 189
523: 189
524: 189
525: 189
526: 189
527: 189
528: 189
529: 189
530: 189
531: 189
532: 189
533: 189
534: 189
535: 189
536: 189
537: 189
538: 189
539: 189
540: 189
541: 189
542: 189
543: 189
544: 189
545: 189
546: 189
547: 189
548: 189
549: 189
550: 189
551: 189
552: 189
553: 189
554: 189
555: 189
556: 189
557: 189
558: 189
559: 189
560: 189
561: 189
562: 189
563: 189
564: 189
565: 189
566: 189
567: 189
568: 189
569: 189
570: 189
571: 189
572: 189
573: 189
574: 189
575: 189
576: 189
577: 189
578: 189
579: 189
580: 189
581: 189
582: 189
583: 189
584: 189
585: 189
586: 189
587: 189
588: 189
589: 189
590: 189
591: 189
592: 189
593: 189
594: 189
595: 189
596: 189
597: 189
598: 189
599: 189
600: 189
601: 189
602: 189
603: 189
604: 189
605: 189
606: 189
607: 189
608: 189
609: 189
610: 189
611: 189
612: 189
613: 189
614: 189
615: 189
616: 189
617: 189
618: 189
619: 189
620: 189
621: 189
622: 189
623: 189
624: 189
625: 189
626: 189
627: 189
628: 189
629: 189
630: 189
631: 189
632: 189
633: 189
634: 189
635: 189
636: 189
637: 189
638: 189
639: 189
640: 189
641: 189
642: 189
643: 189
644: 189
645: 189
646: 189
647: 189
648: 189
649: 189
650: 189
651: 189
652: 189
653: 189
654: 189
655: 189
656: 189
657: 189
658: 189
659: 189
660: 189
661: 189
662: 189
663: 189
664: 189
665: 189
666: 189
667: 189
668: 189
669: 189
670: 189
671: 189
672: 189
673: 189
674: 189
675: 189
676: 189
677: 189
678: 189
679: 189
680: 189
681: 189
682: 189
683: 189
684: 189
685: 189
686: 189
687: 189
688: 189
689: 189
690: 189
691: 189
692: 189
693: 189
694: 189
695: 189
696: 189
697: 189
698: 189
699: 189
700: 189
701: 189
702: 189
703: 189
704: 189
705: 189
706: 189
707: 189
708: 189
709: 189
710: 189
711: 189
712: 189
713: 189
714: 189
715: 189
716: 189
717: 189
718: 189
719: 189
720: 189
721: 189
722: 189
723: 189
724: 189
725: 189
726: 189
727: 189
728: 189
729: 189
730: 189
731: 189
732: 189
733: 189
734: 189
735: 189
736: 189
737: 189
738: 189
739: 189
740: 189
741: 189
742: 189
743: 189
744: 189
745: 189
746: 189
747: 189
748: 189
749: 189
750: 189
751: 189
752: 189
753: 189
754: 189
755: 189
756: 189
757: 189
758: 189
759: 189
760: 189
761: 189
762: 189
763: 189
764: 189
765: 189
766: 189
767: 189
768: 189
769: 189
770: 189
771: 189
772: 189
773: 189
774: 189
775: 189
776: 189
777: 189
778: 189
779: 189
780: 189
781: 189
782: 189
783: 189
784: 189
785: 189
786: 189
787: 189
788: 189
789: 189
790: 189
791: 189
792: 189
793: 189
794: 189
795: 189
796: 189
797: 189
798: 189
799: 189
800: 189
801: 189
802: 189
803: 189
804: 189
805: 189
806: 189
807: 189
808: 189
809: 189
810: 189
811: 189
812: 189
813: 189
814: 189
815: 189
816: 189
817: 189
818: 189
819: 189
820: 189
821: 189
822: 189
823: 189
824: 189
825: 189
826: 189
827: 189
828: 189
829: 189
830: 189
831: 189
832: 189
833: 189
834: 189
835: 189
836: 189
837: 189
838: 189
839: 189
840: 189
841: 189
842: 189
843: 189
844: 189
845: 189
846: 189
847: 189
848: 189
849: 189
850: 189
851: 189
852: 189
853: 189
854: 189
855: 189
856: 189
857: 189
858: 189
859: 189
860: 189
861: 189
862: 189
863: 189
864: 189
865: 189
866: 189
867: 189
868: 189
869: 189
870: 189
871: 189
872: 189
873: 189
874: 189
875: 189
876: 189
877: 189
878: 189
879: 189
880: 189
881: 189
882: 189
883: 189
884: 189
885: 189
886: 189
887: 189
888: 189
889: 189
890: 189
891: 189
892: 189
893: 189
894: 189
895: 189
896: 189
897: 189
898: 189
899: 189
900: 189
901: 189
902: 189
903: 189
904: 189
905: 189
906: 189
907: 189
908: 189
909: 189
910: 189
911: 189
912: 189
913: 189
914: 189
915: 189
916: 189
917: 189
918: 189
919: 189
920: 189
921: 189
922: 189
923: 189
924: 189
925: 189
926: 189
927: 189
928: 189
929: 189
930: 189
931: 189
932: 189
933: 189
934: 189
935: 189
936: 189
937: 189
938: 189
939: 189
940: 189
941: 189
942: 189
943: 189
944: 189
945: 189
946: 189
947: 189
948: 189
949: 189
950: 189
951: 189
952: 189
953: 189
954: 189
955: 189
956: 189
957: 189
958: 189
959: 189
960: 189
961: 189
962: 189
963: 189
964: 189
965: 189
966: 189
967: 189
968: 189
969: 189
970: 189
971: 189
972: 189
973: 189
974: 189
975: 189
976: 189
977: 189
978: 189
979: 189
980: 189
981: 189
982: 189
983: 189
984: 189
985: 189
986: 189
987: 189
988: 189
989: 189
990: 189
991: 189
992: 189
993: 189
994: 189
995: 189
996: 189
997: 189
998: 189
999: 189
$finish called at time : 0 fs : File "C:/Users/Octa476/Desktop/Random_generator_module/random_generator_project/random_generator_project.srcs/sim_1/new/random_sim_example.v" Line 40
INFO: [USF-XSim-96] XSim completed. Design snapshot 'random_sim_example_behav' loaded.
INFO: [USF-XSim-97] XSim simulation ran for 1000ns
launch_simulation: Time (s): cpu = 00:00:05 ; elapsed = 00:00:11 . Memory (MB): peak = 2548.559 ; gain = 0.000
WARNING: [filemgmt 56-199] Attempt to get parsing info during refresh. "On-the-fly" syntax checking information may be incorrect. [C:\Users\Octa476\Desktop\Random_generator_module\random_generator_project\random_generator_project.srcs\sim_1\new\random_sim_example.v:]
WARNING: [filemgmt 56-199] Attempt to get parsing info during refresh. "On-the-fly" syntax checking information may be incorrect. [C:\Users\Octa476\Desktop\Random_generator_module\random_generator_project\random_generator_project.srcs\sim_1\new\tb_design_random.v:]
WARNING: [filemgmt 56-199] Attempt to get parsing info during refresh. "On-the-fly" syntax checking information may be incorrect. [C:\Users\Octa476\Desktop\Random_generator_module\random_generator_project\random_generator_project.srcs\sources_1\new\inverter_jitter.v:]
WARNING: [filemgmt 56-199] Attempt to get parsing info during refresh. "On-the-fly" syntax checking information may be incorrect. [C:\Users\Octa476\Desktop\Random_generator_module\random_generator_project\random_generator_project.srcs\sim_1\new\random_sim_example.v:]
WARNING: [filemgmt 56-199] Attempt to get parsing info during refresh. "On-the-fly" syntax checking information may be incorrect. [C:\Users\Octa476\Desktop\Random_generator_module\random_generator_project\random_generator_project.srcs\sim_1\new\random_sim_example.v:]
close_sim
INFO: [Simtcl 6-16] Simulation closed
report_ip_status -name ip_status 
update_module_reference [get_ips  {design_random_inverter_jitter_rand_3_0 design_random_inverter_jitter_rand_0_0 design_random_inverter_jitter_rand_4_0 design_random_inverter_jitter_rand_11_0 design_random_inverter_jitter_rand_1_0 design_random_inverter_jitter_rand_2_0 design_random_inverter_jitter_rand_7_0 design_random_inverter_jitter_rand_5_0 design_random_inverter_jitter_rand_9_0 design_random_inverter_jitter_rand_12_0 design_random_inverter_jitter_rand_8_0 design_random_inverter_jitter_rand_6_0 design_random_inverter_jitter_rand_10_0}]
Upgrading 'C:/Users/Octa476/Desktop/Random_generator_module/random_generator_project/random_generator_project.srcs/sources_1/bd/design_random/design_random.bd'
INFO: [IP_Flow 19-3420] Updated design_random_inverter_jitter_rand_0_0 to use current project options
INFO: [IP_Flow 19-3420] Updated design_random_inverter_jitter_rand_10_0 to use current project options
INFO: [IP_Flow 19-3420] Updated design_random_inverter_jitter_rand_11_0 to use current project options
INFO: [IP_Flow 19-3420] Updated design_random_inverter_jitter_rand_12_0 to use current project options
INFO: [IP_Flow 19-3420] Updated design_random_inverter_jitter_rand_1_0 to use current project options
INFO: [IP_Flow 19-3420] Updated design_random_inverter_jitter_rand_2_0 to use current project options
INFO: [IP_Flow 19-3420] Updated design_random_inverter_jitter_rand_3_0 to use current project options
INFO: [IP_Flow 19-3420] Updated design_random_inverter_jitter_rand_4_0 to use current project options
INFO: [IP_Flow 19-3420] Updated design_random_inverter_jitter_rand_5_0 to use current project options
INFO: [IP_Flow 19-3420] Updated design_random_inverter_jitter_rand_6_0 to use current project options
INFO: [IP_Flow 19-3420] Updated design_random_inverter_jitter_rand_7_0 to use current project options
INFO: [IP_Flow 19-3420] Updated design_random_inverter_jitter_rand_8_0 to use current project options
INFO: [IP_Flow 19-3420] Updated design_random_inverter_jitter_rand_9_0 to use current project options
Wrote  : <C:\Users\Octa476\Desktop\Random_generator_module\random_generator_project\random_generator_project.srcs\sources_1\bd\design_random\design_random.bd> 
set_property top tb_design_random [get_filesets sim_1]
set_property top_lib xil_defaultlib [get_filesets sim_1]
WARNING: [filemgmt 56-199] Attempt to get parsing info during refresh. "On-the-fly" syntax checking information may be incorrect. [C:\Users\Octa476\Desktop\Random_generator_module\random_generator_project\random_generator_project.srcs\sim_1\new\random_sim_example.v:]
WARNING: [filemgmt 56-199] Attempt to get parsing info during refresh. "On-the-fly" syntax checking information may be incorrect. [C:\Users\Octa476\Desktop\Random_generator_module\random_generator_project\random_generator_project.srcs\sim_1\new\tb_design_random.v:]
WARNING: [filemgmt 56-199] Attempt to get parsing info during refresh. "On-the-fly" syntax checking information may be incorrect. [C:\Users\Octa476\Desktop\Random_generator_module\random_generator_project\random_generator_project.srcs\sources_1\new\inverter_jitter.v:]
WARNING: [filemgmt 56-199] Attempt to get parsing info during refresh. "On-the-fly" syntax checking information may be incorrect. [C:\Users\Octa476\Desktop\Random_generator_module\random_generator_project\random_generator_project.srcs\sim_1\new\tb_design_random.v:]
WARNING: [filemgmt 56-199] Attempt to get parsing info during refresh. "On-the-fly" syntax checking information may be incorrect. [C:\Users\Octa476\Desktop\Random_generator_module\random_generator_project\random_generator_project.srcs\sim_1\new\tb_design_random.v:]
update_compile_order -fileset sim_1
WARNING: [filemgmt 56-199] Attempt to get parsing info during refresh. "On-the-fly" syntax checking information may be incorrect. [C:\Users\Octa476\Desktop\Random_generator_module\random_generator_project\random_generator_project.srcs\sim_1\new\random_sim_example.v:]
WARNING: [filemgmt 56-199] Attempt to get parsing info during refresh. "On-the-fly" syntax checking information may be incorrect. [C:\Users\Octa476\Desktop\Random_generator_module\random_generator_project\random_generator_project.srcs\sim_1\new\tb_design_random.v:]
WARNING: [filemgmt 56-199] Attempt to get parsing info during refresh. "On-the-fly" syntax checking information may be incorrect. [C:\Users\Octa476\Desktop\Random_generator_module\random_generator_project\random_generator_project.srcs\sources_1\new\inverter_jitter.v:]
WARNING: [filemgmt 56-199] Attempt to get parsing info during refresh. "On-the-fly" syntax checking information may be incorrect. [C:\Users\Octa476\Desktop\Random_generator_module\random_generator_project\random_generator_project.srcs\sim_1\new\tb_design_random.v:]
WARNING: [filemgmt 56-199] Attempt to get parsing info during refresh. "On-the-fly" syntax checking information may be incorrect. [C:\Users\Octa476\Desktop\Random_generator_module\random_generator_project\random_generator_project.srcs\sim_1\new\tb_design_random.v:]
WARNING: [filemgmt 56-199] Attempt to get parsing info during refresh. "On-the-fly" syntax checking information may be incorrect. [C:\Users\Octa476\Desktop\Random_generator_module\random_generator_project\random_generator_project.srcs\sim_1\new\random_sim_example.v:]
generate_target Simulation [get_files C:/Users/Octa476/Desktop/Random_generator_module/random_generator_project/random_generator_project.srcs/sources_1/bd/design_random/design_random.bd]
Wrote  : <C:\Users\Octa476\Desktop\Random_generator_module\random_generator_project\random_generator_project.srcs\sources_1\bd\design_random\design_random.bd> 
Verilog Output written to : c:/Users/Octa476/Desktop/Random_generator_module/random_generator_project/random_generator_project.gen/sources_1/bd/design_random/synth/design_random.v
Verilog Output written to : c:/Users/Octa476/Desktop/Random_generator_module/random_generator_project/random_generator_project.gen/sources_1/bd/design_random/sim/design_random.v
Verilog Output written to : c:/Users/Octa476/Desktop/Random_generator_module/random_generator_project/random_generator_project.gen/sources_1/bd/design_random/hdl/design_random_wrapper.v
INFO: [BD 41-1029] Generation completed for the IP Integrator block inverter_jitter_rand_0 .
INFO: [BD 41-1029] Generation completed for the IP Integrator block inverter_jitter_rand_1 .
INFO: [BD 41-1029] Generation completed for the IP Integrator block inverter_jitter_rand_2 .
INFO: [BD 41-1029] Generation completed for the IP Integrator block inverter_jitter_rand_3 .
INFO: [BD 41-1029] Generation completed for the IP Integrator block inverter_jitter_rand_4 .
INFO: [BD 41-1029] Generation completed for the IP Integrator block inverter_jitter_rand_5 .
INFO: [BD 41-1029] Generation completed for the IP Integrator block inverter_jitter_rand_6 .
INFO: [BD 41-1029] Generation completed for the IP Integrator block inverter_jitter_rand_7 .
INFO: [BD 41-1029] Generation completed for the IP Integrator block inverter_jitter_rand_8 .
INFO: [BD 41-1029] Generation completed for the IP Integrator block inverter_jitter_rand_9 .
INFO: [BD 41-1029] Generation completed for the IP Integrator block inverter_jitter_rand_10 .
INFO: [BD 41-1029] Generation completed for the IP Integrator block inverter_jitter_rand_11 .
INFO: [BD 41-1029] Generation completed for the IP Integrator block inverter_jitter_rand_12 .
Exporting to file c:/Users/Octa476/Desktop/Random_generator_module/random_generator_project/random_generator_project.gen/sources_1/bd/design_random/hw_handoff/design_random.hwh
Generated Hardware Definition File c:/Users/Octa476/Desktop/Random_generator_module/random_generator_project/random_generator_project.gen/sources_1/bd/design_random/synth/design_random.hwdef
export_ip_user_files -of_objects [get_files C:/Users/Octa476/Desktop/Random_generator_module/random_generator_project/random_generator_project.srcs/sources_1/bd/design_random/design_random.bd] -no_script -sync -force -quiet
export_simulation -of_objects [get_files C:/Users/Octa476/Desktop/Random_generator_module/random_generator_project/random_generator_project.srcs/sources_1/bd/design_random/design_random.bd] -directory C:/Users/Octa476/Desktop/Random_generator_module/random_generator_project/random_generator_project.ip_user_files/sim_scripts -ip_user_files_dir C:/Users/Octa476/Desktop/Random_generator_module/random_generator_project/random_generator_project.ip_user_files -ipstatic_source_dir C:/Users/Octa476/Desktop/Random_generator_module/random_generator_project/random_generator_project.ip_user_files/ipstatic -lib_map_path [list {modelsim=C:/Users/Octa476/Desktop/Random_generator_module/random_generator_project/random_generator_project.cache/compile_simlib/modelsim} {questa=C:/Users/Octa476/Desktop/Random_generator_module/random_generator_project/random_generator_project.cache/compile_simlib/questa} {riviera=C:/Users/Octa476/Desktop/Random_generator_module/random_generator_project/random_generator_project.cache/compile_simlib/riviera} {activehdl=C:/Users/Octa476/Desktop/Random_generator_module/random_generator_project/random_generator_project.cache/compile_simlib/activehdl}] -use_ip_compiled_libs -force -quiet
launch_simulation
Command: launch_simulation 
INFO: [Vivado 12-12493] Simulation top is 'tb_design_random'
WARNING: [Vivado 12-13340] Unable to auto find GCC executables from simulator install path! (path not set)
INFO: [Vivado 12-5682] Launching behavioral simulation in 'C:/Users/Octa476/Desktop/Random_generator_module/random_generator_project/random_generator_project.sim/sim_1/behav/xsim'
INFO: [Vivado 12-13660] Precompiled IP simulation library mode is enabled (default). The design IP libraries will be referenced from the compiled library path. Please note that if the precompiled version of the library is not found from the path or the IP is in locked state, then the library source files for these IPs will be compiled locally as part of the compile order.
INFO: [Vivado 12-4795] Using compiled simulation libraries for IPs
INFO: [SIM-utils-51] Simulation object is 'sim_1'
INFO: [SIM-utils-72] Using boost library from 'D:/Xilinx/Vivado/2024.2/tps/boost_1_72_0'
INFO: [USF-XSim-7] Finding pre-compiled libraries...
INFO: [USF-XSim-11] File 'D:/Xilinx/Vivado/2024.2/data/xsim/xsim.ini' copied to run dir:'C:/Users/Octa476/Desktop/Random_generator_module/random_generator_project/random_generator_project.sim/sim_1/behav/xsim'
INFO: [SIM-utils-54] Inspecting design source files for 'tb_design_random' in fileset 'sim_1'...
INFO: [USF-XSim-97] Finding global include files...
INFO: [USF-XSim-98] Fetching design files from 'sim_1'...
INFO: [USF-XSim-2] XSim::Compile design
INFO: [USF-XSim-61] Executing 'COMPILE and ANALYZE' step in 'C:/Users/Octa476/Desktop/Random_generator_module/random_generator_project/random_generator_project.sim/sim_1/behav/xsim'
"xvlog --incr --relax -prj tb_design_random_vlog.prj"
INFO: [VRFC 10-2263] Analyzing Verilog file "C:/Users/Octa476/Desktop/Random_generator_module/random_generator_project/random_generator_project.srcs/sources_1/new/nand_module.v" into library xil_defaultlib
INFO: [VRFC 10-311] analyzing module nand_module
INFO: [VRFC 10-2263] Analyzing Verilog file "C:/Users/Octa476/Desktop/Random_generator_module/random_generator_project/random_generator_project.srcs/sources_1/new/xor_4.v" into library xil_defaultlib
INFO: [VRFC 10-311] analyzing module xor_4
INFO: [VRFC 10-2263] Analyzing Verilog file "C:/Users/Octa476/Desktop/Random_generator_module/random_generator_project/random_generator_project.srcs/sources_1/new/xor_3.v" into library xil_defaultlib
INFO: [VRFC 10-311] analyzing module xor_3
INFO: [VRFC 10-2263] Analyzing Verilog file "C:/Users/Octa476/Desktop/Random_generator_module/random_generator_project/random_generator_project.srcs/sources_1/new/inverter_jitter.v" into library xil_defaultlib
INFO: [VRFC 10-311] analyzing module inverter_jitter_random
WARNING: [VRFC 10-2500] empty parameter declaration is only allowed in SystemVerilog mode [C:/Users/Octa476/Desktop/Random_generator_module/random_generator_project/random_generator_project.srcs/sources_1/new/inverter_jitter.v:23]
INFO: [VRFC 10-2263] Analyzing Verilog file "C:/Users/Octa476/Desktop/Random_generator_module/random_generator_project/random_generator_project.srcs/sources_1/new/dff_module1.v" into library xil_defaultlib
INFO: [VRFC 10-311] analyzing module dff_module1
INFO: [VRFC 10-2263] Analyzing Verilog file "C:/Users/Octa476/Desktop/Random_generator_module/random_generator_project/random_generator_project.ip_user_files/bd/design_random/ip/design_random_nand_module_0_0/sim/design_random_nand_module_0_0.v" into library xil_defaultlib
INFO: [VRFC 10-311] analyzing module design_random_nand_module_0_0
INFO: [VRFC 10-2263] Analyzing Verilog file "C:/Users/Octa476/Desktop/Random_generator_module/random_generator_project/random_generator_project.ip_user_files/bd/design_random/ip/design_random_nand_module_1_0/sim/design_random_nand_module_1_0.v" into library xil_defaultlib
INFO: [VRFC 10-311] analyzing module design_random_nand_module_1_0
INFO: [VRFC 10-2263] Analyzing Verilog file "C:/Users/Octa476/Desktop/Random_generator_module/random_generator_project/random_generator_project.ip_user_files/bd/design_random/ip/design_random_nand_module_2_0/sim/design_random_nand_module_2_0.v" into library xil_defaultlib
INFO: [VRFC 10-311] analyzing module design_random_nand_module_2_0
INFO: [VRFC 10-2263] Analyzing Verilog file "C:/Users/Octa476/Desktop/Random_generator_module/random_generator_project/random_generator_project.ip_user_files/bd/design_random/ip/design_random_nand_module_3_0/sim/design_random_nand_module_3_0.v" into library xil_defaultlib
INFO: [VRFC 10-311] analyzing module design_random_nand_module_3_0
INFO: [VRFC 10-2263] Analyzing Verilog file "C:/Users/Octa476/Desktop/Random_generator_module/random_generator_project/random_generator_project.ip_user_files/bd/design_random/ip/design_random_xor_4_0_0/sim/design_random_xor_4_0_0.v" into library xil_defaultlib
INFO: [VRFC 10-311] analyzing module design_random_xor_4_0_0
INFO: [VRFC 10-2263] Analyzing Verilog file "C:/Users/Octa476/Desktop/Random_generator_module/random_generator_project/random_generator_project.ip_user_files/bd/design_random/ip/design_random_nand_module_5_0/sim/design_random_nand_module_5_0.v" into library xil_defaultlib
INFO: [VRFC 10-311] analyzing module design_random_nand_module_5_0
INFO: [VRFC 10-2263] Analyzing Verilog file "C:/Users/Octa476/Desktop/Random_generator_module/random_generator_project/random_generator_project.ip_user_files/bd/design_random/ip/design_random_nand_module_6_0/sim/design_random_nand_module_6_0.v" into library xil_defaultlib
INFO: [VRFC 10-311] analyzing module design_random_nand_module_6_0
INFO: [VRFC 10-2263] Analyzing Verilog file "C:/Users/Octa476/Desktop/Random_generator_module/random_generator_project/random_generator_project.ip_user_files/bd/design_random/ip/design_random_xor_3_0_0/sim/design_random_xor_3_0_0.v" into library xil_defaultlib
INFO: [VRFC 10-311] analyzing module design_random_xor_3_0_0
INFO: [VRFC 10-2263] Analyzing Verilog file "C:/Users/Octa476/Desktop/Random_generator_module/random_generator_project/random_generator_project.ip_user_files/bd/design_random/ip/design_random_inverter_jitter_rand_0_0/sim/design_random_inverter_jitter_rand_0_0.v" into library xil_defaultlib
INFO: [VRFC 10-311] analyzing module design_random_inverter_jitter_rand_0_0
INFO: [VRFC 10-2263] Analyzing Verilog file "C:/Users/Octa476/Desktop/Random_generator_module/random_generator_project/random_generator_project.ip_user_files/bd/design_random/ip/design_random_inverter_jitter_rand_1_0/sim/design_random_inverter_jitter_rand_1_0.v" into library xil_defaultlib
INFO: [VRFC 10-311] analyzing module design_random_inverter_jitter_rand_1_0
INFO: [VRFC 10-2263] Analyzing Verilog file "C:/Users/Octa476/Desktop/Random_generator_module/random_generator_project/random_generator_project.ip_user_files/bd/design_random/ip/design_random_inverter_jitter_rand_2_0/sim/design_random_inverter_jitter_rand_2_0.v" into library xil_defaultlib
INFO: [VRFC 10-311] analyzing module design_random_inverter_jitter_rand_2_0
INFO: [VRFC 10-2263] Analyzing Verilog file "C:/Users/Octa476/Desktop/Random_generator_module/random_generator_project/random_generator_project.ip_user_files/bd/design_random/ip/design_random_inverter_jitter_rand_3_0/sim/design_random_inverter_jitter_rand_3_0.v" into library xil_defaultlib
INFO: [VRFC 10-311] analyzing module design_random_inverter_jitter_rand_3_0
INFO: [VRFC 10-2263] Analyzing Verilog file "C:/Users/Octa476/Desktop/Random_generator_module/random_generator_project/random_generator_project.ip_user_files/bd/design_random/ip/design_random_inverter_jitter_rand_4_0/sim/design_random_inverter_jitter_rand_4_0.v" into library xil_defaultlib
INFO: [VRFC 10-311] analyzing module design_random_inverter_jitter_rand_4_0
INFO: [VRFC 10-2263] Analyzing Verilog file "C:/Users/Octa476/Desktop/Random_generator_module/random_generator_project/random_generator_project.ip_user_files/bd/design_random/ip/design_random_inverter_jitter_rand_5_0/sim/design_random_inverter_jitter_rand_5_0.v" into library xil_defaultlib
INFO: [VRFC 10-311] analyzing module design_random_inverter_jitter_rand_5_0
INFO: [VRFC 10-2263] Analyzing Verilog file "C:/Users/Octa476/Desktop/Random_generator_module/random_generator_project/random_generator_project.ip_user_files/bd/design_random/ip/design_random_inverter_jitter_rand_6_0/sim/design_random_inverter_jitter_rand_6_0.v" into library xil_defaultlib
INFO: [VRFC 10-311] analyzing module design_random_inverter_jitter_rand_6_0
INFO: [VRFC 10-2263] Analyzing Verilog file "C:/Users/Octa476/Desktop/Random_generator_module/random_generator_project/random_generator_project.ip_user_files/bd/design_random/ip/design_random_inverter_jitter_rand_7_0/sim/design_random_inverter_jitter_rand_7_0.v" into library xil_defaultlib
INFO: [VRFC 10-311] analyzing module design_random_inverter_jitter_rand_7_0
INFO: [VRFC 10-2263] Analyzing Verilog file "C:/Users/Octa476/Desktop/Random_generator_module/random_generator_project/random_generator_project.ip_user_files/bd/design_random/ip/design_random_inverter_jitter_rand_8_0/sim/design_random_inverter_jitter_rand_8_0.v" into library xil_defaultlib
INFO: [VRFC 10-311] analyzing module design_random_inverter_jitter_rand_8_0
INFO: [VRFC 10-2263] Analyzing Verilog file "C:/Users/Octa476/Desktop/Random_generator_module/random_generator_project/random_generator_project.ip_user_files/bd/design_random/ip/design_random_inverter_jitter_rand_9_0/sim/design_random_inverter_jitter_rand_9_0.v" into library xil_defaultlib
INFO: [VRFC 10-311] analyzing module design_random_inverter_jitter_rand_9_0
INFO: [VRFC 10-2263] Analyzing Verilog file "C:/Users/Octa476/Desktop/Random_generator_module/random_generator_project/random_generator_project.ip_user_files/bd/design_random/ip/design_random_inverter_jitter_rand_10_0/sim/design_random_inverter_jitter_rand_10_0.v" into library xil_defaultlib
INFO: [VRFC 10-311] analyzing module design_random_inverter_jitter_rand_10_0
INFO: [VRFC 10-2263] Analyzing Verilog file "C:/Users/Octa476/Desktop/Random_generator_module/random_generator_project/random_generator_project.ip_user_files/bd/design_random/ip/design_random_inverter_jitter_rand_11_0/sim/design_random_inverter_jitter_rand_11_0.v" into library xil_defaultlib
INFO: [VRFC 10-311] analyzing module design_random_inverter_jitter_rand_11_0
INFO: [VRFC 10-2263] Analyzing Verilog file "C:/Users/Octa476/Desktop/Random_generator_module/random_generator_project/random_generator_project.ip_user_files/bd/design_random/ip/design_random_inverter_jitter_rand_12_0/sim/design_random_inverter_jitter_rand_12_0.v" into library xil_defaultlib
INFO: [VRFC 10-311] analyzing module design_random_inverter_jitter_rand_12_0
INFO: [VRFC 10-2263] Analyzing Verilog file "C:/Users/Octa476/Desktop/Random_generator_module/random_generator_project/random_generator_project.ip_user_files/bd/design_random/ip/design_random_dff_module1_0_0/sim/design_random_dff_module1_0_0.v" into library xil_defaultlib
INFO: [VRFC 10-311] analyzing module design_random_dff_module1_0_0
INFO: [VRFC 10-2263] Analyzing Verilog file "C:/Users/Octa476/Desktop/Random_generator_module/random_generator_project/random_generator_project.ip_user_files/bd/design_random/ip/design_random_dff_module1_1_0/sim/design_random_dff_module1_1_0.v" into library xil_defaultlib
INFO: [VRFC 10-311] analyzing module design_random_dff_module1_1_0
INFO: [VRFC 10-2263] Analyzing Verilog file "C:/Users/Octa476/Desktop/Random_generator_module/random_generator_project/random_generator_project.ip_user_files/bd/design_random/ip/design_random_dff_module1_2_0/sim/design_random_dff_module1_2_0.v" into library xil_defaultlib
INFO: [VRFC 10-311] analyzing module design_random_dff_module1_2_0
INFO: [VRFC 10-2263] Analyzing Verilog file "C:/Users/Octa476/Desktop/Random_generator_module/random_generator_project/random_generator_project.ip_user_files/bd/design_random/ip/design_random_dff_module1_3_0/sim/design_random_dff_module1_3_0.v" into library xil_defaultlib
INFO: [VRFC 10-311] analyzing module design_random_dff_module1_3_0
INFO: [VRFC 10-2263] Analyzing Verilog file "C:/Users/Octa476/Desktop/Random_generator_module/random_generator_project/random_generator_project.ip_user_files/bd/design_random/ip/design_random_dff_module1_4_0/sim/design_random_dff_module1_4_0.v" into library xil_defaultlib
INFO: [VRFC 10-311] analyzing module design_random_dff_module1_4_0
INFO: [VRFC 10-2263] Analyzing Verilog file "C:/Users/Octa476/Desktop/Random_generator_module/random_generator_project/random_generator_project.ip_user_files/bd/design_random/ip/design_random_dff_module1_5_0/sim/design_random_dff_module1_5_0.v" into library xil_defaultlib
INFO: [VRFC 10-311] analyzing module design_random_dff_module1_5_0
INFO: [VRFC 10-2263] Analyzing Verilog file "C:/Users/Octa476/Desktop/Random_generator_module/random_generator_project/random_generator_project.ip_user_files/bd/design_random/ip/design_random_dff_module1_6_0/sim/design_random_dff_module1_6_0.v" into library xil_defaultlib
INFO: [VRFC 10-311] analyzing module design_random_dff_module1_6_0
INFO: [VRFC 10-2263] Analyzing Verilog file "C:/Users/Octa476/Desktop/Random_generator_module/random_generator_project/random_generator_project.ip_user_files/bd/design_random/sim/design_random.v" into library xil_defaultlib
INFO: [VRFC 10-311] analyzing module design_random
INFO: [VRFC 10-2263] Analyzing Verilog file "C:/Users/Octa476/Desktop/Random_generator_module/random_generator_project/random_generator_project.gen/sources_1/bd/design_random/hdl/design_random_wrapper.v" into library xil_defaultlib
INFO: [VRFC 10-311] analyzing module design_random_wrapper
INFO: [VRFC 10-2263] Analyzing Verilog file "C:/Users/Octa476/Desktop/Random_generator_module/random_generator_project/random_generator_project.srcs/sim_1/new/tb_design_random.v" into library xil_defaultlib
INFO: [VRFC 10-311] analyzing module tb_design_random
run_program: Time (s): cpu = 00:00:01 ; elapsed = 00:00:05 . Memory (MB): peak = 2548.559 ; gain = 0.000
INFO: [USF-XSim-69] 'compile' step finished in '6' seconds
INFO: [USF-XSim-3] XSim::Elaborate design
INFO: [USF-XSim-61] Executing 'ELABORATE' step in 'C:/Users/Octa476/Desktop/Random_generator_module/random_generator_project/random_generator_project.sim/sim_1/behav/xsim'
"xelab --incr --debug typical --relax --mt 2 -L xil_defaultlib -L unisims_ver -L unimacro_ver -L secureip -L xpm --snapshot tb_design_random_behav xil_defaultlib.tb_design_random xil_defaultlib.glbl -log elaborate.log"
Vivado Simulator v2024.2.0
Copyright 1986-2022 Xilinx, Inc. All Rights Reserved.
Copyright 2022-2024 Advanced Micro Devices, Inc. All Rights Reserved.
Running: D:/Xilinx/Vivado/2024.2/bin/unwrapped/win64.o/xelab.exe --incr --debug typical --relax --mt 2 -L xil_defaultlib -L unisims_ver -L unimacro_ver -L secureip -L xpm --snapshot tb_design_random_behav xil_defaultlib.tb_design_random xil_defaultlib.glbl -log elaborate.log 
Using 2 slave threads.
Starting static elaboration
Pass Through NonSizing Optimizer
Completed static elaboration
Starting simulation data flow analysis
Completed simulation data flow analysis
Time Resolution for simulation is 1ps
Compiling module xil_defaultlib.dff_module1
Compiling module xil_defaultlib.design_random_dff_module1_0_0
Compiling module xil_defaultlib.design_random_dff_module1_1_0
Compiling module xil_defaultlib.design_random_dff_module1_2_0
Compiling module xil_defaultlib.design_random_dff_module1_3_0
Compiling module xil_defaultlib.design_random_dff_module1_4_0
Compiling module xil_defaultlib.design_random_dff_module1_5_0
Compiling module xil_defaultlib.design_random_dff_module1_6_0
Compiling module xil_defaultlib.inverter_jitter_random
Compiling module xil_defaultlib.design_random_inverter_jitter_ra...
Compiling module xil_defaultlib.design_random_inverter_jitter_ra...
Compiling module xil_defaultlib.design_random_inverter_jitter_ra...
Compiling module xil_defaultlib.design_random_inverter_jitter_ra...
Compiling module xil_defaultlib.design_random_inverter_jitter_ra...
Compiling module xil_defaultlib.design_random_inverter_jitter_ra...
Compiling module xil_defaultlib.design_random_inverter_jitter_ra...
Compiling module xil_defaultlib.design_random_inverter_jitter_ra...
Compiling module xil_defaultlib.design_random_inverter_jitter_ra...
Compiling module xil_defaultlib.design_random_inverter_jitter_ra...
Compiling module xil_defaultlib.design_random_inverter_jitter_ra...
Compiling module xil_defaultlib.design_random_inverter_jitter_ra...
Compiling module xil_defaultlib.design_random_inverter_jitter_ra...
Compiling module xil_defaultlib.nand_module
Compiling module xil_defaultlib.design_random_nand_module_0_0
Compiling module xil_defaultlib.design_random_nand_module_1_0
Compiling module xil_defaultlib.design_random_nand_module_2_0
Compiling module xil_defaultlib.design_random_nand_module_3_0
Compiling module xil_defaultlib.design_random_nand_module_5_0
Compiling module xil_defaultlib.design_random_nand_module_6_0
Compiling module xil_defaultlib.xor_3
Compiling module xil_defaultlib.design_random_xor_3_0_0
Compiling module xil_defaultlib.xor_4
Compiling module xil_defaultlib.design_random_xor_4_0_0
Compiling module xil_defaultlib.design_random
Compiling module xil_defaultlib.design_random_wrapper
Compiling module xil_defaultlib.tb_design_random
Compiling module xil_defaultlib.glbl
Built simulation snapshot tb_design_random_behav
INFO: [USF-XSim-69] 'elaborate' step finished in '3' seconds
INFO: [USF-XSim-4] XSim::Simulate design
INFO: [USF-XSim-61] Executing 'SIMULATE' step in 'C:/Users/Octa476/Desktop/Random_generator_module/random_generator_project/random_generator_project.sim/sim_1/behav/xsim'
INFO: [USF-XSim-98] *** Running xsim
   with args "tb_design_random_behav -key {Behavioral:sim_1:Functional:tb_design_random} -tclbatch {tb_design_random.tcl} -protoinst "protoinst_files/design_random.protoinst" -log {simulate.log}"
INFO: [USF-XSim-8] Loading simulator feature
INFO: [Wavedata 42-565] Reading protoinst file protoinst_files/design_random.protoinst
Time resolution is 1 ps
source tb_design_random.tcl
# set curr_wave [current_wave_config]
# if { [string length $curr_wave] == 0 } {
#   if { [llength [get_objects]] > 0} {
#     add_wave /
#     set_property needs_save false [current_wave_config]
#   } else {
#      send_msg_id Add_Wave-1 WARNING "No top level signals found. Simulator will start without a wave window. If you want to open a wave window go to 'File->New Waveform Configuration' or type 'create_wave_config' in the TCL console."
#   }
# }
# run 1000ns
 1926115056
          1926115056
-2031390106
18446744071678161510
 2130638015
          2130638015
 1997698847
          1997698847
 1261419128
          1261419128
-1356465798
18446744072353085818
 1322774539
          1322774539
-1765511728
18446744071944039888
  658078637
           658078637
 1793175889
          1793175889
-1560988801
18446744072148562815
-1826867130
18446744071882684486
 1527297498
          1527297498
INFO: [USF-XSim-96] XSim completed. Design snapshot 'tb_design_random_behav' loaded.
INFO: [USF-XSim-97] XSim simulation ran for 1000ns
launch_simulation: Time (s): cpu = 00:00:04 ; elapsed = 00:00:13 . Memory (MB): peak = 2548.559 ; gain = 0.000
WARNING: [filemgmt 56-199] Attempt to get parsing info during refresh. "On-the-fly" syntax checking information may be incorrect. [C:\Users\Octa476\Desktop\Random_generator_module\random_generator_project\random_generator_project.srcs\sim_1\new\random_sim_example.v:]
WARNING: [filemgmt 56-199] Attempt to get parsing info during refresh. "On-the-fly" syntax checking information may be incorrect. [C:\Users\Octa476\Desktop\Random_generator_module\random_generator_project\random_generator_project.srcs\sim_1\new\tb_design_random.v:]
WARNING: [filemgmt 56-199] Attempt to get parsing info during refresh. "On-the-fly" syntax checking information may be incorrect. [C:\Users\Octa476\Desktop\Random_generator_module\random_generator_project\random_generator_project.srcs\sources_1\new\inverter_jitter.v:]
WARNING: [filemgmt 56-199] Attempt to get parsing info during refresh. "On-the-fly" syntax checking information may be incorrect. [C:\Users\Octa476\Desktop\Random_generator_module\random_generator_project\random_generator_project.srcs\sim_1\new\random_sim_example.v:]
WARNING: [filemgmt 56-199] Attempt to get parsing info during refresh. "On-the-fly" syntax checking information may be incorrect. [C:\Users\Octa476\Desktop\Random_generator_module\random_generator_project\random_generator_project.srcs\sim_1\new\random_sim_example.v:]
WARNING: [filemgmt 56-199] Attempt to get parsing info during refresh. "On-the-fly" syntax checking information may be incorrect. [C:\Users\Octa476\Desktop\Random_generator_module\random_generator_project\random_generator_project.srcs\sim_1\new\random_sim_example.v:]
WARNING: [filemgmt 56-199] Attempt to get parsing info during refresh. "On-the-fly" syntax checking information may be incorrect. [C:\Users\Octa476\Desktop\Random_generator_module\random_generator_project\random_generator_project.srcs\sim_1\new\tb_design_random.v:]
WARNING: [filemgmt 56-199] Attempt to get parsing info during refresh. "On-the-fly" syntax checking information may be incorrect. [C:\Users\Octa476\Desktop\Random_generator_module\random_generator_project\random_generator_project.srcs\sources_1\new\inverter_jitter.v:]
WARNING: [filemgmt 56-199] Attempt to get parsing info during refresh. "On-the-fly" syntax checking information may be incorrect. [C:\Users\Octa476\Desktop\Random_generator_module\random_generator_project\random_generator_project.srcs\sources_1\new\inverter_jitter.v:]
WARNING: [filemgmt 56-199] Attempt to get parsing info during refresh. "On-the-fly" syntax checking information may be incorrect. [C:\Users\Octa476\Desktop\Random_generator_module\random_generator_project\random_generator_project.srcs\sources_1\new\inverter_jitter.v:]
WARNING: [filemgmt 56-199] Attempt to get parsing info during refresh. "On-the-fly" syntax checking information may be incorrect. [C:\Users\Octa476\Desktop\Random_generator_module\random_generator_project\random_generator_project.srcs\sim_1\new\random_sim_example.v:]
WARNING: [filemgmt 56-199] Attempt to get parsing info during refresh. "On-the-fly" syntax checking information may be incorrect. [C:\Users\Octa476\Desktop\Random_generator_module\random_generator_project\random_generator_project.srcs\sim_1\new\tb_design_random.v:]
WARNING: [filemgmt 56-199] Attempt to get parsing info during refresh. "On-the-fly" syntax checking information may be incorrect. [C:\Users\Octa476\Desktop\Random_generator_module\random_generator_project\random_generator_project.srcs\sources_1\new\inverter_jitter.v:]
WARNING: [filemgmt 56-199] Attempt to get parsing info during refresh. "On-the-fly" syntax checking information may be incorrect. [C:\Users\Octa476\Desktop\Random_generator_module\random_generator_project\random_generator_project.srcs\sim_1\new\tb_design_random.v:]
WARNING: [filemgmt 56-199] Attempt to get parsing info during refresh. "On-the-fly" syntax checking information may be incorrect. [C:\Users\Octa476\Desktop\Random_generator_module\random_generator_project\random_generator_project.srcs\sim_1\new\tb_design_random.v:]
report_ip_status -name ip_status 
update_module_reference [get_ips  {design_random_inverter_jitter_rand_3_0 design_random_inverter_jitter_rand_0_0 design_random_inverter_jitter_rand_4_0 design_random_inverter_jitter_rand_11_0 design_random_inverter_jitter_rand_1_0 design_random_inverter_jitter_rand_2_0 design_random_inverter_jitter_rand_7_0 design_random_inverter_jitter_rand_5_0 design_random_inverter_jitter_rand_9_0 design_random_inverter_jitter_rand_12_0 design_random_inverter_jitter_rand_8_0 design_random_inverter_jitter_rand_6_0 design_random_inverter_jitter_rand_10_0}]
Upgrading 'C:/Users/Octa476/Desktop/Random_generator_module/random_generator_project/random_generator_project.srcs/sources_1/bd/design_random/design_random.bd'
INFO: [IP_Flow 19-3420] Updated design_random_inverter_jitter_rand_0_0 to use current project options
INFO: [IP_Flow 19-3420] Updated design_random_inverter_jitter_rand_10_0 to use current project options
INFO: [IP_Flow 19-3420] Updated design_random_inverter_jitter_rand_11_0 to use current project options
INFO: [IP_Flow 19-3420] Updated design_random_inverter_jitter_rand_12_0 to use current project options
INFO: [IP_Flow 19-3420] Updated design_random_inverter_jitter_rand_1_0 to use current project options
INFO: [IP_Flow 19-3420] Updated design_random_inverter_jitter_rand_2_0 to use current project options
INFO: [IP_Flow 19-3420] Updated design_random_inverter_jitter_rand_3_0 to use current project options
INFO: [IP_Flow 19-3420] Updated design_random_inverter_jitter_rand_4_0 to use current project options
INFO: [IP_Flow 19-3420] Updated design_random_inverter_jitter_rand_5_0 to use current project options
INFO: [IP_Flow 19-3420] Updated design_random_inverter_jitter_rand_6_0 to use current project options
INFO: [IP_Flow 19-3420] Updated design_random_inverter_jitter_rand_7_0 to use current project options
INFO: [IP_Flow 19-3420] Updated design_random_inverter_jitter_rand_8_0 to use current project options
INFO: [IP_Flow 19-3420] Updated design_random_inverter_jitter_rand_9_0 to use current project options
Wrote  : <C:\Users\Octa476\Desktop\Random_generator_module\random_generator_project\random_generator_project.srcs\sources_1\bd\design_random\design_random.bd> 
upgrade_ip: Time (s): cpu = 00:00:03 ; elapsed = 00:00:06 . Memory (MB): peak = 2548.559 ; gain = 0.000
update_module_reference: Time (s): cpu = 00:00:03 ; elapsed = 00:00:06 . Memory (MB): peak = 2548.559 ; gain = 0.000
WARNING: [filemgmt 56-199] Attempt to get parsing info during refresh. "On-the-fly" syntax checking information may be incorrect. [C:\Users\Octa476\Desktop\Random_generator_module\random_generator_project\random_generator_project.srcs\sim_1\new\random_sim_example.v:]
WARNING: [filemgmt 56-199] Attempt to get parsing info during refresh. "On-the-fly" syntax checking information may be incorrect. [C:\Users\Octa476\Desktop\Random_generator_module\random_generator_project\random_generator_project.srcs\sim_1\new\tb_design_random.v:]
WARNING: [filemgmt 56-199] Attempt to get parsing info during refresh. "On-the-fly" syntax checking information may be incorrect. [C:\Users\Octa476\Desktop\Random_generator_module\random_generator_project\random_generator_project.srcs\sources_1\new\inverter_jitter.v:]
WARNING: [filemgmt 56-199] Attempt to get parsing info during refresh. "On-the-fly" syntax checking information may be incorrect. [C:\Users\Octa476\Desktop\Random_generator_module\random_generator_project\random_generator_project.srcs\sim_1\new\tb_design_random.v:]
WARNING: [filemgmt 56-199] Attempt to get parsing info during refresh. "On-the-fly" syntax checking information may be incorrect. [C:\Users\Octa476\Desktop\Random_generator_module\random_generator_project\random_generator_project.srcs\sim_1\new\tb_design_random.v:]
report_ip_status -name ip_status 
update_module_reference [get_ips  {design_random_inverter_jitter_rand_3_0 design_random_inverter_jitter_rand_0_0 design_random_inverter_jitter_rand_4_0 design_random_inverter_jitter_rand_11_0 design_random_inverter_jitter_rand_1_0 design_random_inverter_jitter_rand_2_0 design_random_inverter_jitter_rand_7_0 design_random_inverter_jitter_rand_5_0 design_random_inverter_jitter_rand_9_0 design_random_inverter_jitter_rand_12_0 design_random_inverter_jitter_rand_8_0 design_random_inverter_jitter_rand_6_0 design_random_inverter_jitter_rand_10_0}]
Upgrading 'C:/Users/Octa476/Desktop/Random_generator_module/random_generator_project/random_generator_project.srcs/sources_1/bd/design_random/design_random.bd'
INFO: [IP_Flow 19-3420] Updated design_random_inverter_jitter_rand_0_0 to use current project options
INFO: [IP_Flow 19-3420] Updated design_random_inverter_jitter_rand_10_0 to use current project options
INFO: [IP_Flow 19-3420] Updated design_random_inverter_jitter_rand_11_0 to use current project options
INFO: [IP_Flow 19-3420] Updated design_random_inverter_jitter_rand_12_0 to use current project options
INFO: [IP_Flow 19-3420] Updated design_random_inverter_jitter_rand_1_0 to use current project options
INFO: [IP_Flow 19-3420] Updated design_random_inverter_jitter_rand_2_0 to use current project options
INFO: [IP_Flow 19-3420] Updated design_random_inverter_jitter_rand_3_0 to use current project options
INFO: [IP_Flow 19-3420] Updated design_random_inverter_jitter_rand_4_0 to use current project options
INFO: [IP_Flow 19-3420] Updated design_random_inverter_jitter_rand_5_0 to use current project options
INFO: [IP_Flow 19-3420] Updated design_random_inverter_jitter_rand_6_0 to use current project options
INFO: [IP_Flow 19-3420] Updated design_random_inverter_jitter_rand_7_0 to use current project options
INFO: [IP_Flow 19-3420] Updated design_random_inverter_jitter_rand_8_0 to use current project options
INFO: [IP_Flow 19-3420] Updated design_random_inverter_jitter_rand_9_0 to use current project options
Wrote  : <C:\Users\Octa476\Desktop\Random_generator_module\random_generator_project\random_generator_project.srcs\sources_1\bd\design_random\design_random.bd> 
upgrade_ip: Time (s): cpu = 00:00:03 ; elapsed = 00:00:05 . Memory (MB): peak = 2548.559 ; gain = 0.000
update_module_reference: Time (s): cpu = 00:00:03 ; elapsed = 00:00:09 . Memory (MB): peak = 2548.559 ; gain = 0.000
report_ip_status -name ip_status 
close_sim
INFO: [Simtcl 6-16] Simulation closed
generate_target Simulation [get_files C:/Users/Octa476/Desktop/Random_generator_module/random_generator_project/random_generator_project.srcs/sources_1/bd/design_random/design_random.bd]
Wrote  : <C:\Users\Octa476\Desktop\Random_generator_module\random_generator_project\random_generator_project.srcs\sources_1\bd\design_random\design_random.bd> 
Wrote  : <C:/Users/Octa476/Desktop/Random_generator_module/random_generator_project/random_generator_project.srcs/sources_1/bd/design_random/ui/bd_32dbe44.ui> 
Verilog Output written to : c:/Users/Octa476/Desktop/Random_generator_module/random_generator_project/random_generator_project.gen/sources_1/bd/design_random/synth/design_random.v
Verilog Output written to : c:/Users/Octa476/Desktop/Random_generator_module/random_generator_project/random_generator_project.gen/sources_1/bd/design_random/sim/design_random.v
Verilog Output written to : c:/Users/Octa476/Desktop/Random_generator_module/random_generator_project/random_generator_project.gen/sources_1/bd/design_random/hdl/design_random_wrapper.v
INFO: [BD 41-1029] Generation completed for the IP Integrator block inverter_jitter_rand_0 .
INFO: [BD 41-1029] Generation completed for the IP Integrator block inverter_jitter_rand_1 .
INFO: [BD 41-1029] Generation completed for the IP Integrator block inverter_jitter_rand_2 .
INFO: [BD 41-1029] Generation completed for the IP Integrator block inverter_jitter_rand_3 .
INFO: [BD 41-1029] Generation completed for the IP Integrator block inverter_jitter_rand_4 .
INFO: [BD 41-1029] Generation completed for the IP Integrator block inverter_jitter_rand_5 .
INFO: [BD 41-1029] Generation completed for the IP Integrator block inverter_jitter_rand_6 .
INFO: [BD 41-1029] Generation completed for the IP Integrator block inverter_jitter_rand_7 .
INFO: [BD 41-1029] Generation completed for the IP Integrator block inverter_jitter_rand_8 .
INFO: [BD 41-1029] Generation completed for the IP Integrator block inverter_jitter_rand_9 .
INFO: [BD 41-1029] Generation completed for the IP Integrator block inverter_jitter_rand_10 .
INFO: [BD 41-1029] Generation completed for the IP Integrator block inverter_jitter_rand_11 .
INFO: [BD 41-1029] Generation completed for the IP Integrator block inverter_jitter_rand_12 .
Exporting to file c:/Users/Octa476/Desktop/Random_generator_module/random_generator_project/random_generator_project.gen/sources_1/bd/design_random/hw_handoff/design_random.hwh
Generated Hardware Definition File c:/Users/Octa476/Desktop/Random_generator_module/random_generator_project/random_generator_project.gen/sources_1/bd/design_random/synth/design_random.hwdef
export_ip_user_files -of_objects [get_files C:/Users/Octa476/Desktop/Random_generator_module/random_generator_project/random_generator_project.srcs/sources_1/bd/design_random/design_random.bd] -no_script -sync -force -quiet
export_simulation -of_objects [get_files C:/Users/Octa476/Desktop/Random_generator_module/random_generator_project/random_generator_project.srcs/sources_1/bd/design_random/design_random.bd] -directory C:/Users/Octa476/Desktop/Random_generator_module/random_generator_project/random_generator_project.ip_user_files/sim_scripts -ip_user_files_dir C:/Users/Octa476/Desktop/Random_generator_module/random_generator_project/random_generator_project.ip_user_files -ipstatic_source_dir C:/Users/Octa476/Desktop/Random_generator_module/random_generator_project/random_generator_project.ip_user_files/ipstatic -lib_map_path [list {modelsim=C:/Users/Octa476/Desktop/Random_generator_module/random_generator_project/random_generator_project.cache/compile_simlib/modelsim} {questa=C:/Users/Octa476/Desktop/Random_generator_module/random_generator_project/random_generator_project.cache/compile_simlib/questa} {riviera=C:/Users/Octa476/Desktop/Random_generator_module/random_generator_project/random_generator_project.cache/compile_simlib/riviera} {activehdl=C:/Users/Octa476/Desktop/Random_generator_module/random_generator_project/random_generator_project.cache/compile_simlib/activehdl}] -use_ip_compiled_libs -force -quiet
launch_simulation
Command: launch_simulation 
INFO: [Vivado 12-12493] Simulation top is 'tb_design_random'
WARNING: [Vivado 12-13340] Unable to auto find GCC executables from simulator install path! (path not set)
INFO: [Vivado 12-5682] Launching behavioral simulation in 'C:/Users/Octa476/Desktop/Random_generator_module/random_generator_project/random_generator_project.sim/sim_1/behav/xsim'
INFO: [Vivado 12-13660] Precompiled IP simulation library mode is enabled (default). The design IP libraries will be referenced from the compiled library path. Please note that if the precompiled version of the library is not found from the path or the IP is in locked state, then the library source files for these IPs will be compiled locally as part of the compile order.
INFO: [Vivado 12-4795] Using compiled simulation libraries for IPs
INFO: [SIM-utils-51] Simulation object is 'sim_1'
INFO: [SIM-utils-72] Using boost library from 'D:/Xilinx/Vivado/2024.2/tps/boost_1_72_0'
INFO: [USF-XSim-7] Finding pre-compiled libraries...
INFO: [USF-XSim-11] File 'D:/Xilinx/Vivado/2024.2/data/xsim/xsim.ini' copied to run dir:'C:/Users/Octa476/Desktop/Random_generator_module/random_generator_project/random_generator_project.sim/sim_1/behav/xsim'
INFO: [SIM-utils-54] Inspecting design source files for 'tb_design_random' in fileset 'sim_1'...
INFO: [USF-XSim-97] Finding global include files...
INFO: [USF-XSim-98] Fetching design files from 'sim_1'...
INFO: [USF-XSim-2] XSim::Compile design
INFO: [USF-XSim-61] Executing 'COMPILE and ANALYZE' step in 'C:/Users/Octa476/Desktop/Random_generator_module/random_generator_project/random_generator_project.sim/sim_1/behav/xsim'
"xvlog --incr --relax -prj tb_design_random_vlog.prj"
INFO: [VRFC 10-2263] Analyzing Verilog file "C:/Users/Octa476/Desktop/Random_generator_module/random_generator_project/random_generator_project.srcs/sources_1/new/nand_module.v" into library xil_defaultlib
INFO: [VRFC 10-311] analyzing module nand_module
INFO: [VRFC 10-2263] Analyzing Verilog file "C:/Users/Octa476/Desktop/Random_generator_module/random_generator_project/random_generator_project.srcs/sources_1/new/xor_4.v" into library xil_defaultlib
INFO: [VRFC 10-311] analyzing module xor_4
INFO: [VRFC 10-2263] Analyzing Verilog file "C:/Users/Octa476/Desktop/Random_generator_module/random_generator_project/random_generator_project.srcs/sources_1/new/xor_3.v" into library xil_defaultlib
INFO: [VRFC 10-311] analyzing module xor_3
INFO: [VRFC 10-2263] Analyzing Verilog file "C:/Users/Octa476/Desktop/Random_generator_module/random_generator_project/random_generator_project.srcs/sources_1/new/inverter_jitter.v" into library xil_defaultlib
INFO: [VRFC 10-311] analyzing module inverter_jitter_random
WARNING: [VRFC 10-2500] empty parameter declaration is only allowed in SystemVerilog mode [C:/Users/Octa476/Desktop/Random_generator_module/random_generator_project/random_generator_project.srcs/sources_1/new/inverter_jitter.v:23]
INFO: [VRFC 10-2263] Analyzing Verilog file "C:/Users/Octa476/Desktop/Random_generator_module/random_generator_project/random_generator_project.srcs/sources_1/new/dff_module1.v" into library xil_defaultlib
INFO: [VRFC 10-311] analyzing module dff_module1
INFO: [VRFC 10-2263] Analyzing Verilog file "C:/Users/Octa476/Desktop/Random_generator_module/random_generator_project/random_generator_project.ip_user_files/bd/design_random/ip/design_random_nand_module_0_0/sim/design_random_nand_module_0_0.v" into library xil_defaultlib
INFO: [VRFC 10-311] analyzing module design_random_nand_module_0_0
INFO: [VRFC 10-2263] Analyzing Verilog file "C:/Users/Octa476/Desktop/Random_generator_module/random_generator_project/random_generator_project.ip_user_files/bd/design_random/ip/design_random_nand_module_1_0/sim/design_random_nand_module_1_0.v" into library xil_defaultlib
INFO: [VRFC 10-311] analyzing module design_random_nand_module_1_0
INFO: [VRFC 10-2263] Analyzing Verilog file "C:/Users/Octa476/Desktop/Random_generator_module/random_generator_project/random_generator_project.ip_user_files/bd/design_random/ip/design_random_nand_module_2_0/sim/design_random_nand_module_2_0.v" into library xil_defaultlib
INFO: [VRFC 10-311] analyzing module design_random_nand_module_2_0
INFO: [VRFC 10-2263] Analyzing Verilog file "C:/Users/Octa476/Desktop/Random_generator_module/random_generator_project/random_generator_project.ip_user_files/bd/design_random/ip/design_random_nand_module_3_0/sim/design_random_nand_module_3_0.v" into library xil_defaultlib
INFO: [VRFC 10-311] analyzing module design_random_nand_module_3_0
INFO: [VRFC 10-2263] Analyzing Verilog file "C:/Users/Octa476/Desktop/Random_generator_module/random_generator_project/random_generator_project.ip_user_files/bd/design_random/ip/design_random_xor_4_0_0/sim/design_random_xor_4_0_0.v" into library xil_defaultlib
INFO: [VRFC 10-311] analyzing module design_random_xor_4_0_0
INFO: [VRFC 10-2263] Analyzing Verilog file "C:/Users/Octa476/Desktop/Random_generator_module/random_generator_project/random_generator_project.ip_user_files/bd/design_random/ip/design_random_nand_module_5_0/sim/design_random_nand_module_5_0.v" into library xil_defaultlib
INFO: [VRFC 10-311] analyzing module design_random_nand_module_5_0
INFO: [VRFC 10-2263] Analyzing Verilog file "C:/Users/Octa476/Desktop/Random_generator_module/random_generator_project/random_generator_project.ip_user_files/bd/design_random/ip/design_random_nand_module_6_0/sim/design_random_nand_module_6_0.v" into library xil_defaultlib
INFO: [VRFC 10-311] analyzing module design_random_nand_module_6_0
INFO: [VRFC 10-2263] Analyzing Verilog file "C:/Users/Octa476/Desktop/Random_generator_module/random_generator_project/random_generator_project.ip_user_files/bd/design_random/ip/design_random_xor_3_0_0/sim/design_random_xor_3_0_0.v" into library xil_defaultlib
INFO: [VRFC 10-311] analyzing module design_random_xor_3_0_0
INFO: [VRFC 10-2263] Analyzing Verilog file "C:/Users/Octa476/Desktop/Random_generator_module/random_generator_project/random_generator_project.ip_user_files/bd/design_random/ip/design_random_inverter_jitter_rand_0_0/sim/design_random_inverter_jitter_rand_0_0.v" into library xil_defaultlib
INFO: [VRFC 10-311] analyzing module design_random_inverter_jitter_rand_0_0
INFO: [VRFC 10-2263] Analyzing Verilog file "C:/Users/Octa476/Desktop/Random_generator_module/random_generator_project/random_generator_project.ip_user_files/bd/design_random/ip/design_random_inverter_jitter_rand_1_0/sim/design_random_inverter_jitter_rand_1_0.v" into library xil_defaultlib
INFO: [VRFC 10-311] analyzing module design_random_inverter_jitter_rand_1_0
INFO: [VRFC 10-2263] Analyzing Verilog file "C:/Users/Octa476/Desktop/Random_generator_module/random_generator_project/random_generator_project.ip_user_files/bd/design_random/ip/design_random_inverter_jitter_rand_2_0/sim/design_random_inverter_jitter_rand_2_0.v" into library xil_defaultlib
INFO: [VRFC 10-311] analyzing module design_random_inverter_jitter_rand_2_0
INFO: [VRFC 10-2263] Analyzing Verilog file "C:/Users/Octa476/Desktop/Random_generator_module/random_generator_project/random_generator_project.ip_user_files/bd/design_random/ip/design_random_inverter_jitter_rand_3_0/sim/design_random_inverter_jitter_rand_3_0.v" into library xil_defaultlib
INFO: [VRFC 10-311] analyzing module design_random_inverter_jitter_rand_3_0
INFO: [VRFC 10-2263] Analyzing Verilog file "C:/Users/Octa476/Desktop/Random_generator_module/random_generator_project/random_generator_project.ip_user_files/bd/design_random/ip/design_random_inverter_jitter_rand_4_0/sim/design_random_inverter_jitter_rand_4_0.v" into library xil_defaultlib
INFO: [VRFC 10-311] analyzing module design_random_inverter_jitter_rand_4_0
INFO: [VRFC 10-2263] Analyzing Verilog file "C:/Users/Octa476/Desktop/Random_generator_module/random_generator_project/random_generator_project.ip_user_files/bd/design_random/ip/design_random_inverter_jitter_rand_5_0/sim/design_random_inverter_jitter_rand_5_0.v" into library xil_defaultlib
INFO: [VRFC 10-311] analyzing module design_random_inverter_jitter_rand_5_0
INFO: [VRFC 10-2263] Analyzing Verilog file "C:/Users/Octa476/Desktop/Random_generator_module/random_generator_project/random_generator_project.ip_user_files/bd/design_random/ip/design_random_inverter_jitter_rand_6_0/sim/design_random_inverter_jitter_rand_6_0.v" into library xil_defaultlib
INFO: [VRFC 10-311] analyzing module design_random_inverter_jitter_rand_6_0
INFO: [VRFC 10-2263] Analyzing Verilog file "C:/Users/Octa476/Desktop/Random_generator_module/random_generator_project/random_generator_project.ip_user_files/bd/design_random/ip/design_random_inverter_jitter_rand_7_0/sim/design_random_inverter_jitter_rand_7_0.v" into library xil_defaultlib
INFO: [VRFC 10-311] analyzing module design_random_inverter_jitter_rand_7_0
INFO: [VRFC 10-2263] Analyzing Verilog file "C:/Users/Octa476/Desktop/Random_generator_module/random_generator_project/random_generator_project.ip_user_files/bd/design_random/ip/design_random_inverter_jitter_rand_8_0/sim/design_random_inverter_jitter_rand_8_0.v" into library xil_defaultlib
INFO: [VRFC 10-311] analyzing module design_random_inverter_jitter_rand_8_0
INFO: [VRFC 10-2263] Analyzing Verilog file "C:/Users/Octa476/Desktop/Random_generator_module/random_generator_project/random_generator_project.ip_user_files/bd/design_random/ip/design_random_inverter_jitter_rand_9_0/sim/design_random_inverter_jitter_rand_9_0.v" into library xil_defaultlib
INFO: [VRFC 10-311] analyzing module design_random_inverter_jitter_rand_9_0
INFO: [VRFC 10-2263] Analyzing Verilog file "C:/Users/Octa476/Desktop/Random_generator_module/random_generator_project/random_generator_project.ip_user_files/bd/design_random/ip/design_random_inverter_jitter_rand_10_0/sim/design_random_inverter_jitter_rand_10_0.v" into library xil_defaultlib
INFO: [VRFC 10-311] analyzing module design_random_inverter_jitter_rand_10_0
INFO: [VRFC 10-2263] Analyzing Verilog file "C:/Users/Octa476/Desktop/Random_generator_module/random_generator_project/random_generator_project.ip_user_files/bd/design_random/ip/design_random_inverter_jitter_rand_11_0/sim/design_random_inverter_jitter_rand_11_0.v" into library xil_defaultlib
INFO: [VRFC 10-311] analyzing module design_random_inverter_jitter_rand_11_0
INFO: [VRFC 10-2263] Analyzing Verilog file "C:/Users/Octa476/Desktop/Random_generator_module/random_generator_project/random_generator_project.ip_user_files/bd/design_random/ip/design_random_inverter_jitter_rand_12_0/sim/design_random_inverter_jitter_rand_12_0.v" into library xil_defaultlib
INFO: [VRFC 10-311] analyzing module design_random_inverter_jitter_rand_12_0
INFO: [VRFC 10-2263] Analyzing Verilog file "C:/Users/Octa476/Desktop/Random_generator_module/random_generator_project/random_generator_project.ip_user_files/bd/design_random/ip/design_random_dff_module1_0_0/sim/design_random_dff_module1_0_0.v" into library xil_defaultlib
INFO: [VRFC 10-311] analyzing module design_random_dff_module1_0_0
INFO: [VRFC 10-2263] Analyzing Verilog file "C:/Users/Octa476/Desktop/Random_generator_module/random_generator_project/random_generator_project.ip_user_files/bd/design_random/ip/design_random_dff_module1_1_0/sim/design_random_dff_module1_1_0.v" into library xil_defaultlib
INFO: [VRFC 10-311] analyzing module design_random_dff_module1_1_0
INFO: [VRFC 10-2263] Analyzing Verilog file "C:/Users/Octa476/Desktop/Random_generator_module/random_generator_project/random_generator_project.ip_user_files/bd/design_random/ip/design_random_dff_module1_2_0/sim/design_random_dff_module1_2_0.v" into library xil_defaultlib
INFO: [VRFC 10-311] analyzing module design_random_dff_module1_2_0
INFO: [VRFC 10-2263] Analyzing Verilog file "C:/Users/Octa476/Desktop/Random_generator_module/random_generator_project/random_generator_project.ip_user_files/bd/design_random/ip/design_random_dff_module1_3_0/sim/design_random_dff_module1_3_0.v" into library xil_defaultlib
INFO: [VRFC 10-311] analyzing module design_random_dff_module1_3_0
INFO: [VRFC 10-2263] Analyzing Verilog file "C:/Users/Octa476/Desktop/Random_generator_module/random_generator_project/random_generator_project.ip_user_files/bd/design_random/ip/design_random_dff_module1_4_0/sim/design_random_dff_module1_4_0.v" into library xil_defaultlib
INFO: [VRFC 10-311] analyzing module design_random_dff_module1_4_0
INFO: [VRFC 10-2263] Analyzing Verilog file "C:/Users/Octa476/Desktop/Random_generator_module/random_generator_project/random_generator_project.ip_user_files/bd/design_random/ip/design_random_dff_module1_5_0/sim/design_random_dff_module1_5_0.v" into library xil_defaultlib
INFO: [VRFC 10-311] analyzing module design_random_dff_module1_5_0
INFO: [VRFC 10-2263] Analyzing Verilog file "C:/Users/Octa476/Desktop/Random_generator_module/random_generator_project/random_generator_project.ip_user_files/bd/design_random/ip/design_random_dff_module1_6_0/sim/design_random_dff_module1_6_0.v" into library xil_defaultlib
INFO: [VRFC 10-311] analyzing module design_random_dff_module1_6_0
INFO: [VRFC 10-2263] Analyzing Verilog file "C:/Users/Octa476/Desktop/Random_generator_module/random_generator_project/random_generator_project.ip_user_files/bd/design_random/sim/design_random.v" into library xil_defaultlib
INFO: [VRFC 10-311] analyzing module design_random
INFO: [VRFC 10-2263] Analyzing Verilog file "C:/Users/Octa476/Desktop/Random_generator_module/random_generator_project/random_generator_project.gen/sources_1/bd/design_random/hdl/design_random_wrapper.v" into library xil_defaultlib
INFO: [VRFC 10-311] analyzing module design_random_wrapper
INFO: [VRFC 10-2263] Analyzing Verilog file "C:/Users/Octa476/Desktop/Random_generator_module/random_generator_project/random_generator_project.srcs/sim_1/new/tb_design_random.v" into library xil_defaultlib
INFO: [VRFC 10-311] analyzing module tb_design_random
run_program: Time (s): cpu = 00:00:00 ; elapsed = 00:00:05 . Memory (MB): peak = 2548.559 ; gain = 0.000
INFO: [USF-XSim-69] 'compile' step finished in '5' seconds
INFO: [USF-XSim-3] XSim::Elaborate design
INFO: [USF-XSim-61] Executing 'ELABORATE' step in 'C:/Users/Octa476/Desktop/Random_generator_module/random_generator_project/random_generator_project.sim/sim_1/behav/xsim'
"xelab --incr --debug typical --relax --mt 2 -L xil_defaultlib -L unisims_ver -L unimacro_ver -L secureip -L xpm --snapshot tb_design_random_behav xil_defaultlib.tb_design_random xil_defaultlib.glbl -log elaborate.log"
Vivado Simulator v2024.2.0
Copyright 1986-2022 Xilinx, Inc. All Rights Reserved.
Copyright 2022-2024 Advanced Micro Devices, Inc. All Rights Reserved.
Running: D:/Xilinx/Vivado/2024.2/bin/unwrapped/win64.o/xelab.exe --incr --debug typical --relax --mt 2 -L xil_defaultlib -L unisims_ver -L unimacro_ver -L secureip -L xpm --snapshot tb_design_random_behav xil_defaultlib.tb_design_random xil_defaultlib.glbl -log elaborate.log 
Using 2 slave threads.
Starting static elaboration
Pass Through NonSizing Optimizer
Completed static elaboration
Starting simulation data flow analysis
Completed simulation data flow analysis
Time Resolution for simulation is 1ps
Compiling module xil_defaultlib.dff_module1
Compiling module xil_defaultlib.design_random_dff_module1_0_0
Compiling module xil_defaultlib.design_random_dff_module1_1_0
Compiling module xil_defaultlib.design_random_dff_module1_2_0
Compiling module xil_defaultlib.design_random_dff_module1_3_0
Compiling module xil_defaultlib.design_random_dff_module1_4_0
Compiling module xil_defaultlib.design_random_dff_module1_5_0
Compiling module xil_defaultlib.design_random_dff_module1_6_0
Compiling module xil_defaultlib.inverter_jitter_random
Compiling module xil_defaultlib.design_random_inverter_jitter_ra...
Compiling module xil_defaultlib.design_random_inverter_jitter_ra...
Compiling module xil_defaultlib.design_random_inverter_jitter_ra...
Compiling module xil_defaultlib.design_random_inverter_jitter_ra...
Compiling module xil_defaultlib.design_random_inverter_jitter_ra...
Compiling module xil_defaultlib.design_random_inverter_jitter_ra...
Compiling module xil_defaultlib.design_random_inverter_jitter_ra...
Compiling module xil_defaultlib.design_random_inverter_jitter_ra...
Compiling module xil_defaultlib.design_random_inverter_jitter_ra...
Compiling module xil_defaultlib.design_random_inverter_jitter_ra...
Compiling module xil_defaultlib.design_random_inverter_jitter_ra...
Compiling module xil_defaultlib.design_random_inverter_jitter_ra...
Compiling module xil_defaultlib.design_random_inverter_jitter_ra...
Compiling module xil_defaultlib.nand_module
Compiling module xil_defaultlib.design_random_nand_module_0_0
Compiling module xil_defaultlib.design_random_nand_module_1_0
Compiling module xil_defaultlib.design_random_nand_module_2_0
Compiling module xil_defaultlib.design_random_nand_module_3_0
Compiling module xil_defaultlib.design_random_nand_module_5_0
Compiling module xil_defaultlib.design_random_nand_module_6_0
Compiling module xil_defaultlib.xor_3
Compiling module xil_defaultlib.design_random_xor_3_0_0
Compiling module xil_defaultlib.xor_4
Compiling module xil_defaultlib.design_random_xor_4_0_0
Compiling module xil_defaultlib.design_random
Compiling module xil_defaultlib.design_random_wrapper
Compiling module xil_defaultlib.tb_design_random
Compiling module xil_defaultlib.glbl
Built simulation snapshot tb_design_random_behav
INFO: [USF-XSim-69] 'elaborate' step finished in '3' seconds
INFO: [USF-XSim-4] XSim::Simulate design
INFO: [USF-XSim-61] Executing 'SIMULATE' step in 'C:/Users/Octa476/Desktop/Random_generator_module/random_generator_project/random_generator_project.sim/sim_1/behav/xsim'
INFO: [USF-XSim-98] *** Running xsim
   with args "tb_design_random_behav -key {Behavioral:sim_1:Functional:tb_design_random} -tclbatch {tb_design_random.tcl} -protoinst "protoinst_files/design_random.protoinst" -log {simulate.log}"
INFO: [USF-XSim-8] Loading simulator feature
INFO: [Wavedata 42-565] Reading protoinst file protoinst_files/design_random.protoinst
Time resolution is 1 ps
source tb_design_random.tcl
# set curr_wave [current_wave_config]
# if { [string length $curr_wave] == 0 } {
#   if { [llength [get_objects]] > 0} {
#     add_wave /
#     set_property needs_save false [current_wave_config]
#   } else {
#      send_msg_id Add_Wave-1 WARNING "No top level signals found. Simulator will start without a wave window. If you want to open a wave window go to 'File->New Waveform Configuration' or type 'create_wave_config' in the TCL console."
#   }
# }
# run 1000ns
in_sig=0, seed=1997698846, delay=1000, inv_out=1
in_sig=1, seed=-1826867130, delay=1000, inv_out=0
in_sig=1, seed=1527297498, delay=1000, inv_out=0
in_sig=1, seed=1261419129, delay=3000, inv_out=1
in_sig=1, seed=658078637, delay=7000, inv_out=1
in_sig=1, seed=1322774538, delay=8000, inv_out=0
in_sig=0, seed=1926115057, delay=9000, inv_out=0
in_sig=0, seed=2130638014, delay=10000, inv_out=1
in_sig=1, seed=1793175889, delay=10000, inv_out=1
INFO: [USF-XSim-96] XSim completed. Design snapshot 'tb_design_random_behav' loaded.
INFO: [USF-XSim-97] XSim simulation ran for 1000ns
launch_simulation: Time (s): cpu = 00:00:05 ; elapsed = 00:00:14 . Memory (MB): peak = 2548.559 ; gain = 0.000
WARNING: [filemgmt 56-199] Attempt to get parsing info during refresh. "On-the-fly" syntax checking information may be incorrect. [C:\Users\Octa476\Desktop\Random_generator_module\random_generator_project\random_generator_project.srcs\sim_1\new\random_sim_example.v:]
WARNING: [filemgmt 56-199] Attempt to get parsing info during refresh. "On-the-fly" syntax checking information may be incorrect. [C:\Users\Octa476\Desktop\Random_generator_module\random_generator_project\random_generator_project.srcs\sim_1\new\tb_design_random.v:]
WARNING: [filemgmt 56-199] Attempt to get parsing info during refresh. "On-the-fly" syntax checking information may be incorrect. [C:\Users\Octa476\Desktop\Random_generator_module\random_generator_project\random_generator_project.srcs\sources_1\new\inverter_jitter.v:]
WARNING: [filemgmt 56-199] Attempt to get parsing info during refresh. "On-the-fly" syntax checking information may be incorrect. [C:\Users\Octa476\Desktop\Random_generator_module\random_generator_project\random_generator_project.srcs\sim_1\new\tb_design_random.v:]
WARNING: [filemgmt 56-199] Attempt to get parsing info during refresh. "On-the-fly" syntax checking information may be incorrect. [C:\Users\Octa476\Desktop\Random_generator_module\random_generator_project\random_generator_project.srcs\sim_1\new\tb_design_random.v:]
WARNING: [filemgmt 56-199] Attempt to get parsing info during refresh. "On-the-fly" syntax checking information may be incorrect. [C:\Users\Octa476\Desktop\Random_generator_module\random_generator_project\random_generator_project.srcs\sim_1\new\random_sim_example.v:]
WARNING: [filemgmt 56-199] Attempt to get parsing info during refresh. "On-the-fly" syntax checking information may be incorrect. [C:\Users\Octa476\Desktop\Random_generator_module\random_generator_project\random_generator_project.srcs\sim_1\new\tb_design_random.v:]
WARNING: [filemgmt 56-199] Attempt to get parsing info during refresh. "On-the-fly" syntax checking information may be incorrect. [C:\Users\Octa476\Desktop\Random_generator_module\random_generator_project\random_generator_project.srcs\sources_1\new\inverter_jitter.v:]
WARNING: [filemgmt 56-199] Attempt to get parsing info during refresh. "On-the-fly" syntax checking information may be incorrect. [C:\Users\Octa476\Desktop\Random_generator_module\random_generator_project\random_generator_project.srcs\sim_1\new\random_sim_example.v:]
WARNING: [filemgmt 56-199] Attempt to get parsing info during refresh. "On-the-fly" syntax checking information may be incorrect. [C:\Users\Octa476\Desktop\Random_generator_module\random_generator_project\random_generator_project.srcs\sim_1\new\random_sim_example.v:]
ERROR: [Common 17-180] Spawn failed: No error
WARNING: [filemgmt 56-199] Attempt to get parsing info during refresh. "On-the-fly" syntax checking information may be incorrect. [C:\Users\Octa476\Desktop\Random_generator_module\random_generator_project\random_generator_project.srcs\sim_1\new\random_sim_example.v:]
WARNING: [filemgmt 56-199] Attempt to get parsing info during refresh. "On-the-fly" syntax checking information may be incorrect. [C:\Users\Octa476\Desktop\Random_generator_module\random_generator_project\random_generator_project.srcs\sim_1\new\tb_design_random.v:]
WARNING: [filemgmt 56-199] Attempt to get parsing info during refresh. "On-the-fly" syntax checking information may be incorrect. [C:\Users\Octa476\Desktop\Random_generator_module\random_generator_project\random_generator_project.srcs\sources_1\new\inverter_jitter.v:]
WARNING: [filemgmt 56-199] Attempt to get parsing info during refresh. "On-the-fly" syntax checking information may be incorrect. [C:\Users\Octa476\Desktop\Random_generator_module\random_generator_project\random_generator_project.srcs\sim_1\new\tb_design_random.v:]
WARNING: [filemgmt 56-199] Attempt to get parsing info during refresh. "On-the-fly" syntax checking information may be incorrect. [C:\Users\Octa476\Desktop\Random_generator_module\random_generator_project\random_generator_project.srcs\sim_1\new\tb_design_random.v:]
report_ip_status -name ip_status 
update_module_reference [get_ips  {design_random_inverter_jitter_rand_3_0 design_random_inverter_jitter_rand_0_0 design_random_inverter_jitter_rand_4_0 design_random_inverter_jitter_rand_11_0 design_random_inverter_jitter_rand_1_0 design_random_inverter_jitter_rand_2_0 design_random_inverter_jitter_rand_7_0 design_random_inverter_jitter_rand_5_0 design_random_inverter_jitter_rand_9_0 design_random_inverter_jitter_rand_12_0 design_random_inverter_jitter_rand_8_0 design_random_inverter_jitter_rand_6_0 design_random_inverter_jitter_rand_10_0}]
Upgrading 'C:/Users/Octa476/Desktop/Random_generator_module/random_generator_project/random_generator_project.srcs/sources_1/bd/design_random/design_random.bd'
INFO: [IP_Flow 19-3420] Updated design_random_inverter_jitter_rand_0_0 to use current project options
INFO: [IP_Flow 19-3420] Updated design_random_inverter_jitter_rand_10_0 to use current project options
INFO: [IP_Flow 19-3420] Updated design_random_inverter_jitter_rand_11_0 to use current project options
INFO: [IP_Flow 19-3420] Updated design_random_inverter_jitter_rand_12_0 to use current project options
INFO: [IP_Flow 19-3420] Updated design_random_inverter_jitter_rand_1_0 to use current project options
INFO: [IP_Flow 19-3420] Updated design_random_inverter_jitter_rand_2_0 to use current project options
INFO: [IP_Flow 19-3420] Updated design_random_inverter_jitter_rand_3_0 to use current project options
INFO: [IP_Flow 19-3420] Updated design_random_inverter_jitter_rand_4_0 to use current project options
INFO: [IP_Flow 19-3420] Updated design_random_inverter_jitter_rand_5_0 to use current project options
INFO: [IP_Flow 19-3420] Updated design_random_inverter_jitter_rand_6_0 to use current project options
INFO: [IP_Flow 19-3420] Updated design_random_inverter_jitter_rand_7_0 to use current project options
INFO: [IP_Flow 19-3420] Updated design_random_inverter_jitter_rand_8_0 to use current project options
INFO: [IP_Flow 19-3420] Updated design_random_inverter_jitter_rand_9_0 to use current project options
Wrote  : <C:\Users\Octa476\Desktop\Random_generator_module\random_generator_project\random_generator_project.srcs\sources_1\bd\design_random\design_random.bd> 
upgrade_ip: Time (s): cpu = 00:00:03 ; elapsed = 00:00:05 . Memory (MB): peak = 2548.559 ; gain = 0.000
update_module_reference: Time (s): cpu = 00:00:04 ; elapsed = 00:00:11 . Memory (MB): peak = 2548.559 ; gain = 0.000
report_ip_status -name ip_status 
close_sim
INFO: [Simtcl 6-16] Simulation closed
generate_target Simulation [get_files C:/Users/Octa476/Desktop/Random_generator_module/random_generator_project/random_generator_project.srcs/sources_1/bd/design_random/design_random.bd]
Wrote  : <C:\Users\Octa476\Desktop\Random_generator_module\random_generator_project\random_generator_project.srcs\sources_1\bd\design_random\design_random.bd> 
Verilog Output written to : c:/Users/Octa476/Desktop/Random_generator_module/random_generator_project/random_generator_project.gen/sources_1/bd/design_random/synth/design_random.v
Verilog Output written to : c:/Users/Octa476/Desktop/Random_generator_module/random_generator_project/random_generator_project.gen/sources_1/bd/design_random/sim/design_random.v
Verilog Output written to : c:/Users/Octa476/Desktop/Random_generator_module/random_generator_project/random_generator_project.gen/sources_1/bd/design_random/hdl/design_random_wrapper.v
INFO: [BD 41-1029] Generation completed for the IP Integrator block inverter_jitter_rand_0 .
INFO: [BD 41-1029] Generation completed for the IP Integrator block inverter_jitter_rand_1 .
INFO: [BD 41-1029] Generation completed for the IP Integrator block inverter_jitter_rand_2 .
INFO: [BD 41-1029] Generation completed for the IP Integrator block inverter_jitter_rand_3 .
INFO: [BD 41-1029] Generation completed for the IP Integrator block inverter_jitter_rand_4 .
INFO: [BD 41-1029] Generation completed for the IP Integrator block inverter_jitter_rand_5 .
INFO: [BD 41-1029] Generation completed for the IP Integrator block inverter_jitter_rand_6 .
INFO: [BD 41-1029] Generation completed for the IP Integrator block inverter_jitter_rand_7 .
INFO: [BD 41-1029] Generation completed for the IP Integrator block inverter_jitter_rand_8 .
INFO: [BD 41-1029] Generation completed for the IP Integrator block inverter_jitter_rand_9 .
INFO: [BD 41-1029] Generation completed for the IP Integrator block inverter_jitter_rand_10 .
INFO: [BD 41-1029] Generation completed for the IP Integrator block inverter_jitter_rand_11 .
INFO: [BD 41-1029] Generation completed for the IP Integrator block inverter_jitter_rand_12 .
Exporting to file c:/Users/Octa476/Desktop/Random_generator_module/random_generator_project/random_generator_project.gen/sources_1/bd/design_random/hw_handoff/design_random.hwh
Generated Hardware Definition File c:/Users/Octa476/Desktop/Random_generator_module/random_generator_project/random_generator_project.gen/sources_1/bd/design_random/synth/design_random.hwdef
export_ip_user_files -of_objects [get_files C:/Users/Octa476/Desktop/Random_generator_module/random_generator_project/random_generator_project.srcs/sources_1/bd/design_random/design_random.bd] -no_script -sync -force -quiet
export_simulation -of_objects [get_files C:/Users/Octa476/Desktop/Random_generator_module/random_generator_project/random_generator_project.srcs/sources_1/bd/design_random/design_random.bd] -directory C:/Users/Octa476/Desktop/Random_generator_module/random_generator_project/random_generator_project.ip_user_files/sim_scripts -ip_user_files_dir C:/Users/Octa476/Desktop/Random_generator_module/random_generator_project/random_generator_project.ip_user_files -ipstatic_source_dir C:/Users/Octa476/Desktop/Random_generator_module/random_generator_project/random_generator_project.ip_user_files/ipstatic -lib_map_path [list {modelsim=C:/Users/Octa476/Desktop/Random_generator_module/random_generator_project/random_generator_project.cache/compile_simlib/modelsim} {questa=C:/Users/Octa476/Desktop/Random_generator_module/random_generator_project/random_generator_project.cache/compile_simlib/questa} {riviera=C:/Users/Octa476/Desktop/Random_generator_module/random_generator_project/random_generator_project.cache/compile_simlib/riviera} {activehdl=C:/Users/Octa476/Desktop/Random_generator_module/random_generator_project/random_generator_project.cache/compile_simlib/activehdl}] -use_ip_compiled_libs -force -quiet
launch_simulation
Command: launch_simulation 
INFO: [Vivado 12-12493] Simulation top is 'tb_design_random'
WARNING: [Vivado 12-13340] Unable to auto find GCC executables from simulator install path! (path not set)
INFO: [Vivado 12-5682] Launching behavioral simulation in 'C:/Users/Octa476/Desktop/Random_generator_module/random_generator_project/random_generator_project.sim/sim_1/behav/xsim'
INFO: [Vivado 12-13660] Precompiled IP simulation library mode is enabled (default). The design IP libraries will be referenced from the compiled library path. Please note that if the precompiled version of the library is not found from the path or the IP is in locked state, then the library source files for these IPs will be compiled locally as part of the compile order.
INFO: [Vivado 12-4795] Using compiled simulation libraries for IPs
INFO: [SIM-utils-51] Simulation object is 'sim_1'
INFO: [SIM-utils-72] Using boost library from 'D:/Xilinx/Vivado/2024.2/tps/boost_1_72_0'
INFO: [USF-XSim-7] Finding pre-compiled libraries...
INFO: [USF-XSim-11] File 'D:/Xilinx/Vivado/2024.2/data/xsim/xsim.ini' copied to run dir:'C:/Users/Octa476/Desktop/Random_generator_module/random_generator_project/random_generator_project.sim/sim_1/behav/xsim'
INFO: [SIM-utils-54] Inspecting design source files for 'tb_design_random' in fileset 'sim_1'...
INFO: [USF-XSim-97] Finding global include files...
INFO: [USF-XSim-98] Fetching design files from 'sim_1'...
INFO: [USF-XSim-2] XSim::Compile design
INFO: [USF-XSim-61] Executing 'COMPILE and ANALYZE' step in 'C:/Users/Octa476/Desktop/Random_generator_module/random_generator_project/random_generator_project.sim/sim_1/behav/xsim'
"xvlog --incr --relax -prj tb_design_random_vlog.prj"
INFO: [VRFC 10-2263] Analyzing Verilog file "C:/Users/Octa476/Desktop/Random_generator_module/random_generator_project/random_generator_project.srcs/sources_1/new/nand_module.v" into library xil_defaultlib
INFO: [VRFC 10-311] analyzing module nand_module
INFO: [VRFC 10-2263] Analyzing Verilog file "C:/Users/Octa476/Desktop/Random_generator_module/random_generator_project/random_generator_project.srcs/sources_1/new/xor_4.v" into library xil_defaultlib
INFO: [VRFC 10-311] analyzing module xor_4
INFO: [VRFC 10-2263] Analyzing Verilog file "C:/Users/Octa476/Desktop/Random_generator_module/random_generator_project/random_generator_project.srcs/sources_1/new/xor_3.v" into library xil_defaultlib
INFO: [VRFC 10-311] analyzing module xor_3
INFO: [VRFC 10-2263] Analyzing Verilog file "C:/Users/Octa476/Desktop/Random_generator_module/random_generator_project/random_generator_project.srcs/sources_1/new/inverter_jitter.v" into library xil_defaultlib
INFO: [VRFC 10-311] analyzing module inverter_jitter_random
INFO: [VRFC 10-2263] Analyzing Verilog file "C:/Users/Octa476/Desktop/Random_generator_module/random_generator_project/random_generator_project.srcs/sources_1/new/dff_module1.v" into library xil_defaultlib
INFO: [VRFC 10-311] analyzing module dff_module1
INFO: [VRFC 10-2263] Analyzing Verilog file "C:/Users/Octa476/Desktop/Random_generator_module/random_generator_project/random_generator_project.ip_user_files/bd/design_random/ip/design_random_nand_module_0_0/sim/design_random_nand_module_0_0.v" into library xil_defaultlib
INFO: [VRFC 10-311] analyzing module design_random_nand_module_0_0
INFO: [VRFC 10-2263] Analyzing Verilog file "C:/Users/Octa476/Desktop/Random_generator_module/random_generator_project/random_generator_project.ip_user_files/bd/design_random/ip/design_random_nand_module_1_0/sim/design_random_nand_module_1_0.v" into library xil_defaultlib
INFO: [VRFC 10-311] analyzing module design_random_nand_module_1_0
INFO: [VRFC 10-2263] Analyzing Verilog file "C:/Users/Octa476/Desktop/Random_generator_module/random_generator_project/random_generator_project.ip_user_files/bd/design_random/ip/design_random_nand_module_2_0/sim/design_random_nand_module_2_0.v" into library xil_defaultlib
INFO: [VRFC 10-311] analyzing module design_random_nand_module_2_0
INFO: [VRFC 10-2263] Analyzing Verilog file "C:/Users/Octa476/Desktop/Random_generator_module/random_generator_project/random_generator_project.ip_user_files/bd/design_random/ip/design_random_nand_module_3_0/sim/design_random_nand_module_3_0.v" into library xil_defaultlib
INFO: [VRFC 10-311] analyzing module design_random_nand_module_3_0
INFO: [VRFC 10-2263] Analyzing Verilog file "C:/Users/Octa476/Desktop/Random_generator_module/random_generator_project/random_generator_project.ip_user_files/bd/design_random/ip/design_random_xor_4_0_0/sim/design_random_xor_4_0_0.v" into library xil_defaultlib
INFO: [VRFC 10-311] analyzing module design_random_xor_4_0_0
INFO: [VRFC 10-2263] Analyzing Verilog file "C:/Users/Octa476/Desktop/Random_generator_module/random_generator_project/random_generator_project.ip_user_files/bd/design_random/ip/design_random_nand_module_5_0/sim/design_random_nand_module_5_0.v" into library xil_defaultlib
INFO: [VRFC 10-311] analyzing module design_random_nand_module_5_0
INFO: [VRFC 10-2263] Analyzing Verilog file "C:/Users/Octa476/Desktop/Random_generator_module/random_generator_project/random_generator_project.ip_user_files/bd/design_random/ip/design_random_nand_module_6_0/sim/design_random_nand_module_6_0.v" into library xil_defaultlib
INFO: [VRFC 10-311] analyzing module design_random_nand_module_6_0
INFO: [VRFC 10-2263] Analyzing Verilog file "C:/Users/Octa476/Desktop/Random_generator_module/random_generator_project/random_generator_project.ip_user_files/bd/design_random/ip/design_random_xor_3_0_0/sim/design_random_xor_3_0_0.v" into library xil_defaultlib
INFO: [VRFC 10-311] analyzing module design_random_xor_3_0_0
INFO: [VRFC 10-2263] Analyzing Verilog file "C:/Users/Octa476/Desktop/Random_generator_module/random_generator_project/random_generator_project.ip_user_files/bd/design_random/ip/design_random_inverter_jitter_rand_0_0/sim/design_random_inverter_jitter_rand_0_0.v" into library xil_defaultlib
INFO: [VRFC 10-311] analyzing module design_random_inverter_jitter_rand_0_0
INFO: [VRFC 10-2263] Analyzing Verilog file "C:/Users/Octa476/Desktop/Random_generator_module/random_generator_project/random_generator_project.ip_user_files/bd/design_random/ip/design_random_inverter_jitter_rand_1_0/sim/design_random_inverter_jitter_rand_1_0.v" into library xil_defaultlib
INFO: [VRFC 10-311] analyzing module design_random_inverter_jitter_rand_1_0
INFO: [VRFC 10-2263] Analyzing Verilog file "C:/Users/Octa476/Desktop/Random_generator_module/random_generator_project/random_generator_project.ip_user_files/bd/design_random/ip/design_random_inverter_jitter_rand_2_0/sim/design_random_inverter_jitter_rand_2_0.v" into library xil_defaultlib
INFO: [VRFC 10-311] analyzing module design_random_inverter_jitter_rand_2_0
INFO: [VRFC 10-2263] Analyzing Verilog file "C:/Users/Octa476/Desktop/Random_generator_module/random_generator_project/random_generator_project.ip_user_files/bd/design_random/ip/design_random_inverter_jitter_rand_3_0/sim/design_random_inverter_jitter_rand_3_0.v" into library xil_defaultlib
INFO: [VRFC 10-311] analyzing module design_random_inverter_jitter_rand_3_0
INFO: [VRFC 10-2263] Analyzing Verilog file "C:/Users/Octa476/Desktop/Random_generator_module/random_generator_project/random_generator_project.ip_user_files/bd/design_random/ip/design_random_inverter_jitter_rand_4_0/sim/design_random_inverter_jitter_rand_4_0.v" into library xil_defaultlib
INFO: [VRFC 10-311] analyzing module design_random_inverter_jitter_rand_4_0
INFO: [VRFC 10-2263] Analyzing Verilog file "C:/Users/Octa476/Desktop/Random_generator_module/random_generator_project/random_generator_project.ip_user_files/bd/design_random/ip/design_random_inverter_jitter_rand_5_0/sim/design_random_inverter_jitter_rand_5_0.v" into library xil_defaultlib
INFO: [VRFC 10-311] analyzing module design_random_inverter_jitter_rand_5_0
INFO: [VRFC 10-2263] Analyzing Verilog file "C:/Users/Octa476/Desktop/Random_generator_module/random_generator_project/random_generator_project.ip_user_files/bd/design_random/ip/design_random_inverter_jitter_rand_6_0/sim/design_random_inverter_jitter_rand_6_0.v" into library xil_defaultlib
INFO: [VRFC 10-311] analyzing module design_random_inverter_jitter_rand_6_0
INFO: [VRFC 10-2263] Analyzing Verilog file "C:/Users/Octa476/Desktop/Random_generator_module/random_generator_project/random_generator_project.ip_user_files/bd/design_random/ip/design_random_inverter_jitter_rand_7_0/sim/design_random_inverter_jitter_rand_7_0.v" into library xil_defaultlib
INFO: [VRFC 10-311] analyzing module design_random_inverter_jitter_rand_7_0
INFO: [VRFC 10-2263] Analyzing Verilog file "C:/Users/Octa476/Desktop/Random_generator_module/random_generator_project/random_generator_project.ip_user_files/bd/design_random/ip/design_random_inverter_jitter_rand_8_0/sim/design_random_inverter_jitter_rand_8_0.v" into library xil_defaultlib
INFO: [VRFC 10-311] analyzing module design_random_inverter_jitter_rand_8_0
INFO: [VRFC 10-2263] Analyzing Verilog file "C:/Users/Octa476/Desktop/Random_generator_module/random_generator_project/random_generator_project.ip_user_files/bd/design_random/ip/design_random_inverter_jitter_rand_9_0/sim/design_random_inverter_jitter_rand_9_0.v" into library xil_defaultlib
INFO: [VRFC 10-311] analyzing module design_random_inverter_jitter_rand_9_0
INFO: [VRFC 10-2263] Analyzing Verilog file "C:/Users/Octa476/Desktop/Random_generator_module/random_generator_project/random_generator_project.ip_user_files/bd/design_random/ip/design_random_inverter_jitter_rand_10_0/sim/design_random_inverter_jitter_rand_10_0.v" into library xil_defaultlib
INFO: [VRFC 10-311] analyzing module design_random_inverter_jitter_rand_10_0
INFO: [VRFC 10-2263] Analyzing Verilog file "C:/Users/Octa476/Desktop/Random_generator_module/random_generator_project/random_generator_project.ip_user_files/bd/design_random/ip/design_random_inverter_jitter_rand_11_0/sim/design_random_inverter_jitter_rand_11_0.v" into library xil_defaultlib
INFO: [VRFC 10-311] analyzing module design_random_inverter_jitter_rand_11_0
INFO: [VRFC 10-2263] Analyzing Verilog file "C:/Users/Octa476/Desktop/Random_generator_module/random_generator_project/random_generator_project.ip_user_files/bd/design_random/ip/design_random_inverter_jitter_rand_12_0/sim/design_random_inverter_jitter_rand_12_0.v" into library xil_defaultlib
INFO: [VRFC 10-311] analyzing module design_random_inverter_jitter_rand_12_0
INFO: [VRFC 10-2263] Analyzing Verilog file "C:/Users/Octa476/Desktop/Random_generator_module/random_generator_project/random_generator_project.ip_user_files/bd/design_random/ip/design_random_dff_module1_0_0/sim/design_random_dff_module1_0_0.v" into library xil_defaultlib
INFO: [VRFC 10-311] analyzing module design_random_dff_module1_0_0
INFO: [VRFC 10-2263] Analyzing Verilog file "C:/Users/Octa476/Desktop/Random_generator_module/random_generator_project/random_generator_project.ip_user_files/bd/design_random/ip/design_random_dff_module1_1_0/sim/design_random_dff_module1_1_0.v" into library xil_defaultlib
INFO: [VRFC 10-311] analyzing module design_random_dff_module1_1_0
INFO: [VRFC 10-2263] Analyzing Verilog file "C:/Users/Octa476/Desktop/Random_generator_module/random_generator_project/random_generator_project.ip_user_files/bd/design_random/ip/design_random_dff_module1_2_0/sim/design_random_dff_module1_2_0.v" into library xil_defaultlib
INFO: [VRFC 10-311] analyzing module design_random_dff_module1_2_0
INFO: [VRFC 10-2263] Analyzing Verilog file "C:/Users/Octa476/Desktop/Random_generator_module/random_generator_project/random_generator_project.ip_user_files/bd/design_random/ip/design_random_dff_module1_3_0/sim/design_random_dff_module1_3_0.v" into library xil_defaultlib
INFO: [VRFC 10-311] analyzing module design_random_dff_module1_3_0
INFO: [VRFC 10-2263] Analyzing Verilog file "C:/Users/Octa476/Desktop/Random_generator_module/random_generator_project/random_generator_project.ip_user_files/bd/design_random/ip/design_random_dff_module1_4_0/sim/design_random_dff_module1_4_0.v" into library xil_defaultlib
INFO: [VRFC 10-311] analyzing module design_random_dff_module1_4_0
INFO: [VRFC 10-2263] Analyzing Verilog file "C:/Users/Octa476/Desktop/Random_generator_module/random_generator_project/random_generator_project.ip_user_files/bd/design_random/ip/design_random_dff_module1_5_0/sim/design_random_dff_module1_5_0.v" into library xil_defaultlib
INFO: [VRFC 10-311] analyzing module design_random_dff_module1_5_0
INFO: [VRFC 10-2263] Analyzing Verilog file "C:/Users/Octa476/Desktop/Random_generator_module/random_generator_project/random_generator_project.ip_user_files/bd/design_random/ip/design_random_dff_module1_6_0/sim/design_random_dff_module1_6_0.v" into library xil_defaultlib
INFO: [VRFC 10-311] analyzing module design_random_dff_module1_6_0
INFO: [VRFC 10-2263] Analyzing Verilog file "C:/Users/Octa476/Desktop/Random_generator_module/random_generator_project/random_generator_project.ip_user_files/bd/design_random/sim/design_random.v" into library xil_defaultlib
INFO: [VRFC 10-311] analyzing module design_random
INFO: [VRFC 10-2263] Analyzing Verilog file "C:/Users/Octa476/Desktop/Random_generator_module/random_generator_project/random_generator_project.gen/sources_1/bd/design_random/hdl/design_random_wrapper.v" into library xil_defaultlib
INFO: [VRFC 10-311] analyzing module design_random_wrapper
INFO: [VRFC 10-2263] Analyzing Verilog file "C:/Users/Octa476/Desktop/Random_generator_module/random_generator_project/random_generator_project.srcs/sim_1/new/tb_design_random.v" into library xil_defaultlib
INFO: [VRFC 10-311] analyzing module tb_design_random
run_program: Time (s): cpu = 00:00:00 ; elapsed = 00:00:05 . Memory (MB): peak = 2548.559 ; gain = 0.000
INFO: [USF-XSim-69] 'compile' step finished in '6' seconds
INFO: [USF-XSim-3] XSim::Elaborate design
INFO: [USF-XSim-61] Executing 'ELABORATE' step in 'C:/Users/Octa476/Desktop/Random_generator_module/random_generator_project/random_generator_project.sim/sim_1/behav/xsim'
"xelab --incr --debug typical --relax --mt 2 -L xil_defaultlib -L unisims_ver -L unimacro_ver -L secureip -L xpm --snapshot tb_design_random_behav xil_defaultlib.tb_design_random xil_defaultlib.glbl -log elaborate.log"
Vivado Simulator v2024.2.0
Copyright 1986-2022 Xilinx, Inc. All Rights Reserved.
Copyright 2022-2024 Advanced Micro Devices, Inc. All Rights Reserved.
Running: D:/Xilinx/Vivado/2024.2/bin/unwrapped/win64.o/xelab.exe --incr --debug typical --relax --mt 2 -L xil_defaultlib -L unisims_ver -L unimacro_ver -L secureip -L xpm --snapshot tb_design_random_behav xil_defaultlib.tb_design_random xil_defaultlib.glbl -log elaborate.log 
Using 2 slave threads.
Starting static elaboration
Pass Through NonSizing Optimizer
Completed static elaboration
Starting simulation data flow analysis
Completed simulation data flow analysis
Time Resolution for simulation is 1ps
Compiling module xil_defaultlib.dff_module1
Compiling module xil_defaultlib.design_random_dff_module1_0_0
Compiling module xil_defaultlib.design_random_dff_module1_1_0
Compiling module xil_defaultlib.design_random_dff_module1_2_0
Compiling module xil_defaultlib.design_random_dff_module1_3_0
Compiling module xil_defaultlib.design_random_dff_module1_4_0
Compiling module xil_defaultlib.design_random_dff_module1_5_0
Compiling module xil_defaultlib.design_random_dff_module1_6_0
Compiling module xil_defaultlib.inverter_jitter_random
Compiling module xil_defaultlib.design_random_inverter_jitter_ra...
Compiling module xil_defaultlib.design_random_inverter_jitter_ra...
Compiling module xil_defaultlib.design_random_inverter_jitter_ra...
Compiling module xil_defaultlib.design_random_inverter_jitter_ra...
Compiling module xil_defaultlib.design_random_inverter_jitter_ra...
Compiling module xil_defaultlib.design_random_inverter_jitter_ra...
Compiling module xil_defaultlib.design_random_inverter_jitter_ra...
Compiling module xil_defaultlib.design_random_inverter_jitter_ra...
Compiling module xil_defaultlib.design_random_inverter_jitter_ra...
Compiling module xil_defaultlib.design_random_inverter_jitter_ra...
Compiling module xil_defaultlib.design_random_inverter_jitter_ra...
Compiling module xil_defaultlib.design_random_inverter_jitter_ra...
Compiling module xil_defaultlib.design_random_inverter_jitter_ra...
Compiling module xil_defaultlib.nand_module
Compiling module xil_defaultlib.design_random_nand_module_0_0
Compiling module xil_defaultlib.design_random_nand_module_1_0
Compiling module xil_defaultlib.design_random_nand_module_2_0
Compiling module xil_defaultlib.design_random_nand_module_3_0
Compiling module xil_defaultlib.design_random_nand_module_5_0
Compiling module xil_defaultlib.design_random_nand_module_6_0
Compiling module xil_defaultlib.xor_3
Compiling module xil_defaultlib.design_random_xor_3_0_0
Compiling module xil_defaultlib.xor_4
Compiling module xil_defaultlib.design_random_xor_4_0_0
Compiling module xil_defaultlib.design_random
Compiling module xil_defaultlib.design_random_wrapper
Compiling module xil_defaultlib.tb_design_random
Compiling module xil_defaultlib.glbl
Built simulation snapshot tb_design_random_behav
INFO: [USF-XSim-69] 'elaborate' step finished in '3' seconds
INFO: [USF-XSim-4] XSim::Simulate design
INFO: [USF-XSim-61] Executing 'SIMULATE' step in 'C:/Users/Octa476/Desktop/Random_generator_module/random_generator_project/random_generator_project.sim/sim_1/behav/xsim'
INFO: [USF-XSim-98] *** Running xsim
   with args "tb_design_random_behav -key {Behavioral:sim_1:Functional:tb_design_random} -tclbatch {tb_design_random.tcl} -protoinst "protoinst_files/design_random.protoinst" -log {simulate.log}"
INFO: [USF-XSim-8] Loading simulator feature
INFO: [Wavedata 42-565] Reading protoinst file protoinst_files/design_random.protoinst
Time resolution is 1 ps
source tb_design_random.tcl
# set curr_wave [current_wave_config]
# if { [string length $curr_wave] == 0 } {
#   if { [llength [get_objects]] > 0} {
#     add_wave /
#     set_property needs_save false [current_wave_config]
#   } else {
#      send_msg_id Add_Wave-1 WARNING "No top level signals found. Simulator will start without a wave window. If you want to open a wave window go to 'File->New Waveform Configuration' or type 'create_wave_config' in the TCL console."
#   }
# }
# run 1000ns
INFO: [USF-XSim-96] XSim completed. Design snapshot 'tb_design_random_behav' loaded.
INFO: [USF-XSim-97] XSim simulation ran for 1000ns
launch_simulation: Time (s): cpu = 00:00:04 ; elapsed = 00:00:13 . Memory (MB): peak = 2548.559 ; gain = 0.000
WARNING: [filemgmt 56-199] Attempt to get parsing info during refresh. "On-the-fly" syntax checking information may be incorrect. [C:\Users\Octa476\Desktop\Random_generator_module\random_generator_project\random_generator_project.srcs\sim_1\new\random_sim_example.v:]
WARNING: [filemgmt 56-199] Attempt to get parsing info during refresh. "On-the-fly" syntax checking information may be incorrect. [C:\Users\Octa476\Desktop\Random_generator_module\random_generator_project\random_generator_project.srcs\sim_1\new\tb_design_random.v:]
WARNING: [filemgmt 56-199] Attempt to get parsing info during refresh. "On-the-fly" syntax checking information may be incorrect. [C:\Users\Octa476\Desktop\Random_generator_module\random_generator_project\random_generator_project.srcs\sources_1\new\inverter_jitter.v:]
WARNING: [filemgmt 56-199] Attempt to get parsing info during refresh. "On-the-fly" syntax checking information may be incorrect. [C:\Users\Octa476\Desktop\Random_generator_module\random_generator_project\random_generator_project.srcs\sim_1\new\tb_design_random.v:]
WARNING: [filemgmt 56-199] Attempt to get parsing info during refresh. "On-the-fly" syntax checking information may be incorrect. [C:\Users\Octa476\Desktop\Random_generator_module\random_generator_project\random_generator_project.srcs\sim_1\new\tb_design_random.v:]
restart
INFO: [Wavedata 42-604] Simulation restarted
run 1000000ns
run 10000000ns
DONE: random_bytes.txt generat
$finish called at time : 8000095 ns : File "C:/Users/Octa476/Desktop/Random_generator_module/random_generator_project/random_generator_project.srcs/sim_1/new/tb_design_random.v" Line 75
WARNING: [filemgmt 56-199] Attempt to get parsing info during refresh. "On-the-fly" syntax checking information may be incorrect. [C:\Users\Octa476\Desktop\Random_generator_module\random_generator_project\random_generator_project.srcs\sim_1\new\random_sim_example.v:]
WARNING: [filemgmt 56-199] Attempt to get parsing info during refresh. "On-the-fly" syntax checking information may be incorrect. [C:\Users\Octa476\Desktop\Random_generator_module\random_generator_project\random_generator_project.srcs\sim_1\new\tb_design_random.v:]
WARNING: [filemgmt 56-199] Attempt to get parsing info during refresh. "On-the-fly" syntax checking information may be incorrect. [C:\Users\Octa476\Desktop\Random_generator_module\random_generator_project\random_generator_project.srcs\sources_1\new\inverter_jitter.v:]
WARNING: [filemgmt 56-199] Attempt to get parsing info during refresh. "On-the-fly" syntax checking information may be incorrect. [C:\Users\Octa476\Desktop\Random_generator_module\random_generator_project\random_generator_project.srcs\sources_1\new\inverter_jitter.v:]
WARNING: [filemgmt 56-199] Attempt to get parsing info during refresh. "On-the-fly" syntax checking information may be incorrect. [C:\Users\Octa476\Desktop\Random_generator_module\random_generator_project\random_generator_project.srcs\sources_1\new\inverter_jitter.v:]
run 100000000ns
run: Time (s): cpu = 00:00:21 ; elapsed = 00:00:29 . Memory (MB): peak = 2548.559 ; gain = 0.000
run 1000000000ns
run: Time (s): cpu = 00:02:54 ; elapsed = 00:03:21 . Memory (MB): peak = 2548.559 ; gain = 0.000
WARNING: [filemgmt 56-199] Attempt to get parsing info during refresh. "On-the-fly" syntax checking information may be incorrect. [C:\Users\Octa476\Desktop\Random_generator_module\random_generator_project\random_generator_project.srcs\sim_1\new\tb_design_random.v:]
WARNING: [filemgmt 56-199] Attempt to get parsing info during refresh. "On-the-fly" syntax checking information may be incorrect. [C:\Users\Octa476\Desktop\Random_generator_module\random_generator_project\random_generator_project.srcs\sources_1\new\inverter_jitter.v:]
WARNING: [filemgmt 56-199] Attempt to get parsing info during refresh. "On-the-fly" syntax checking information may be incorrect. [C:\Users\Octa476\Desktop\Random_generator_module\random_generator_project\random_generator_project.srcs\sim_1\new\tb_design_random.v:]
WARNING: [filemgmt 56-199] Attempt to get parsing info during refresh. "On-the-fly" syntax checking information may be incorrect. [C:\Users\Octa476\Desktop\Random_generator_module\random_generator_project\random_generator_project.srcs\sim_1\new\tb_design_random.v:]
ERROR: [Common 17-180] Spawn failed: No error
restart
INFO: [Wavedata 42-604] Simulation restarted
run 1000000000ns
DONE: random_bytes.txt generat
$finish called at time : 8000095 ns : File "C:/Users/Octa476/Desktop/Random_generator_module/random_generator_project/random_generator_project.srcs/sim_1/new/tb_design_random.v" Line 75
restart
INFO: [Wavedata 42-604] Simulation restarted
WARNING: [filemgmt 56-199] Attempt to get parsing info during refresh. "On-the-fly" syntax checking information may be incorrect. [C:\Users\Octa476\Desktop\Random_generator_module\random_generator_project\random_generator_project.srcs\sim_1\new\tb_design_random.v:]
WARNING: [filemgmt 56-199] Attempt to get parsing info during refresh. "On-the-fly" syntax checking information may be incorrect. [C:\Users\Octa476\Desktop\Random_generator_module\random_generator_project\random_generator_project.srcs\sources_1\new\inverter_jitter.v:]
WARNING: [filemgmt 56-199] Attempt to get parsing info during refresh. "On-the-fly" syntax checking information may be incorrect. [C:\Users\Octa476\Desktop\Random_generator_module\random_generator_project\random_generator_project.srcs\sim_1\new\tb_design_random.v:]
WARNING: [filemgmt 56-199] Attempt to get parsing info during refresh. "On-the-fly" syntax checking information may be incorrect. [C:\Users\Octa476\Desktop\Random_generator_module\random_generator_project\random_generator_project.srcs\sim_1\new\tb_design_random.v:]
ERROR: [Common 17-180] Spawn failed: No error
close_sim
INFO: xsimkernel Simulation Memory Usage: 37700 KB (Peak: 37700 KB), Simulation CPU Usage: 232608 ms
INFO: [Simtcl 6-16] Simulation closed
launch_simulation
Command: launch_simulation 
INFO: [Vivado 12-12493] Simulation top is 'tb_design_random'
WARNING: [Vivado 12-13340] Unable to auto find GCC executables from simulator install path! (path not set)
INFO: [Vivado 12-5682] Launching behavioral simulation in 'C:/Users/Octa476/Desktop/Random_generator_module/random_generator_project/random_generator_project.sim/sim_1/behav/xsim'
INFO: [Vivado 12-13660] Precompiled IP simulation library mode is enabled (default). The design IP libraries will be referenced from the compiled library path. Please note that if the precompiled version of the library is not found from the path or the IP is in locked state, then the library source files for these IPs will be compiled locally as part of the compile order.
INFO: [Vivado 12-4795] Using compiled simulation libraries for IPs
INFO: [SIM-utils-51] Simulation object is 'sim_1'
INFO: [SIM-utils-72] Using boost library from 'D:/Xilinx/Vivado/2024.2/tps/boost_1_72_0'
INFO: [USF-XSim-7] Finding pre-compiled libraries...
INFO: [USF-XSim-11] File 'D:/Xilinx/Vivado/2024.2/data/xsim/xsim.ini' copied to run dir:'C:/Users/Octa476/Desktop/Random_generator_module/random_generator_project/random_generator_project.sim/sim_1/behav/xsim'
INFO: [SIM-utils-54] Inspecting design source files for 'tb_design_random' in fileset 'sim_1'...
INFO: [USF-XSim-97] Finding global include files...
INFO: [USF-XSim-98] Fetching design files from 'sim_1'...
INFO: [USF-XSim-2] XSim::Compile design
INFO: [USF-XSim-61] Executing 'COMPILE and ANALYZE' step in 'C:/Users/Octa476/Desktop/Random_generator_module/random_generator_project/random_generator_project.sim/sim_1/behav/xsim'
"xvlog --incr --relax -prj tb_design_random_vlog.prj"
INFO: [VRFC 10-2263] Analyzing Verilog file "C:/Users/Octa476/Desktop/Random_generator_module/random_generator_project/random_generator_project.srcs/sources_1/new/nand_module.v" into library xil_defaultlib
INFO: [VRFC 10-311] analyzing module nand_module
INFO: [VRFC 10-2263] Analyzing Verilog file "C:/Users/Octa476/Desktop/Random_generator_module/random_generator_project/random_generator_project.srcs/sources_1/new/xor_4.v" into library xil_defaultlib
INFO: [VRFC 10-311] analyzing module xor_4
INFO: [VRFC 10-2263] Analyzing Verilog file "C:/Users/Octa476/Desktop/Random_generator_module/random_generator_project/random_generator_project.srcs/sources_1/new/xor_3.v" into library xil_defaultlib
INFO: [VRFC 10-311] analyzing module xor_3
INFO: [VRFC 10-2263] Analyzing Verilog file "C:/Users/Octa476/Desktop/Random_generator_module/random_generator_project/random_generator_project.srcs/sources_1/new/inverter_jitter.v" into library xil_defaultlib
INFO: [VRFC 10-311] analyzing module inverter_jitter_random
INFO: [VRFC 10-2263] Analyzing Verilog file "C:/Users/Octa476/Desktop/Random_generator_module/random_generator_project/random_generator_project.srcs/sources_1/new/dff_module1.v" into library xil_defaultlib
INFO: [VRFC 10-311] analyzing module dff_module1
INFO: [VRFC 10-2263] Analyzing Verilog file "C:/Users/Octa476/Desktop/Random_generator_module/random_generator_project/random_generator_project.ip_user_files/bd/design_random/ip/design_random_nand_module_0_0/sim/design_random_nand_module_0_0.v" into library xil_defaultlib
INFO: [VRFC 10-311] analyzing module design_random_nand_module_0_0
INFO: [VRFC 10-2263] Analyzing Verilog file "C:/Users/Octa476/Desktop/Random_generator_module/random_generator_project/random_generator_project.ip_user_files/bd/design_random/ip/design_random_nand_module_1_0/sim/design_random_nand_module_1_0.v" into library xil_defaultlib
INFO: [VRFC 10-311] analyzing module design_random_nand_module_1_0
INFO: [VRFC 10-2263] Analyzing Verilog file "C:/Users/Octa476/Desktop/Random_generator_module/random_generator_project/random_generator_project.ip_user_files/bd/design_random/ip/design_random_nand_module_2_0/sim/design_random_nand_module_2_0.v" into library xil_defaultlib
INFO: [VRFC 10-311] analyzing module design_random_nand_module_2_0
INFO: [VRFC 10-2263] Analyzing Verilog file "C:/Users/Octa476/Desktop/Random_generator_module/random_generator_project/random_generator_project.ip_user_files/bd/design_random/ip/design_random_nand_module_3_0/sim/design_random_nand_module_3_0.v" into library xil_defaultlib
INFO: [VRFC 10-311] analyzing module design_random_nand_module_3_0
INFO: [VRFC 10-2263] Analyzing Verilog file "C:/Users/Octa476/Desktop/Random_generator_module/random_generator_project/random_generator_project.ip_user_files/bd/design_random/ip/design_random_xor_4_0_0/sim/design_random_xor_4_0_0.v" into library xil_defaultlib
INFO: [VRFC 10-311] analyzing module design_random_xor_4_0_0
INFO: [VRFC 10-2263] Analyzing Verilog file "C:/Users/Octa476/Desktop/Random_generator_module/random_generator_project/random_generator_project.ip_user_files/bd/design_random/ip/design_random_nand_module_5_0/sim/design_random_nand_module_5_0.v" into library xil_defaultlib
INFO: [VRFC 10-311] analyzing module design_random_nand_module_5_0
INFO: [VRFC 10-2263] Analyzing Verilog file "C:/Users/Octa476/Desktop/Random_generator_module/random_generator_project/random_generator_project.ip_user_files/bd/design_random/ip/design_random_nand_module_6_0/sim/design_random_nand_module_6_0.v" into library xil_defaultlib
INFO: [VRFC 10-311] analyzing module design_random_nand_module_6_0
INFO: [VRFC 10-2263] Analyzing Verilog file "C:/Users/Octa476/Desktop/Random_generator_module/random_generator_project/random_generator_project.ip_user_files/bd/design_random/ip/design_random_xor_3_0_0/sim/design_random_xor_3_0_0.v" into library xil_defaultlib
INFO: [VRFC 10-311] analyzing module design_random_xor_3_0_0
INFO: [VRFC 10-2263] Analyzing Verilog file "C:/Users/Octa476/Desktop/Random_generator_module/random_generator_project/random_generator_project.ip_user_files/bd/design_random/ip/design_random_inverter_jitter_rand_0_0/sim/design_random_inverter_jitter_rand_0_0.v" into library xil_defaultlib
INFO: [VRFC 10-311] analyzing module design_random_inverter_jitter_rand_0_0
INFO: [VRFC 10-2263] Analyzing Verilog file "C:/Users/Octa476/Desktop/Random_generator_module/random_generator_project/random_generator_project.ip_user_files/bd/design_random/ip/design_random_inverter_jitter_rand_1_0/sim/design_random_inverter_jitter_rand_1_0.v" into library xil_defaultlib
INFO: [VRFC 10-311] analyzing module design_random_inverter_jitter_rand_1_0
INFO: [VRFC 10-2263] Analyzing Verilog file "C:/Users/Octa476/Desktop/Random_generator_module/random_generator_project/random_generator_project.ip_user_files/bd/design_random/ip/design_random_inverter_jitter_rand_2_0/sim/design_random_inverter_jitter_rand_2_0.v" into library xil_defaultlib
INFO: [VRFC 10-311] analyzing module design_random_inverter_jitter_rand_2_0
INFO: [VRFC 10-2263] Analyzing Verilog file "C:/Users/Octa476/Desktop/Random_generator_module/random_generator_project/random_generator_project.ip_user_files/bd/design_random/ip/design_random_inverter_jitter_rand_3_0/sim/design_random_inverter_jitter_rand_3_0.v" into library xil_defaultlib
INFO: [VRFC 10-311] analyzing module design_random_inverter_jitter_rand_3_0
INFO: [VRFC 10-2263] Analyzing Verilog file "C:/Users/Octa476/Desktop/Random_generator_module/random_generator_project/random_generator_project.ip_user_files/bd/design_random/ip/design_random_inverter_jitter_rand_4_0/sim/design_random_inverter_jitter_rand_4_0.v" into library xil_defaultlib
INFO: [VRFC 10-311] analyzing module design_random_inverter_jitter_rand_4_0
INFO: [VRFC 10-2263] Analyzing Verilog file "C:/Users/Octa476/Desktop/Random_generator_module/random_generator_project/random_generator_project.ip_user_files/bd/design_random/ip/design_random_inverter_jitter_rand_5_0/sim/design_random_inverter_jitter_rand_5_0.v" into library xil_defaultlib
INFO: [VRFC 10-311] analyzing module design_random_inverter_jitter_rand_5_0
INFO: [VRFC 10-2263] Analyzing Verilog file "C:/Users/Octa476/Desktop/Random_generator_module/random_generator_project/random_generator_project.ip_user_files/bd/design_random/ip/design_random_inverter_jitter_rand_6_0/sim/design_random_inverter_jitter_rand_6_0.v" into library xil_defaultlib
INFO: [VRFC 10-311] analyzing module design_random_inverter_jitter_rand_6_0
INFO: [VRFC 10-2263] Analyzing Verilog file "C:/Users/Octa476/Desktop/Random_generator_module/random_generator_project/random_generator_project.ip_user_files/bd/design_random/ip/design_random_inverter_jitter_rand_7_0/sim/design_random_inverter_jitter_rand_7_0.v" into library xil_defaultlib
INFO: [VRFC 10-311] analyzing module design_random_inverter_jitter_rand_7_0
INFO: [VRFC 10-2263] Analyzing Verilog file "C:/Users/Octa476/Desktop/Random_generator_module/random_generator_project/random_generator_project.ip_user_files/bd/design_random/ip/design_random_inverter_jitter_rand_8_0/sim/design_random_inverter_jitter_rand_8_0.v" into library xil_defaultlib
INFO: [VRFC 10-311] analyzing module design_random_inverter_jitter_rand_8_0
INFO: [VRFC 10-2263] Analyzing Verilog file "C:/Users/Octa476/Desktop/Random_generator_module/random_generator_project/random_generator_project.ip_user_files/bd/design_random/ip/design_random_inverter_jitter_rand_9_0/sim/design_random_inverter_jitter_rand_9_0.v" into library xil_defaultlib
INFO: [VRFC 10-311] analyzing module design_random_inverter_jitter_rand_9_0
INFO: [VRFC 10-2263] Analyzing Verilog file "C:/Users/Octa476/Desktop/Random_generator_module/random_generator_project/random_generator_project.ip_user_files/bd/design_random/ip/design_random_inverter_jitter_rand_10_0/sim/design_random_inverter_jitter_rand_10_0.v" into library xil_defaultlib
INFO: [VRFC 10-311] analyzing module design_random_inverter_jitter_rand_10_0
INFO: [VRFC 10-2263] Analyzing Verilog file "C:/Users/Octa476/Desktop/Random_generator_module/random_generator_project/random_generator_project.ip_user_files/bd/design_random/ip/design_random_inverter_jitter_rand_11_0/sim/design_random_inverter_jitter_rand_11_0.v" into library xil_defaultlib
INFO: [VRFC 10-311] analyzing module design_random_inverter_jitter_rand_11_0
INFO: [VRFC 10-2263] Analyzing Verilog file "C:/Users/Octa476/Desktop/Random_generator_module/random_generator_project/random_generator_project.ip_user_files/bd/design_random/ip/design_random_inverter_jitter_rand_12_0/sim/design_random_inverter_jitter_rand_12_0.v" into library xil_defaultlib
INFO: [VRFC 10-311] analyzing module design_random_inverter_jitter_rand_12_0
INFO: [VRFC 10-2263] Analyzing Verilog file "C:/Users/Octa476/Desktop/Random_generator_module/random_generator_project/random_generator_project.ip_user_files/bd/design_random/ip/design_random_dff_module1_0_0/sim/design_random_dff_module1_0_0.v" into library xil_defaultlib
INFO: [VRFC 10-311] analyzing module design_random_dff_module1_0_0
INFO: [VRFC 10-2263] Analyzing Verilog file "C:/Users/Octa476/Desktop/Random_generator_module/random_generator_project/random_generator_project.ip_user_files/bd/design_random/ip/design_random_dff_module1_1_0/sim/design_random_dff_module1_1_0.v" into library xil_defaultlib
INFO: [VRFC 10-311] analyzing module design_random_dff_module1_1_0
INFO: [VRFC 10-2263] Analyzing Verilog file "C:/Users/Octa476/Desktop/Random_generator_module/random_generator_project/random_generator_project.ip_user_files/bd/design_random/ip/design_random_dff_module1_2_0/sim/design_random_dff_module1_2_0.v" into library xil_defaultlib
INFO: [VRFC 10-311] analyzing module design_random_dff_module1_2_0
INFO: [VRFC 10-2263] Analyzing Verilog file "C:/Users/Octa476/Desktop/Random_generator_module/random_generator_project/random_generator_project.ip_user_files/bd/design_random/ip/design_random_dff_module1_3_0/sim/design_random_dff_module1_3_0.v" into library xil_defaultlib
INFO: [VRFC 10-311] analyzing module design_random_dff_module1_3_0
INFO: [VRFC 10-2263] Analyzing Verilog file "C:/Users/Octa476/Desktop/Random_generator_module/random_generator_project/random_generator_project.ip_user_files/bd/design_random/ip/design_random_dff_module1_4_0/sim/design_random_dff_module1_4_0.v" into library xil_defaultlib
INFO: [VRFC 10-311] analyzing module design_random_dff_module1_4_0
INFO: [VRFC 10-2263] Analyzing Verilog file "C:/Users/Octa476/Desktop/Random_generator_module/random_generator_project/random_generator_project.ip_user_files/bd/design_random/ip/design_random_dff_module1_5_0/sim/design_random_dff_module1_5_0.v" into library xil_defaultlib
INFO: [VRFC 10-311] analyzing module design_random_dff_module1_5_0
INFO: [VRFC 10-2263] Analyzing Verilog file "C:/Users/Octa476/Desktop/Random_generator_module/random_generator_project/random_generator_project.ip_user_files/bd/design_random/ip/design_random_dff_module1_6_0/sim/design_random_dff_module1_6_0.v" into library xil_defaultlib
INFO: [VRFC 10-311] analyzing module design_random_dff_module1_6_0
INFO: [VRFC 10-2263] Analyzing Verilog file "C:/Users/Octa476/Desktop/Random_generator_module/random_generator_project/random_generator_project.ip_user_files/bd/design_random/sim/design_random.v" into library xil_defaultlib
INFO: [VRFC 10-311] analyzing module design_random
INFO: [VRFC 10-2263] Analyzing Verilog file "C:/Users/Octa476/Desktop/Random_generator_module/random_generator_project/random_generator_project.gen/sources_1/bd/design_random/hdl/design_random_wrapper.v" into library xil_defaultlib
INFO: [VRFC 10-311] analyzing module design_random_wrapper
INFO: [VRFC 10-2263] Analyzing Verilog file "C:/Users/Octa476/Desktop/Random_generator_module/random_generator_project/random_generator_project.srcs/sim_1/new/tb_design_random.v" into library xil_defaultlib
INFO: [VRFC 10-311] analyzing module tb_design_random
run_program: Time (s): cpu = 00:00:01 ; elapsed = 00:00:05 . Memory (MB): peak = 2548.559 ; gain = 0.000
INFO: [USF-XSim-69] 'compile' step finished in '6' seconds
INFO: [USF-XSim-3] XSim::Elaborate design
INFO: [USF-XSim-61] Executing 'ELABORATE' step in 'C:/Users/Octa476/Desktop/Random_generator_module/random_generator_project/random_generator_project.sim/sim_1/behav/xsim'
"xelab --incr --debug typical --relax --mt 2 -L xil_defaultlib -L unisims_ver -L unimacro_ver -L secureip -L xpm --snapshot tb_design_random_behav xil_defaultlib.tb_design_random xil_defaultlib.glbl -log elaborate.log"
Vivado Simulator v2024.2.0
Copyright 1986-2022 Xilinx, Inc. All Rights Reserved.
Copyright 2022-2024 Advanced Micro Devices, Inc. All Rights Reserved.
Running: D:/Xilinx/Vivado/2024.2/bin/unwrapped/win64.o/xelab.exe --incr --debug typical --relax --mt 2 -L xil_defaultlib -L unisims_ver -L unimacro_ver -L secureip -L xpm --snapshot tb_design_random_behav xil_defaultlib.tb_design_random xil_defaultlib.glbl -log elaborate.log 
Using 2 slave threads.
Starting static elaboration
Pass Through NonSizing Optimizer
Completed static elaboration
Starting simulation data flow analysis
Completed simulation data flow analysis
Time Resolution for simulation is 1ps
Compiling module xil_defaultlib.dff_module1
Compiling module xil_defaultlib.design_random_dff_module1_0_0
Compiling module xil_defaultlib.design_random_dff_module1_1_0
Compiling module xil_defaultlib.design_random_dff_module1_2_0
Compiling module xil_defaultlib.design_random_dff_module1_3_0
Compiling module xil_defaultlib.design_random_dff_module1_4_0
Compiling module xil_defaultlib.design_random_dff_module1_5_0
Compiling module xil_defaultlib.design_random_dff_module1_6_0
Compiling module xil_defaultlib.inverter_jitter_random
Compiling module xil_defaultlib.design_random_inverter_jitter_ra...
Compiling module xil_defaultlib.design_random_inverter_jitter_ra...
Compiling module xil_defaultlib.design_random_inverter_jitter_ra...
Compiling module xil_defaultlib.design_random_inverter_jitter_ra...
Compiling module xil_defaultlib.design_random_inverter_jitter_ra...
Compiling module xil_defaultlib.design_random_inverter_jitter_ra...
Compiling module xil_defaultlib.design_random_inverter_jitter_ra...
Compiling module xil_defaultlib.design_random_inverter_jitter_ra...
Compiling module xil_defaultlib.design_random_inverter_jitter_ra...
Compiling module xil_defaultlib.design_random_inverter_jitter_ra...
Compiling module xil_defaultlib.design_random_inverter_jitter_ra...
Compiling module xil_defaultlib.design_random_inverter_jitter_ra...
Compiling module xil_defaultlib.design_random_inverter_jitter_ra...
Compiling module xil_defaultlib.nand_module
Compiling module xil_defaultlib.design_random_nand_module_0_0
Compiling module xil_defaultlib.design_random_nand_module_1_0
Compiling module xil_defaultlib.design_random_nand_module_2_0
Compiling module xil_defaultlib.design_random_nand_module_3_0
Compiling module xil_defaultlib.design_random_nand_module_5_0
Compiling module xil_defaultlib.design_random_nand_module_6_0
Compiling module xil_defaultlib.xor_3
Compiling module xil_defaultlib.design_random_xor_3_0_0
Compiling module xil_defaultlib.xor_4
Compiling module xil_defaultlib.design_random_xor_4_0_0
Compiling module xil_defaultlib.design_random
Compiling module xil_defaultlib.design_random_wrapper
Compiling module xil_defaultlib.tb_design_random
Compiling module xil_defaultlib.glbl
Built simulation snapshot tb_design_random_behav
INFO: [USF-XSim-69] 'elaborate' step finished in '3' seconds
INFO: [USF-XSim-4] XSim::Simulate design
INFO: [USF-XSim-61] Executing 'SIMULATE' step in 'C:/Users/Octa476/Desktop/Random_generator_module/random_generator_project/random_generator_project.sim/sim_1/behav/xsim'
INFO: [USF-XSim-98] *** Running xsim
   with args "tb_design_random_behav -key {Behavioral:sim_1:Functional:tb_design_random} -tclbatch {tb_design_random.tcl} -protoinst "protoinst_files/design_random.protoinst" -log {simulate.log}"
INFO: [USF-XSim-8] Loading simulator feature
INFO: [Wavedata 42-565] Reading protoinst file protoinst_files/design_random.protoinst
Time resolution is 1 ps
source tb_design_random.tcl
# set curr_wave [current_wave_config]
# if { [string length $curr_wave] == 0 } {
#   if { [llength [get_objects]] > 0} {
#     add_wave /
#     set_property needs_save false [current_wave_config]
#   } else {
#      send_msg_id Add_Wave-1 WARNING "No top level signals found. Simulator will start without a wave window. If you want to open a wave window go to 'File->New Waveform Configuration' or type 'create_wave_config' in the TCL console."
#   }
# }
# run 1000ns
INFO: [USF-XSim-96] XSim completed. Design snapshot 'tb_design_random_behav' loaded.
INFO: [USF-XSim-97] XSim simulation ran for 1000ns
launch_simulation: Time (s): cpu = 00:00:03 ; elapsed = 00:00:12 . Memory (MB): peak = 2548.559 ; gain = 0.000
restart
INFO: [Wavedata 42-604] Simulation restarted
run 1000000000ns
DONE: random_bytes.txt generat
$finish called at time : 80000095 ns : File "C:/Users/Octa476/Desktop/Random_generator_module/random_generator_project/random_generator_project.srcs/sim_1/new/tb_design_random.v" Line 75
run: Time (s): cpu = 00:00:33 ; elapsed = 00:00:30 . Memory (MB): peak = 2548.559 ; gain = 0.000
close_sim
INFO: xsimkernel Simulation Memory Usage: 37620 KB (Peak: 37620 KB), Simulation CPU Usage: 19671 ms
INFO: [Simtcl 6-16] Simulation closed
exit
INFO: [Common 17-206] Exiting Vivado at Wed Dec 17 17:08:00 2025...
